-- MySQL dump 10.13  Distrib 8.0.20, for Linux (x86_64)
--
-- Host: localhost    Database: shade_app
-- ------------------------------------------------------
-- Server version	8.0.20

/*!40101 SET @OLD_CHARACTER_SET_CLIENT=@@CHARACTER_SET_CLIENT */;
/*!40101 SET @OLD_CHARACTER_SET_RESULTS=@@CHARACTER_SET_RESULTS */;
/*!40101 SET @OLD_COLLATION_CONNECTION=@@COLLATION_CONNECTION */;
/*!50503 SET NAMES utf8mb4 */;
/*!40103 SET @OLD_TIME_ZONE=@@TIME_ZONE */;
/*!40103 SET TIME_ZONE='+00:00' */;
/*!40014 SET @OLD_UNIQUE_CHECKS=@@UNIQUE_CHECKS, UNIQUE_CHECKS=0 */;
/*!40014 SET @OLD_FOREIGN_KEY_CHECKS=@@FOREIGN_KEY_CHECKS, FOREIGN_KEY_CHECKS=0 */;
/*!40101 SET @OLD_SQL_MODE=@@SQL_MODE, SQL_MODE='NO_AUTO_VALUE_ON_ZERO' */;
/*!40111 SET @OLD_SQL_NOTES=@@SQL_NOTES, SQL_NOTES=0 */;

--
-- Table structure for table `account_head`
--

DROP TABLE IF EXISTS `account_head`;
/*!40101 SET @saved_cs_client     = @@character_set_client */;
/*!50503 SET character_set_client = utf8mb4 */;
CREATE TABLE `account_head` (
  `id_account_head` int NOT NULL AUTO_INCREMENT,
  `code` varchar(100) DEFAULT NULL,
  `name` varchar(100) NOT NULL,
  `id_ledger_group` int NOT NULL,
  `opening_balance` double NOT NULL,
  `address` varchar(1000) DEFAULT NULL,
  `phone` varchar(300) DEFAULT NULL,
  `modified_by` varchar(100) DEFAULT NULL,
  `modified_date` datetime DEFAULT NULL,
  `title` varchar(500) DEFAULT NULL,
  PRIMARY KEY (`id_account_head`)
) ENGINE=MyISAM AUTO_INCREMENT=10046 DEFAULT CHARSET=latin1;
/*!40101 SET character_set_client = @saved_cs_client */;

--
-- Dumping data for table `account_head`
--

LOCK TABLES `account_head` WRITE;
/*!40000 ALTER TABLE `account_head` DISABLE KEYS */;
INSERT INTO `account_head` VALUES (31,'','KOVAI TRADERS',2,36977,NULL,NULL,'DESKTOP','2020-07-30 13:57:55',NULL),(23,'','JAFAR.BEYPORE',2,0,NULL,NULL,'DESKTOP','2020-07-08 10:14:27',NULL),(22,'','MUHAMMED.KELAKARAI',2,0,NULL,NULL,'DESKTOP','2020-07-08 10:14:27',NULL),(19,'','VMA.KOOTAPULLI',2,101719,NULL,NULL,'DESKTOP','2020-07-08 10:14:27',NULL),(18,'','OMF.KAMYAKUMARI',2,353147,NULL,NULL,'DESKTOP','2020-07-08 10:14:27',NULL),(16,'','JEROM(SJF)',2,155583,NULL,NULL,'DESKTOP','2020-07-15 19:38:58',NULL),(11,'','YSF.TUTUCORIN',2,37948,NULL,NULL,'DESKTOP','2020-07-08 10:14:27',NULL),(9,'','HANEEFA.N',3,-77475,NULL,NULL,'DESKTOP','2020-07-26 11:53:15',NULL),(32,'','SALEEM.THOPPUMPADI',2,-96350,NULL,NULL,'DESKTOP','2020-07-08 10:14:27',NULL),(30,'','YAGAPPAN .SVP SEAFOOD',2,17994,NULL,NULL,'DESKTOP','2020-07-08 10:14:27',NULL),(29,'','HASHIM THOPPUMPADI',2,0,NULL,NULL,'DESKTOP','2020-07-08 10:14:27',NULL),(28,'','BR SEAFOOD',2,0,NULL,NULL,'DESKTOP','2020-07-08 10:14:27',NULL),(27,'','AW SEAFOOD',2,0,NULL,NULL,'DESKTOP','2020-07-08 10:14:27',NULL),(26,'','MURALI KARAKKAD',2,-33425,NULL,NULL,'DESKTOP','2020-07-08 10:14:27',NULL),(25,'','LESSLIN',2,0,NULL,NULL,'DESKTOP','2020-07-08 10:14:27',NULL),(24,'','JAYANTHI(ZION)',2,0,NULL,NULL,'DESKTOP','2020-07-08 10:14:27',NULL),(21,'','RASHEED.PAPATU',3,-93016,NULL,NULL,'DESKTOP','2020-07-26 11:54:06',NULL),(20,'','JMJ.KANYAKUMARI',2,386401,NULL,NULL,'DESKTOP','2020-07-08 10:14:27',NULL),(17,'','JUSTUS.KANYAKUMARI',2,236730,NULL,NULL,'DESKTOP','2020-07-08 10:14:27',NULL),(15,'','RSF (RAJ SEA FOOD)',2,530414,NULL,NULL,'DESKTOP','2020-07-08 10:14:27',NULL),(14,'','CKM  MERCHACHANT',2,50707,NULL,NULL,'DESKTOP','2020-07-08 10:14:27',NULL),(13,'','ANTONY ASR .KANYAKUMARI',2,88898,NULL,NULL,'DESKTOP','2020-10-24 09:05:09','ANTONY ASR .KANYAKUMARI'),(12,'','AMMU SEAFOOD',2,500215,NULL,NULL,'DESKTOP','2020-07-08 10:14:27',NULL),(10,'','SHAKEER.T',3,6225,NULL,NULL,'DESKTOP','2020-07-26 11:53:35',NULL),(8,'','RISWAN SHAREEF.VADAKKAN',3,-153,NULL,NULL,'DESKTOP','2020-07-08 10:14:27',NULL),(7,'','SARBAS(MANU).K',3,15769,NULL,NULL,'DESKTOP','2020-07-08 10:14:27',NULL),(6,'','JAMAL.PAPATTU',3,64365,'','','ADMIN','2021-02-17 20:40:23','JAMAL.PAPATTU'),(5,'','MUBASHIR.PAPPATU',3,4150,NULL,NULL,'DESKTOP','2020-07-08 10:14:27',NULL),(4,'','ANAS.MANUTHODIKA',3,8951,NULL,NULL,'DESKTOP','2020-07-08 10:14:27',NULL),(3,'','ICHAVA(IRSHAD ALI).K',3,-8632,NULL,NULL,'DESKTOP','2020-07-08 10:14:27',NULL),(2,'','JABIR.PARAYIL',3,-3204,NULL,NULL,'DESKTOP','2020-07-08 10:14:27',NULL),(1,'','DESKTOP ACCOUNT',5,19491,NULL,NULL,'DESKTOP','2020-08-07 15:37:18',NULL),(10000,'','DELETE',10001,0,'','9847585777','ADMIN','2021-01-23 03:27:22','DELETE'),(33,'','BANGLORE MARCKET',2,0,NULL,NULL,'DESKTOP','2020-10-28 14:12:20','BANGLORE MARCKET'),(34,'','OFFICE EXPENSES',11,0,'','','DESKTOP','2021-01-23 16:40:08','OFFICE EXPENSES'),(35,'','AST .NAGAPATTANAM',2,0,NULL,NULL,'DESKTOP','2020-07-08 10:14:27',NULL),(36,'','ESHWER ',2,0,NULL,NULL,'DESKTOP','2020-07-08 10:14:27',NULL),(37,'','MADHU ANDAMAN',2,-191200,NULL,NULL,'DESKTOP','2020-07-08 10:14:27',NULL),(38,'','COMMISION',4,0,NULL,NULL,'DESKTOP','2020-07-08 10:14:27',NULL),(39,'','LELAM',4,0,NULL,NULL,'DESKTOP','2020-07-08 10:14:27',NULL),(40,'','FREIGHT',4,0,NULL,NULL,'DESKTOP','2020-07-08 10:14:27',NULL),(41,'','OTHER EXPENSES',4,0,NULL,NULL,'DESKTOP','2020-07-08 10:14:27',NULL),(10001,'','MARIA AQUACON PRIVATE LIMITTED',7,0,'MARIA STREET . KANYAKUMARI (DIST). TAMIL NADU KANYAKUMARI','89490183511','ADMIN','2020-07-08 22:54:37',NULL),(10002,'','RHS FOOD AND STUFF TRADING LLC',8,-16848.2,'RHS FOOD STUFF TRADING LLC.\nPO BOX NO: 39694\nDUBAI FISH MARKET \nUNITED ARAB EMIRATES','0096656271184','ADMIN','2021-02-20 04:56:14','RHS FOOD AND STUFF TRADING LLC'),(10032,'','AIRWAY FLIGHT CHARGE',6,0,'','','ADMIN','2020-09-12 08:41:07',NULL),(10003,'','ICICI BANK  KOTAKKAL',5,-11975,'ICIC BANK \nKOTAKKAL BRANCH\nA/C NO:094205000631\nACCOUNT : CURRENT\nIFSC: ICIC0000942\nSWIFT :ICICNBBCTS\nICICI BANK .PLAZA TOWER.MAIN ROAD , KOTAKKAL ','','ADMIN','2020-07-08 23:50:08',NULL),(10004,'','CASH ACCOUNT',5,-30880,'CASH IN HAND','9847500599','ADMIN','2020-07-08 23:51:58',NULL),(10005,'','AKBAR EXPORESS   CARGO NEDUMBASSERY',6,0,'AKBAR EXPRESS CARGO .KOCHIN','9388112821','ADMIN','2020-07-09 01:00:00',NULL),(10006,'',' NAVKIASHAN CARGO  NEDUMBASSERY',6,0,'NAV KISHAN CARGO  CLEARING AND FORWARDING AGENCY . NEDUMBASSERY','9645913338','ADMIN','2020-07-09 01:00:12',NULL),(42,'','JUDE',2,0,NULL,NULL,'DESKTOP','2020-07-10 16:21:08',NULL),(10007,'','INDUS LOGISTICS TRIVANDRUM',6,0,'TRIVANDRUM INTERNATIONAL  AIRPORT.','9447176797','ADMIN','2020-07-13 07:32:20',NULL),(10008,'','STOP AND GO  MERCHANTS',8,-300000,'HEATHROW LONDON','','ADMIN','2020-07-14 23:00:26',NULL),(10009,'','MESHAL IBRAHIM AL JAHDALI TRADING EST',8,-78837.25,'CR NO: 4030156275\nPO BOX NO: 3026\nCENTRAL FISH MARKET.JEDDAH\nSAUDI  ARABIA\n','00966562671184','ADMIN','2021-02-20 05:10:51','MESHAL IBRAHIM AL JAHDALI TRADING EST'),(10010,'','CONVERSION ACCOUNT',5,0,'','','ADMIN','2020-07-14 23:20:01',NULL),(10012,'','BANK CHARGES',11,0,'','','ADMIN','2021-01-23 03:24:37','BANK CHARGES'),(43,'','FOOD EXPENSES',11,0,'','','ADMIN','2021-01-23 03:28:47','FOOD EXPENSES'),(44,'','PETROL EXPENSES',11,0,'','','ADMIN','2021-01-23 03:31:01','PETROL EXPENSES'),(45,'','OTHER EXPENSES',11,0,'','','ADMIN','2021-01-23 03:30:24','OTHER EXPENSES'),(46,'','SHIHAS',3,10000,'','9645003672','ADMIN','2021-02-17 04:35:43','SHIHAS'),(10014,'','FREIGHT EXPENSE',10,0,'','','ADMIN','2020-07-22 08:46:49',NULL),(10023,'','BANK DEPOSITS EXPENSES',11,0,'','','ADMIN','2021-01-23 03:25:01','BANK DEPOSITS EXPENSES'),(47,'','VEHICLE MAINTENANCE',11,0,'','','ADMIN','2021-01-23 03:32:12','VEHICLE MAINTENANCE'),(48,'','PACKING CHARGE OUTSAID',3,0,NULL,NULL,'DESKTOP','2020-07-26 14:11:34',NULL),(49,'','BIKE PETROL',11,0,'','','DESKTOP','2021-01-23 16:44:48','BIKE PETROL'),(50,'','BS MERCHANT .VIYINJAM',2,135802,NULL,NULL,'DESKTOP','2021-01-20 16:19:37','BS MERCHANT .VIYINJAM'),(10015,'','HEALTH AND Q CERTIFICATES',6,0,'','','ADMIN','2020-08-29 03:33:33',NULL),(10017,'','DISCOUNT ALLOWED ACCOUNT',5,0,'','','ADMIN','2020-08-02 23:48:19',NULL),(10018,'','DISCOUNT RECIEVED ACCOUNT',5,0,'','','ADMIN','2020-08-02 23:48:39',NULL),(10019,'','HYBRID INTERNATIONAL CARGO .CALICUT',6,141940,'KARIPPPOOR  AIRPORT . CALICUT','9847585777','ADMIN','2020-08-03 05:10:47',NULL),(10020,'','NEYTHAL INDUSTRIES',2,2665,'KANYAKUMARI','','ADMIN','2020-08-03 05:10:10',NULL),(51,'','ICE PURCHASE',2,0,NULL,NULL,'DESKTOP','2020-08-05 20:54:49',NULL),(10029,'','SHARE DIVIDENT EXPENSES',11,0,'','','ADMIN','2021-01-22 07:46:15','SHARE DIVIDENT EXPENSES'),(10024,'','MISCELLENIOUS EXPENSES',11,0,'','','ADMIN','2020-11-02 06:11:58','MISCELLENIOUS EXPENSES'),(10025,'','RECHARGES AND UPDATES EXPENSES',11,0,'','','ADMIN','2021-01-23 03:40:16','RECHARGES AND UPDATES EXPENSES'),(10026,'','JUSTIN COVER .THOOTHUKUDI',2,-6180,'Tutucorin','','ADMIN','2020-08-12 22:25:17',NULL),(10027,'','ROOM RENT',11,0,'AREETHALA . OFFICE','','ADMIN','2021-01-23 03:39:55','ROOM RENT'),(10028,'','AL NILE IMPORT & EXPORT OF FISH AND FOOD STUFF',8,0,'PO BOX NO:1110.UMM AL QUAWIN \nUNITED ARAB EMIRATES\nPH:00971509213535','00971509213535','ADMIN','2020-10-26 07:00:35','AL NILE IMPORT & EXPORT OF FISH AND FOOD STUFF'),(52,'','VEHICLE MAINTENANCE FORCE SHAKTIMAN',11,0,'','','ADMIN','2021-01-23 03:33:07','VEHICLE MAINTENANCE FORCE SHAKTIMAN'),(53,'','VEHICLE MAINTENANCE DOST SHABEEB',11,0,'','','ADMIN','2021-01-23 03:32:45','VEHICLE MAINTENANCE DOST SHABEEB'),(54,'','VEHICLE MAINTENANCE DOST CONTAINER',11,0,'','','ADMIN','2021-01-23 03:32:29','VEHICLE MAINTENANCE DOST CONTAINER'),(55,'','BIKE MAINTENANCE',11,0,'','','ADMIN','2021-01-23 03:25:33','BIKE MAINTENANCE'),(10030,'','SHARE TEMPORORY  INVESTMENT ',10002,62000,'','','ADMIN','2021-01-22 07:48:08','SHARE TEMPORORY  INVESTMENT '),(56,'','RAYYAN RAJA',2,0,NULL,NULL,'DESKTOP','2020-09-05 20:38:53',NULL),(10031,'','OTHER INCOME',10001,0,'','','ADMIN','2020-09-12 06:46:57',NULL),(57,'','TAPROLL PARCHASE',2,0,NULL,NULL,'DESKTOP','2020-09-14 22:35:54',NULL),(58,'','RAJA JEYAM',2,0,NULL,NULL,'DESKTOP','2020-09-16 22:49:37',NULL),(59,'','G KUMAR  KANNIYAKUMARI',2,0,NULL,NULL,'DESKTOP','2020-10-12 14:26:50',NULL),(60,'','MRM  NAGARAJ ',2,0,NULL,NULL,'DESKTOP','2020-10-17 10:42:47',NULL),(61,'','SSF IDINTHIKARAI',2,0,NULL,NULL,'DESKTOP','2020-09-18 20:28:03',NULL),(62,'','POWER PAX (TAPROLL)',2,0,NULL,NULL,'DESKTOP','2020-09-24 15:46:13',NULL),(10033,'','TEST',3,-1000,'','','ADMIN','2020-09-26 01:28:08',NULL),(10034,'','VEHICHLE MAINTANANCE BOLERO PICK UP XL',11,0,'','','ADMIN','2020-11-02 06:09:44','VEHICHLE MAINTANANCE BOLERO PICK UP XL'),(63,'','BANGALORE MARKET',2,0,NULL,NULL,'DESKTOP','2021-01-24 12:05:29','BANGALORE MARKET'),(64,'','SHORT CASH',1,0,NULL,NULL,'DESKTOP','2020-09-28 11:13:24',NULL),(65,'','DIESEL EXP',11,0,'','','ADMIN','2021-01-23 03:26:46','DIESEL EXP'),(66,'','BANGLORE EXPECE',1,0,NULL,NULL,'DESKTOP','2020-09-30 13:40:40',NULL),(67,'','ELECTRICITY BILL',11,0,'','','ADMIN','2021-01-23 03:27:50','ELECTRICITY BILL'),(10035,'','PARTNERS  DIVIDENT FOR INVOICE',6,80000,'shakeer told towards october to take care for each consignment','','ADMIN','2020-10-02 02:27:25',NULL),(10036,'','PRINTING AND MECHINARY EXP',11,0,'','','ADMIN','2021-01-23 03:39:32','PRINTING AND MECHINARY EXP'),(10037,'','COMPANY BUSINESS TRIP AND TRAVELL',11,0,'','','ADMIN','2021-01-23 03:26:09','COMPANY BUSINESS TRIP AND TRAVELL'),(68,'','DERRICK JUDE ',2,0,NULL,NULL,'DESKTOP','2020-10-21 12:51:05',NULL),(69,'','DERRICK ',2,0,NULL,NULL,'DESKTOP','2020-10-21 12:52:15',NULL),(10038,'','AK EXIM INC',7,0,'NO:49.BALAJI NAGAR 3rd STREET, KORATTUR, CHENNAI. 600 076.TAMIL NADU. INDIA','','ADMIN','2020-10-23 02:59:51','AkE'),(10039,'','AL NILE IMPORT AND EXPORTS (FAROOK) ',8,0,'FISH AND FOOD STUFF, PO BOX NO:1110.UMM AL QUAWIN. UNITED ARAB EMIRATES. ','','ADMIN','2020-10-29 00:47:38','AL NILE IMPORT AND EXPORTS'),(70,'','CREDIT CARD HDFC',5,0,NULL,NULL,'DESKTOP','2020-10-25 11:56:46','CREDIT CARD HDFC'),(71,'','OUTSAID SHARE',9,0,NULL,NULL,'DESKTOP','2020-10-25 12:51:36','OUTSAID SHARE'),(72,'','LABOUR & ICE',4,0,NULL,NULL,'DESKTOP','2020-11-09 17:21:44','LABOUR & ICE'),(73,'','LABOUR',4,0,NULL,NULL,'DESKTOP','2020-10-25 14:07:55','LABOUR'),(74,'','MARCKET FISH',2,0,NULL,NULL,'DESKTOP','2020-10-28 12:11:47','MARCKET FISH'),(10040,'','SAHAD KUNHU',3,4600,'','','ADMIN','2020-11-02 06:25:43','SAHAD KUNHU'),(75,'','SS TRADERS TAP',2,0,NULL,NULL,'DESKTOP','2020-11-06 12:20:23','SS TRADERS TAP'),(76,'','MARIA AQUA',2,0,NULL,NULL,'DESKTOP','2020-11-12 11:56:02','MARIA AQUA'),(10041,'','DB RETURN',1,0,'','','ADMIN','2020-11-17 00:39:04','DB RETURN'),(10042,'','AIRPORT CLEARING CHARGES',11,0,'','','ADMIN','2020-12-10 21:52:56','AIRPORT CLEARING CHARGES'),(10043,'','HDFC BANK CHEMMAD',5,0,'','','ADMIN','2020-12-12 07:51:19','HDFC BANK CHEMMAD'),(80,'','ROTATION KANYAKUMARI',1,0,NULL,NULL,'DESKTOP','2021-01-20 12:45:28','ROTATION KANYAKUMARI'),(79,'','GODOWN WORK KANYAKUMARI',11,0,'','','ADMIN','2021-01-23 03:29:06','GODOWN WORK KANYAKUMARI'),(78,'','MAINTANANCE TULAAS',11,0,'','','ADMIN','2021-01-23 03:29:42','MAINTANANCE TULAAS'),(77,'','MARCOS COLACHEL',2,0,NULL,NULL,'DESKTOP','2020-12-18 07:07:24','MARCOS COLACHEL'),(10044,'','EXPENSES FOR BANGLORE MARKET',1,0,'','','ADMIN','2021-03-01 00:06:46','EXPENSES FOR BANGLORE MARKET'),(10045,'','FISH HUB .BANGLORE',1,0,'','','ADMIN','2021-02-21 20:51:34','FISH HUB .BANGLORE');
/*!40000 ALTER TABLE `account_head` ENABLE KEYS */;
UNLOCK TABLES;

--
-- Table structure for table `account_voucher`
--

DROP TABLE IF EXISTS `account_voucher`;
/*!40101 SET @saved_cs_client     = @@character_set_client */;
/*!50503 SET character_set_client = utf8mb4 */;
CREATE TABLE `account_voucher` (
  `id_account_voucher` int NOT NULL AUTO_INCREMENT,
  `id_ledger_from` int NOT NULL,
  `id_ledger_to` int NOT NULL,
  `date` datetime NOT NULL,
  `description` varchar(400) NOT NULL,
  `rate` double NOT NULL,
  `amount` double NOT NULL,
  `type` varchar(80) NOT NULL,
  `voucher_no` int NOT NULL,
  `id_invoice` int NOT NULL,
  PRIMARY KEY (`id_account_voucher`)
) ENGINE=InnoDB AUTO_INCREMENT=1381 DEFAULT CHARSET=utf8mb4 COLLATE=utf8mb4_0900_ai_ci;
/*!40101 SET character_set_client = @saved_cs_client */;

--
-- Dumping data for table `account_voucher`
--

LOCK TABLES `account_voucher` WRITE;
/*!40000 ALTER TABLE `account_voucher` DISABLE KEYS */;
INSERT INTO `account_voucher` VALUES (1,10005,0,'2020-07-01 00:00:00','FLIGHT',145,160225,'Receipt',1,1),(3,10004,30,'2020-07-13 00:00:00','By bank',0,70000,'Payment',0,0),(4,10004,20,'2020-07-13 00:00:00','By bank',0,49900,'Payment',0,0),(5,10004,16,'2020-07-13 00:00:00','By bank',0,200000,'Payment',0,0),(6,10004,12,'2020-07-13 00:00:00','By bank',0,50000,'Payment',0,0),(7,10004,15,'2020-07-13 00:00:00','By bank',0,70000,'Payment',0,0),(8,10004,18,'2020-07-13 00:00:00','By bank',0,40000,'Payment',0,0),(9,10004,11,'2020-07-13 00:00:00','By bank',0,70000,'Payment',0,0),(10,10004,10007,'2020-07-13 00:00:00','By bank',0,150000,'Payment',0,0),(18,10007,0,'2020-07-08 00:00:00','DSP',1357,1357,'Receipt',1,3),(21,10007,0,'2020-07-08 00:00:00','FREIGHT CHARGE',145,160225,'Receipt',1,3),(27,10010,10004,'2020-07-12 00:00:00','sunday',0,724650,'Transfer',0,0),(28,10004,10,'2020-07-13 00:00:00','By hand',0,5000,'Payment',0,0),(30,10010,10004,'2020-07-21 00:00:00','15000',0,1088000,'Transfer',0,0),(31,10004,16,'2020-07-21 00:00:00','by iob',0,200000,'Payment',0,0),(32,10004,31,'2020-07-21 00:00:00','box payment',0,70000,'Payment',0,0),(33,10004,11,'2020-07-21 00:00:00','by bank',0,100000,'Payment',0,0),(34,10004,42,'2020-07-21 00:00:00','fully paid',0,10500,'Payment',0,0),(35,10004,5,'2020-07-21 00:00:00','office',0,8000,'Payment',0,0),(36,10004,4,'2020-07-21 00:00:00','by  hand',0,1000,'Payment',0,0),(37,10004,17,'2020-07-22 00:00:00','BY TRANSFER',0,20000,'Payment',0,0),(38,10004,30,'2020-07-22 00:00:00','BY TRANSFER',0,40000,'Payment',0,0),(39,10004,18,'2020-07-22 00:00:00','BY TRANSFER',0,20000,'Payment',0,0),(40,10004,20,'2020-07-22 00:00:00','BY TANSFER',0,20000,'Payment',0,0),(41,10004,10007,'2020-07-22 00:00:00','BY TRANSFER',0,170000,'Payment',0,0),(42,10004,21,'2020-07-22 00:00:00','BY OFFICE FOR EXP',0,15000,'Payment',0,0),(43,10004,7,'2020-07-13 00:00:00','by jamal hand',0,15000,'Payment',0,0),(45,10010,10004,'2020-07-26 00:00:00','6000',0,430650,'Transfer',0,0),(46,10004,16,'2020-07-27 00:00:00','BY IOB BANK',0,100000,'Payment',0,0),(47,10004,11,'2020-07-27 00:00:00','BY CDM',0,49500,'Payment',0,0),(48,10004,2,'2020-07-26 00:00:00','USTAD KURI CASH',0,11250,'Payment',0,0),(50,10004,10,'2020-07-26 00:00:00','by office shihas',0,10000,'Payment',0,0),(51,10007,0,'2020-07-11 00:00:00','flight',189132,189132,'Receipt',1,4),(52,10007,0,'2020-07-17 00:00:00','flight',155782,155782,'Receipt',1,5),(65,10002,10010,'2020-07-26 00:00:00','by hand',0,6000,'Receipt',0,0),(66,10002,10010,'2020-07-15 00:00:00','by hand',0,10000,'Receipt',0,0),(69,10018,42,'2020-08-03 00:00:00','balance clear',0,50,'Payment',0,0),(71,10004,10,'2020-07-30 00:00:00','BY OFFICE EID',0,2000,'Payment',0,0),(72,10004,4,'2020-07-30 00:00:00','FOR GOLD ADVANCE',0,8000,'Payment',0,0),(73,10008,10004,'2020-07-15 00:00:00','LONDON SHIPMENT',0,300000,'Receipt',0,0),(74,10004,10019,'2020-07-29 00:00:00','BY TRANSFER ',0,50000,'Payment',0,0),(78,10007,0,'2020-08-05 00:00:00','Dsp',1357,1357,'Receipt',1,6),(88,10007,0,'2020-08-05 00:00:00','Flight',145,156600,'Receipt',1,6),(89,10004,10007,'2020-08-05 00:00:00','prathap personal',0,50000,'Payment',0,0),(111,1,10014,'2020-07-01 00:00:00','MA036',0,2222,'Payment',0,0),(114,1,10014,'2020-08-05 00:00:00','MA064/20-21',0,6830,'Payment',0,0),(115,10004,10003,'2020-08-06 00:00:00','shakeer',0,5000,'Transfer',0,0),(116,10003,25,'2020-08-06 00:00:00','by net bank',0,2000,'Payment',0,0),(118,10004,1,'2020-07-07 00:00:00','BY TRANSFER NB',0,6500,'Transfer',0,0),(119,10004,1,'2020-07-11 00:00:00','BY TRANSFER NB',0,10000,'Transfer',0,0),(120,10004,1,'2020-07-15 00:00:00','FOR BOX FREIGHT',0,11500,'Transfer',0,0),(121,10004,1,'2020-07-17 00:00:00','BY TRANSFER',0,12000,'Transfer',0,0),(122,10004,1,'2020-07-20 00:00:00','BY TRANSFER FOR EXP',0,4000,'Transfer',0,0),(123,10004,1,'2020-07-27 00:00:00','BY JABI  & JAMALHAND FOR KANYAKUMARI',0,10000,'Transfer',0,0),(124,10004,16,'2020-07-10 00:00:00','BY IOB BANK',0,100000,'Payment',0,0),(125,10004,11,'2020-07-10 00:00:00','BY SBI',0,100000,'Payment',0,0),(126,10004,15,'2020-07-10 00:00:00','BY  INDIAN BANK',0,50000,'Payment',0,0),(127,10004,10005,'2020-07-01 00:00:00','MA036 /20-21 PAYMENT',0,160225,'Payment',0,0),(129,10004,1,'2020-08-04 00:00:00','BY NET TRANSFER',0,8000,'Transfer',0,0),(130,10004,10023,'2020-07-13 00:00:00','car diesel',0,200,'Payment',0,0),(131,10004,10023,'2020-07-27 00:00:00','bike petrol and lunch',0,270,'Payment',0,0),(132,10004,10023,'2020-07-20 00:00:00','bike prtrol ktkl',0,200,'Payment',0,0),(133,10004,10024,'2020-07-27 00:00:00','EPSON INK',0,350,'Payment',0,0),(134,10004,10024,'2020-07-27 00:00:00','MEASURING THULAS',0,2900,'Payment',0,0),(136,10004,10024,'2020-07-27 00:00:00','SANITISER 2 BOTTLE',0,2500,'Payment',0,0),(137,10004,10025,'2020-07-27 00:00:00','NET  CONECTION JULY',0,680,'Payment',0,0),(138,10004,10025,'2020-08-02 00:00:00','SERVER FOR NEXT 1 YEAR',0,8400,'Payment',0,0),(139,10004,10023,'2020-08-04 00:00:00','PARKING AND DRINK',0,110,'Payment',0,0),(140,10003,1,'2020-08-08 00:00:00','w/l for exp ',0,3000,'Transfer',0,0),(142,10002,10010,'2020-08-11 00:00:00','$8000',0,8000,'Receipt',0,0),(143,10010,10004,'2020-08-11 00:00:00','$8000',0,581400,'Transfer',0,0),(144,10004,16,'2020-08-11 00:00:00','IOB BANK',0,70000,'Payment',0,0),(145,10004,12,'2020-08-11 00:00:00','ICICI BANK',0,20000,'Payment',0,0),(146,10004,15,'2020-08-11 00:00:00','ICICI BANK',0,20000,'Payment',0,0),(148,10004,20,'2020-08-11 00:00:00','IOB BANK',0,20000,'Payment',0,0),(149,10004,19,'2020-08-11 00:00:00','IOB BANK',0,20000,'Payment',0,0),(150,10004,11,'2020-08-11 00:00:00','SBI BANK',0,110000,'Payment',0,0),(151,10004,33,'2020-08-11 00:00:00','COVER PAYMENT NB',0,28780,'Payment',0,0),(152,10004,18,'2020-08-11 00:00:00','BY NB',0,20000,'Payment',0,0),(153,10004,30,'2020-08-11 00:00:00','SIB BANK',0,49990,'Payment',0,0),(164,10004,10007,'2020-08-11 00:00:00','BY NB',0,140000,'Payment',0,0),(167,10004,1,'2020-08-11 00:00:00','JABI W/L',0,10000,'Transfer',0,0),(169,10004,10023,'2020-08-11 00:00:00','PETROL AND TEA',0,150,'Payment',0,0),(170,10004,11,'2020-08-12 00:00:00','SBI',0,40000,'Payment',0,0),(172,10007,0,'2020-08-13 00:00:00','DSP',1357,1357,'Receipt',1,7),(174,10018,25,'2020-08-13 00:00:00','Closed',0,67,'Payment',0,0),(175,10004,1,'2020-08-14 00:00:00','FOR AIRPORT EXP',0,9000,'Transfer',0,0),(178,1,10014,'2020-08-12 00:00:00','MA071/20-21',0,5430,'Payment',0,0),(179,10004,1,'2020-07-05 00:00:00','atl to kanyakumari',0,10000,'Transfer',0,0),(180,10,10003,'2020-08-17 00:00:00','hc dxb MA080',0,8000,'Receipt',0,0),(188,10007,0,'2020-08-18 00:00:00','DSP',1357,1357,'Receipt',1,8),(189,10007,0,'2020-08-18 00:00:00','Flight',145,147175,'Receipt',1,8),(190,10007,0,'2020-08-13 00:00:00','Flight',145,141375,'Receipt',1,7),(191,10002,10010,'2020-08-19 00:00:00','8000 USD',0,8000,'Receipt',0,0),(192,10010,10004,'2020-08-19 00:00:00','8000$',0,583100,'Transfer',0,0),(193,10004,16,'2020-08-19 00:00:00','IOB',0,100000,'Payment',0,0),(194,10004,18,'2020-08-19 00:00:00','UNION BANK',0,20000,'Payment',0,0),(195,10004,30,'2020-08-19 00:00:00','SIB',0,60000,'Payment',0,0),(196,10004,20,'2020-08-19 00:00:00','CDM IOB',0,30000,'Payment',0,0),(197,10004,15,'2020-08-19 00:00:00','ICICI',0,20000,'Payment',0,0),(198,10004,17,'2020-08-19 00:00:00','ICICI',0,20000,'Payment',0,0),(199,10004,19,'2020-08-19 00:00:00','CDM IOB',0,48500,'Payment',0,0),(200,10004,1,'2020-08-19 00:00:00','DOST BODY NEW',0,20000,'Transfer',0,0),(202,10004,10023,'2020-08-19 00:00:00','CAR DIESL',0,250,'Payment',0,0),(203,10004,41,'2020-08-19 00:00:00','ZAKA',0,25000,'Payment',0,0),(204,10004,41,'2020-08-19 00:00:00','DIVID SHARE JULY',0,18000,'Payment',0,0),(205,10004,10007,'2020-08-19 00:00:00','NET TRANSFER ICICI',0,150000,'Payment',0,0),(206,10004,28,'2020-08-19 00:00:00','NET TRANSFER ICICI',0,18000,'Payment',0,0),(207,10004,10,'2020-08-19 00:00:00','RE PAID HEALTH CASH MA080/2021',0,8000,'Payment',0,0),(208,10004,1,'2020-08-19 00:00:00','KANYAKUMARI EXP ATM',0,10000,'Transfer',0,0),(210,1,10014,'2020-08-19 00:00:00','MA080/20-21',0,4901,'Payment',0,0),(221,10004,21,'2020-08-20 00:00:00','his exp office',0,3000,'Payment',0,0),(222,10004,10025,'2020-08-20 00:00:00','net for augest',0,650,'Payment',0,0),(223,10004,2,'2020-08-21 00:00:00','yunus ustad kuri ',0,12500,'Payment',0,0),(224,10004,16,'2020-08-21 00:00:00','via CDM kolappuram',0,100000,'Payment',0,0),(226,10007,0,'2020-08-22 00:00:00','Flight',145,189225,'Receipt',1,9),(227,10007,0,'2020-08-22 00:00:00','DSP',1357,1357,'Receipt',1,9),(228,1,10014,'2020-08-22 00:00:00','Ma089',0,9965,'Payment',0,0),(229,10009,10009,'2020-08-23 00:00:00','to old balance',0,5000,'Receipt',0,0),(230,10010,10004,'2020-08-23 00:00:00','$5000',0,365500,'Transfer',0,0),(231,10004,16,'2020-08-24 00:00:00','by  IOB AND haneefa account',0,300000,'Payment',0,0),(232,10004,10007,'2020-08-24 00:00:00','By net bank',0,150000,'Payment',0,0),(234,10007,0,'2020-08-25 00:00:00','Flight',145,157325,'Receipt',1,12),(235,10007,0,'2020-08-25 00:00:00','DSP',1357,1357,'Receipt',1,12),(236,10004,34,'2020-08-26 00:00:00','old payment ',0,8437,'Payment',0,0),(245,10004,1,'2020-08-24 00:00:00','By anas kanyakumari',0,18710,'Transfer',0,0),(246,1,10014,'2020-08-26 00:00:00','MA092/alnile',0,6387,'Payment',0,0),(249,10004,16,'2020-08-27 00:00:00','by cdm sbi and iob',0,184000,'Payment',0,0),(250,10004,30,'2020-08-27 00:00:00','by sib',0,49990,'Payment',0,0),(251,10004,11,'2020-08-27 00:00:00','by cdm sbi',0,48000,'Payment',0,0),(252,10004,15,'2020-08-27 00:00:00','icici',0,30000,'Payment',0,0),(253,10004,10007,'2020-08-27 00:00:00','by net bank',0,150000,'Payment',0,0),(254,10003,1,'2020-08-27 00:00:00','Atm wl',0,10000,'Transfer',0,0),(256,10010,10010,'2020-08-27 00:00:00','8082.99',0,600000,'Transfer',0,0),(257,10028,10010,'2020-08-26 00:00:00','advance payment',0,8082.99,'Receipt',0,0),(258,10007,0,'2020-08-28 00:00:00','Flight',145,194300,'Receipt',1,13),(259,10007,0,'2020-08-28 00:00:00','DSP',1357,1357,'Receipt',1,13),(260,10004,1,'2020-08-28 00:00:00','ATM W/L',0,10000,'Transfer',0,0),(262,1,10014,'2020-08-28 00:00:00','MA098 AL NILE',0,5620,'Payment',0,0),(263,10004,53,'2020-07-27 00:00:00','DOOR LOCK .RAMETTAN KLPM',0,500,'Payment',0,0),(264,10004,54,'2020-08-26 00:00:00','MADURAI DOST AND DOST WORK SHOPE BILL',0,55000,'Payment',0,0),(265,10004,10025,'2020-08-28 00:00:00','SOFTWARE SECOND PAYMENT',0,60000,'Payment',0,0),(266,10004,54,'2020-08-27 00:00:00','INSURANCE NEW INDIA',0,19000,'Payment',0,0),(267,10015,0,'2020-07-01 00:00:00','HC',11500,11500,'Receipt',1,1),(268,10015,0,'2020-07-07 00:00:00','HC',11500,11500,'Receipt',1,3),(270,10015,0,'2020-07-17 00:00:00','HC',11500,11500,'Receipt',1,5),(271,10015,0,'2020-08-04 00:00:00','HC',11500,11500,'Receipt',1,6),(273,10015,0,'2020-08-13 00:00:00','HC',11500,11500,'Receipt',1,7),(274,10015,0,'2020-08-18 00:00:00','HC',11500,11500,'Receipt',1,8),(275,10015,0,'2020-08-22 00:00:00','HC',11500,11500,'Receipt',1,9),(276,10015,0,'2020-08-25 00:00:00','HC',11500,11500,'Receipt',1,12),(277,10015,0,'2020-08-28 00:00:00','HC',11500,11500,'Receipt',1,13),(279,10004,10015,'2020-07-10 00:00:00','ENAM SEAFOOD',0,20000,'Payment',0,0),(280,10004,10015,'2020-07-17 00:00:00','ENAM SEAFOOD',0,8000,'Payment',0,0),(281,10004,10015,'2020-08-04 00:00:00','ENAM SEAFOOD',0,8000,'Payment',0,0),(282,10004,10015,'2020-08-11 00:00:00','ENAM SEAFOOD',0,8000,'Payment',0,0),(283,10004,10015,'2020-08-17 00:00:00','ENAM SEAFOOD',0,8000,'Payment',0,0),(284,10004,10015,'2020-08-20 00:00:00','ENAM SEAFOOD',0,10000,'Payment',0,0),(285,10004,10015,'2020-08-22 00:00:00','ENAM ACCOUNT CLOSED',0,8000,'Payment',0,0),(286,10004,10015,'2020-08-26 00:00:00','ENAM SEAFOOD',0,10000,'Payment',0,0),(287,10004,10015,'2020-08-28 00:00:00','ENAM SEAFOOD',0,10000,'Payment',0,0),(288,10015,0,'2020-07-11 00:00:00','HC',11500,11500,'Receipt',1,4),(290,10004,50,'2020-07-06 00:00:00','EXEPCT LONDON SHIPMENT',0,23000,'Payment',0,0),(291,10004,10015,'2020-07-06 00:00:00','ENAM 2 INVOICE',0,21000,'Payment',0,0),(292,10010,10004,'2020-08-26 00:00:00','$ 8089 AL NILE ADVANCE CASH AND INVOICE AMOUNT',0,600000,'Transfer',0,0),(293,10004,54,'2020-08-29 00:00:00','DOST AND DOST DELIVERY CHARGE KANYAKUMARI',0,5850,'Payment',0,0),(294,10004,10024,'2020-08-27 00:00:00','NEW TAB KANYAKUMARI(4G SOLUTION)',0,4500,'Payment',0,0),(295,10004,54,'2020-08-26 00:00:00','TAX PAID PHEONIX DS',0,6000,'Payment',0,0),(296,10004,52,'2020-08-29 00:00:00','TN PERMIT FOR 1 MONTH',0,2500,'Payment',0,0),(297,10004,10023,'2020-08-29 00:00:00','CHEMMAD PHEONIX AND BANK',0,100,'Payment',0,0),(298,10004,10024,'2020-08-24 00:00:00','BOLERO LOOKING TRISURE DIESEL+FOOD',0,1410,'Payment',0,0),(299,10004,10024,'2020-08-14 00:00:00','BOX DROP BEYPORE',0,250,'Payment',0,0),(300,10004,53,'2020-08-26 00:00:00','PAYMENT BY BABU BROTHER HAND',0,100000,'Payment',0,0),(301,10004,10025,'2020-08-16 00:00:00','AUGEST NET',0,680,'Payment',0,0),(302,10004,10029,'2020-08-19 00:00:00','JULY  FOR ALL =1000*18',0,18000,'Payment',0,0),(303,10004,10024,'2020-08-19 00:00:00','ZAKATH RAMZAN',0,25000,'Payment',0,0),(304,10004,10012,'2020-07-13 00:00:00','CAR DIESEL',0,200,'Payment',0,0),(305,10004,10023,'2020-07-21 00:00:00','CHEMAD AND KOTAKAL FOOD DIESEL',0,280,'Payment',0,0),(306,10015,0,'2020-08-29 00:00:00','hc',11500,11500,'Receipt',1,14),(307,10004,10015,'2020-08-29 00:00:00','Enam sea food',0,8000,'Payment',0,0),(308,10004,1,'2020-08-29 00:00:00','VIA ATM W*/L ANAS',0,4000,'Transfer',0,0),(309,10015,0,'2020-08-31 00:00:00','hc',11500,11500,'Receipt',1,15),(310,10028,10010,'2020-08-31 00:00:00','by hand',0,6837.13,'Receipt',0,0),(311,10010,10004,'2020-08-31 00:00:00','$6837.13',0,500000,'Transfer',0,0),(312,10004,16,'2020-08-31 00:00:00','CDM SBI PGDI',0,48500,'Payment',0,0),(313,10004,10015,'2020-08-31 00:00:00','AL NILE MA102/20-21',0,11500,'Payment',0,0),(314,10004,10023,'2020-08-31 00:00:00','CDM PGDI CAR',0,150,'Payment',0,0),(315,10004,54,'2020-08-31 00:00:00','NEW BODY AND FITTING WORK  TRANSFER .NAGARCOVIL ',0,16500,'Payment',0,0),(316,10004,1,'2020-08-31 00:00:00','ANAS & HANEEFA COCHIN AIRPORT TRANSFER ',0,7000,'Transfer',0,0),(317,10004,21,'2020-08-31 00:00:00','ASHIQUE AT OFFICE',0,2000,'Payment',0,0),(318,10004,6,'2020-08-31 00:00:00','Mubashir@ home',0,5000,'Payment',0,0),(319,10007,0,'2020-08-31 00:00:00','Flight',145,145435,'Receipt',1,14),(320,10007,0,'2020-08-31 00:00:00','DSP',1357,1357,'Receipt',1,14),(323,10004,15,'2020-09-01 00:00:00','By icici cdm',0,49500,'Payment',0,0),(324,10004,16,'2020-09-01 00:00:00','By IOB cdm',0,176500,'Payment',0,0),(325,10004,10007,'2020-09-01 00:00:00','By net transfee',0,150000,'Payment',0,0),(326,10004,10023,'2020-09-01 00:00:00','Diesel car,  drink',0,150,'Payment',0,0),(327,10004,1,'2020-08-31 00:00:00','from kochin haneefa  and anas w/l',0,6000,'Transfer',0,0),(329,10004,1,'2020-09-01 00:00:00','ATM W/L TVM .RASHEED&RISWAN',0,6000,'Transfer',0,0),(331,1,10014,'2020-09-01 00:00:00','MA102.AL NILE',0,4846,'Payment',0,0),(332,1,10014,'2020-08-31 00:00:00','MA101/RHS ',0,5140,'Payment',0,0),(333,10007,0,'2020-09-01 00:00:00','Flight',145,195025,'Receipt',1,15),(334,10007,0,'2020-09-01 00:00:00','DSP',1357,1357,'Receipt',1,15),(335,10004,9,'2020-08-31 00:00:00','advance salary',0,20000,'Payment',0,0),(336,10004,10024,'2020-08-31 00:00:00','haneefa and raheed kanyakumari creta',0,5120,'Payment',0,0),(337,10002,10010,'2020-09-02 00:00:00','by hand',0,6135,'Receipt',0,0),(338,10010,10004,'2020-09-02 00:00:00','$6135',0,439800,'Transfer',0,0),(339,10004,16,'2020-09-02 00:00:00','by IOB CDM',0,200000,'Payment',0,0),(340,10004,10007,'2020-09-02 00:00:00','BY NET BANK TRANSFER',0,150000,'Payment',0,0),(341,10004,10023,'2020-09-02 00:00:00','CAR DIESEL',0,150,'Payment',0,0),(342,10004,1,'2020-09-02 00:00:00','ATM W/L ',0,10000,'Transfer',0,0),(343,10004,2,'2020-09-03 00:00:00','during home quarantine',0,10000,'Payment',0,0),(344,10004,10003,'2020-09-03 00:00:00','chemmad icici',0,50000,'Transfer',0,0),(345,10003,30,'2020-09-03 00:00:00','by net bank',0,40000,'Payment',0,0),(346,10004,4,'2020-09-05 00:00:00','HONEY HANEEFA',0,750,'Payment',0,0),(347,10004,2,'2020-09-05 00:00:00','HONEY HANEEFA',0,750,'Payment',0,0),(348,10004,8,'2020-09-05 00:00:00','HONEY HANEEFA',0,750,'Payment',0,0),(349,10004,6,'2020-09-05 00:00:00','HONEY HANEEFA',0,750,'Payment',0,0),(350,10030,10004,'2020-08-21 00:00:00','ICHAVA GOLD SALE',0,559000,'Receipt',0,0),(351,10030,10004,'2020-07-30 00:00:00','GOLD PAWN SHAKEER',0,313740,'Receipt',0,0),(352,10004,10029,'2020-07-30 00:00:00','CLOSED BAPUTTY SHARE BY PAWN GOLD',0,300000,'Payment',0,0),(353,10004,10029,'2020-07-21 00:00:00','BAPUTTY FOR CAPITAL CLOSE  FROM THALHA CASH',0,200000,'Payment',0,0),(354,10004,10029,'2020-07-01 00:00:00','BAPUTTY FIRST CCAPITAL RE PAY',0,250000,'Payment',0,0),(355,10004,54,'2020-09-02 00:00:00','TAX ADITIONAL  PHEONIX',0,580,'Payment',0,0),(356,10015,0,'2020-09-05 00:00:00','HC',11500,11500,'Receipt',1,16),(357,10007,0,'2020-09-05 00:00:00','Flight',145,175450,'Receipt',1,16),(358,10007,0,'2020-09-05 00:00:00','DSP',1357,1357,'Receipt',1,16),(359,10003,1,'2020-09-05 00:00:00','ATM W/L MA107 AL NILE',0,8000,'Transfer',0,0),(360,1,10014,'2020-09-05 00:00:00','MA107/ AL NILE',0,6070,'Payment',0,0),(361,10004,10007,'2020-09-07 00:00:00','By net transfer',0,100000,'Payment',0,0),(362,10004,16,'2020-09-07 00:00:00','Via cdm  IOB And slip deposit',0,149990,'Payment',0,0),(363,10004,30,'2020-09-07 00:00:00','By net transfer',0,50000,'Payment',0,0),(364,10004,19,'2020-09-07 00:00:00','Via CDM IOB',0,49000,'Payment',0,0),(366,10004,18,'2020-09-07 00:00:00','Haneefa  through net bank',0,50000,'Payment',0,0),(367,10004,11,'2020-09-07 00:00:00','Via SBI Kolappuram',0,80500,'Payment',0,0),(368,10004,10023,'2020-09-07 00:00:00','Car diesel',0,200,'Payment',0,0),(369,10028,10010,'2020-09-06 00:00:00','BY HAND',0,6837.13,'Receipt',0,0),(370,10010,10004,'2020-09-06 00:00:00','$6837.13',0,500000,'Transfer',0,0),(372,10004,1,'2020-09-07 00:00:00','FOR LORRY FREIGHT BOX',0,11000,'Transfer',0,0),(373,10002,10010,'2020-09-11 00:00:00','BY HAND',0,8800,'Receipt',0,0),(374,10010,10004,'2020-09-11 00:00:00','$8800',0,632800,'Transfer',0,0),(375,10004,16,'2020-09-11 00:00:00','BY IOB CDM',0,100000,'Payment',0,0),(376,10004,10007,'2020-09-11 00:00:00','BT NET TRANSFER',0,200000,'Payment',0,0),(377,10004,15,'2020-09-11 00:00:00','BY NET BANK',0,50000,'Payment',0,0),(378,10004,11,'2020-09-11 00:00:00','BY SBI KLPM',0,100000,'Payment',0,0),(379,10004,30,'2020-09-11 00:00:00','BY NET TRANSFER',0,30000,'Payment',0,0),(380,10004,19,'2020-09-11 00:00:00','BY NET TRANSFER',0,50000,'Payment',0,0),(381,10004,56,'2020-09-11 00:00:00','TO SECURITY DEPOSIT',0,25000,'Payment',0,0),(382,10004,31,'2020-09-11 00:00:00','BY NET TRANSFER',0,30000,'Payment',0,0),(383,10004,10023,'2020-09-11 00:00:00','DIESEL CAR',0,200,'Payment',0,0),(384,10004,10027,'2020-09-11 00:00:00','AREETHALA',0,1650,'Payment',0,0),(385,10004,10024,'2020-09-11 00:00:00','zaka shakeer',0,10000,'Payment',0,0),(386,10004,10024,'2020-09-11 00:00:00','stamp paper ',0,5000,'Payment',0,0),(387,10004,10024,'2020-09-11 00:00:00','stamp paper room',0,200,'Payment',0,0),(389,10010,10004,'2020-09-12 00:00:00','$5462.24',0,400000,'Transfer',0,0),(390,10004,16,'2020-09-12 00:00:00','BY ICICI CDM KTKL',0,98000,'Payment',0,0),(391,10004,1,'2020-09-12 00:00:00','ANAS W/L FOR EXP',0,15000,'Transfer',0,0),(392,10004,10023,'2020-09-12 00:00:00','PETROL KWID',0,200,'Payment',0,0),(394,10004,10024,'2020-09-12 00:00:00','ROOM RENT AGREEMENT PRINT',0,200,'Payment',0,0),(395,10004,10023,'2020-09-12 00:00:00','FOOD VGA',0,210,'Payment',0,0),(396,10004,10024,'2020-09-12 00:00:00','DEED FEE ANA PAN CARD',0,1200,'Payment',0,0),(397,10015,0,'2020-09-12 00:00:00','H C',11500,11500,'Receipt',1,17),(398,10028,10010,'2020-09-11 00:00:00','BY HAND',0,5462.24,'Receipt',0,0),(401,10007,0,'2020-08-05 00:00:00','FLIGHT CHARAGE',720,720,'Receipt',1,6),(402,10007,0,'2020-08-13 00:00:00','FLIGHT CHARGE',720,720,'Receipt',1,7),(404,10007,0,'2020-08-25 00:00:00','FLIGHT CHARGE',720,720,'Receipt',1,12),(405,10007,0,'2020-08-28 00:00:00','FLIGHT CHARGE',720,720,'Receipt',1,13),(406,10007,0,'2020-08-31 00:00:00','FLIGHT CHARGE',720,720,'Receipt',1,14),(407,10007,0,'2020-09-01 00:00:00','FLIGHT CHARGE',720,720,'Receipt',1,15),(408,10007,0,'2020-09-05 00:00:00','FLIGHT CHARGE',720,720,'Receipt',1,16),(409,10007,0,'2020-08-18 00:00:00','FLIGHT CHARGE',720,720,'Receipt',1,8),(411,10007,0,'2020-09-12 00:00:00','DSP',1357,1357,'Receipt',1,17),(412,10007,0,'2020-09-12 00:00:00','Flight charge',720,720,'Receipt',1,17),(413,1,10014,'2020-09-12 00:00:00','MA117/ALNILE',0,5170,'Payment',0,0),(414,10004,1,'2020-09-12 00:00:00','Tutucorin diesel haneefa account',0,2366,'Transfer',0,0),(415,10002,10010,'2020-09-13 00:00:00','by hand',0,8866,'Receipt',0,0),(416,10010,10004,'2020-09-13 00:00:00','$8866',0,638175,'Transfer',0,0),(417,10009,10010,'2020-09-13 00:00:00','by hand',0,5000,'Receipt',0,0),(418,10010,10004,'2020-09-13 00:00:00','$5000',0,359925,'Transfer',0,0),(419,10004,10003,'2020-09-12 00:00:00','by cdm kotakkal',0,186500,'Transfer',0,0),(420,10004,10003,'2020-09-12 00:00:00','for health maria',0,11500,'Transfer',0,0),(421,10003,10007,'2020-09-14 00:00:00','by net bank',0,150000,'Payment',0,0),(422,10004,20,'2020-09-14 00:00:00','BY IOB KTKL',0,50000,'Payment',0,0),(423,10004,19,'2020-09-14 00:00:00','BY KTKL IOB',0,49900,'Payment',0,0),(424,10004,15,'2020-09-14 00:00:00','ICIC KTKL',0,30000,'Payment',0,0),(425,10004,17,'2020-09-14 00:00:00','ICICI KTKL',0,25000,'Payment',0,0),(426,10004,12,'2020-09-14 00:00:00','ICIC KTKL',0,50000,'Payment',0,0),(427,10004,11,'2020-09-14 00:00:00','SBI KLPM',0,150000,'Payment',0,0),(428,10004,16,'2020-09-14 00:00:00','BY SBI AND CDM',0,130000,'Payment',0,0),(430,10003,18,'2020-09-14 00:00:00','BY NET BANK',0,50000,'Payment',0,0),(432,10003,14,'2020-09-14 00:00:00','NET TRANSFER',0,10000,'Payment',0,0),(433,10003,13,'2020-09-14 00:00:00','NET BANK',0,10000,'Payment',0,0),(435,10003,25,'2020-09-14 00:00:00','NET BANK',0,1910,'Payment',0,0),(436,10003,28,'2020-09-14 00:00:00','NET BANK',0,1235,'Payment',0,0),(437,10003,10020,'2020-09-14 00:00:00','NET BANK',0,2660,'Payment',0,0),(438,10004,56,'2020-09-14 00:00:00','TIE UP PAYMENT FULL',0,320000,'Payment',0,0),(439,10004,6,'2020-09-14 00:00:00','BY HAND SHIHAS',0,3000,'Payment',0,0),(440,10004,8,'2020-09-14 00:00:00','BY INSAF HAND',0,10000,'Payment',0,0),(441,10004,7,'2020-09-14 00:00:00','BY JAMAL ACCOUNT CLOSED',0,769,'Payment',0,0),(442,10004,6,'2020-09-14 00:00:00','SARBAS EXCESS AMOUNT',0,31,'Payment',0,0),(443,10004,10023,'2020-09-14 00:00:00','DIESEL CAR ',0,250,'Payment',0,0),(444,10004,46,'2020-09-12 00:00:00','MOBILE BRO',0,12000,'Payment',0,0),(445,10003,10015,'2020-09-12 00:00:00','MA117 AL NILE',0,11500,'Payment',0,0),(446,10004,21,'2020-09-14 00:00:00','JAMAL HAND',0,5000,'Payment',0,0),(447,10004,10003,'2020-09-14 00:00:00','KOTAKKALBANK',0,135000,'Transfer',0,0),(448,10004,10024,'2020-09-14 00:00:00','IBRAHIM KURI CASH SIGNART ACCOUNT',0,51000,'Payment',0,0),(449,10018,10020,'2020-09-14 00:00:00','closed',0,5,'Payment',0,0),(450,10004,46,'2020-07-21 00:00:00','for kuri',0,5000,'Payment',0,0),(451,10004,46,'2020-08-14 00:00:00','kuri cash',0,10000,'Payment',0,0),(452,10015,0,'2020-09-15 00:00:00','HC',11500,11500,'Receipt',1,18),(453,10003,10015,'2020-09-15 00:00:00','MA122/ AL NILE+ MA 108/ AL NILE',0,23000,'Payment',0,0),(454,10004,31,'2020-09-14 00:00:00','SBI KLPM SIGNART',0,50000,'Payment',0,0),(455,10004,55,'2020-09-15 00:00:00','insurance',0,1450,'Payment',0,0),(456,10007,0,'2020-09-17 00:00:00','flight',145,170375,'Receipt',1,18),(457,10007,0,'2020-09-17 00:00:00','dsp',1357,1357,'Receipt',1,18),(458,0,0,'2020-09-17 00:00:00','flight',1,720,'Receipt',1,18),(459,10007,0,'2020-09-17 00:00:00','flight',720,720,'Receipt',1,18),(460,10004,10024,'2020-09-17 00:00:00','seal basil',0,1730,'Payment',0,0),(461,10004,1,'2020-09-14 00:00:00','FOR BANGLORE VISIT',0,17134,'Transfer',0,0),(462,10003,1,'2020-09-16 00:00:00','ATM W/L CORRECTED',0,11700,'Transfer',0,0),(463,10003,10029,'2020-09-18 00:00:00','aug 1750*16=2500',0,34000,'Payment',0,0),(464,1,10014,'2020-09-18 00:00:00','ma122/al nile',0,6870,'Payment',0,0),(465,10028,10010,'2020-09-18 00:00:00','BY HAND',0,5462.24,'Receipt',0,0),(466,10010,10004,'2020-09-18 00:00:00','$5462.24',0,400000,'Transfer',0,0),(467,10004,10007,'2020-09-18 00:00:00','NET BANK',0,150000,'Payment',0,0),(468,10004,18,'2020-09-18 00:00:00','BY NET BANK',0,40000,'Payment',0,0),(469,10004,11,'2020-09-18 00:00:00','CDM CMD & KLPM',0,99500,'Payment',0,0),(470,10004,10003,'2020-09-18 00:00:00','SHAKEER WITHDRAWN',0,5000,'Transfer',0,0),(472,10004,10024,'2020-09-18 00:00:00','room areethala licence',0,2500,'Payment',0,0),(473,10004,10025,'2020-09-19 00:00:00','CABLE NET',0,660,'Payment',0,0),(474,10015,0,'2020-09-19 00:00:00','HC',11500,11500,'Receipt',1,19),(475,10004,10003,'2020-09-19 00:00:00','haneefa sbi',0,25000,'Transfer',0,0),(477,10003,10015,'2020-09-19 00:00:00','EENAM SEAFOOD MA125 ALNILE',0,11500,'Payment',0,0),(478,10007,0,'2020-09-19 00:00:00','Flight',145,261725,'Receipt',1,19),(479,10007,0,'2020-09-19 00:00:00','Dsp',1357,1357,'Receipt',1,19),(480,10007,0,'2020-09-19 00:00:00','Flight charge',720,720,'Receipt',1,19),(481,10003,1,'2020-09-19 00:00:00','ATM W/L FOR AIRPORT ANAS',0,10000,'Transfer',0,0),(482,10004,1,'2020-09-19 00:00:00','HANEEFA HAND',0,3500,'Transfer',0,0),(484,1,10014,'2020-09-19 00:00:00','MA125/ALNILE',0,5840,'Payment',0,0),(485,10004,10024,'2020-09-21 00:00:00','BOLERO SHOW ROOM+FOOD(785)',0,1790,'Payment',0,0),(486,10004,56,'2020-09-21 00:00:00','haneefa transfer ',0,15000,'Payment',0,0),(487,10004,11,'2020-09-22 00:00:00','ahihas net bank',0,45000,'Payment',0,0),(488,10004,10024,'2020-09-22 00:00:00','printer ink kanykumari',0,1860,'Payment',0,0),(489,10015,0,'2020-09-22 00:00:00','hc',11500,11500,'Receipt',1,20),(490,10004,10015,'2020-09-22 00:00:00','ma124/al nile',0,11500,'Payment',0,0),(491,10004,1,'2020-09-22 00:00:00','AIRPORT EXP MA124 ALNILE',0,8000,'Transfer',0,0),(492,1,10014,'2020-09-22 00:00:00','MA124/AL NILE',0,5750,'Payment',0,0),(494,10007,0,'2020-09-22 00:00:00','Flight',145,235625,'Receipt',1,20),(495,10007,0,'2020-09-22 00:00:00','DSP',1357,1357,'Receipt',1,20),(496,10007,0,'2020-09-22 00:00:00','Flight exp',720,720,'Receipt',1,20),(497,10004,56,'2020-09-24 00:00:00','TRANSFER FROM SIGNART',0,35000,'Payment',0,0),(501,10004,62,'2020-09-23 00:00:00','SBI ',0,39964,'Payment',0,0),(502,10004,10023,'2020-09-24 00:00:00','TO MLPM FOR CASH RECIEVE DXB',0,300,'Payment',0,0),(503,10007,0,'2020-09-12 00:00:00','Flight',145,152250,'Receipt',1,17),(504,10028,10010,'2020-09-25 00:00:00','by hand',0,9509.57,'Receipt',0,0),(505,10010,10004,'2020-09-25 00:00:00','$ 9509.57',0,700000,'Transfer',0,0),(506,10004,18,'2020-09-25 00:00:00','by net bank',0,100000,'Payment',0,0),(507,10004,16,'2020-09-25 00:00:00','BY IOB',0,100000,'Payment',0,0),(508,10004,11,'2020-09-25 00:00:00','BY SBI KLPM',0,150000,'Payment',0,0),(510,10004,30,'2020-09-25 00:00:00','BY SIB CMD',0,30000,'Payment',0,0),(511,10004,10007,'2020-09-25 00:00:00','NET BANK',0,150000,'Payment',0,0),(512,10004,20,'2020-09-25 00:00:00','BY IOB CMD',0,100000,'Payment',0,0),(513,10004,31,'2020-09-25 00:00:00','NET BANK',0,30000,'Payment',0,0),(514,10004,10015,'2020-09-25 00:00:00','MA',0,11500,'Payment',0,0),(515,10004,10,'2020-09-25 00:00:00','FROM ACCOUNT TRANSFER BALANCE',0,3500,'Payment',0,0),(516,10004,1,'2020-09-24 00:00:00','JAMAL & JABI HAND ATL TO KNK',0,10000,'Transfer',0,0),(517,10004,1,'2020-09-24 00:00:00','FOR DAILY EXP TRANSFER TO MARIA ACCOUNT',0,4000,'Transfer',0,0),(518,10004,10023,'2020-09-25 00:00:00','DIESEL CAR',0,100,'Payment',0,0),(519,10004,52,'2020-09-22 00:00:00','PERMIT JAUYARAJ.KPM ICHAVA',0,1000,'Payment',0,0),(520,10004,1,'2020-09-26 00:00:00','for shipment exp atm',0,8000,'Transfer',0,0),(521,10004,52,'2020-09-26 00:00:00','TN PERMITT JAYARAJAN',0,1500,'Payment',0,0),(522,10004,10023,'2020-09-26 00:00:00','PERMIT KNPM',0,50,'Payment',0,0),(523,10004,4,'2020-09-26 00:00:00','ATL OFFICE DRESS AND OTHER EXP',0,2000,'Payment',0,0),(524,10004,10034,'2020-09-22 00:00:00','SHOWROOM ADVANCE=DIESEL',0,5500,'Payment',0,0),(525,10007,0,'2020-08-22 00:00:00','FLIGHT CHARGE',720,720,'Receipt',1,9),(526,10007,0,'2020-09-26 00:00:00','Flight',145,301600,'Receipt',1,21),(527,10007,0,'2020-09-26 00:00:00','D S P',1357,1357,'Receipt',1,21),(528,10007,0,'2020-09-26 00:00:00','Flight charge',720,720,'Receipt',1,21),(529,10015,0,'2020-09-25 00:00:00','H C',11500,11500,'Receipt',1,21),(530,10004,10034,'2020-09-25 00:00:00','showroom advance for delivery',0,35299,'Payment',0,0),(532,10028,10010,'2020-09-27 00:00:00','by hand',0,5434.04,'Receipt',0,0),(533,10010,10004,'2020-09-27 00:00:00','$5434.04',0,400000,'Transfer',0,0),(534,10004,11,'2020-09-28 00:00:00','net bank',0,40000,'Payment',0,0),(535,10004,15,'2020-09-28 00:00:00','CDM cmd',0,100000,'Payment',0,0),(536,10004,10007,'2020-09-28 00:00:00','net bank',0,100000,'Payment',0,0),(537,10004,59,'2020-09-28 00:00:00','net bank',0,50000,'Payment',0,0),(539,10004,4,'2020-09-28 00:00:00','cealing',0,4500,'Payment',0,0),(540,1,10014,'2020-09-26 00:00:00','ma134/al nile',0,5290,'Payment',0,0),(542,10004,1,'2020-09-26 00:00:00','banglore sale haneefa account',0,20000,'Transfer',0,0),(543,10003,1,'2020-09-26 00:00:00','ATM W/L BY JABI',0,1000,'Transfer',0,0),(545,10010,10004,'2020-09-29 00:00:00','$6792.55',0,500000,'Transfer',0,0),(546,10004,16,'2020-09-29 00:00:00','IOB CMD',0,100000,'Payment',0,0),(547,10004,10007,'2020-09-29 00:00:00','BY NET BANK',0,150000,'Payment',0,0),(548,10004,10015,'2020-09-29 00:00:00','MA137/AL NILE',0,11500,'Payment',0,0),(549,10015,0,'2020-09-29 00:00:00','HC',11500,11500,'Receipt',1,22),(550,10004,10023,'2020-09-29 00:00:00','JETO+ MANZA',0,50,'Payment',0,0),(551,10004,17,'2020-09-29 00:00:00','net bank',0,100000,'Payment',0,0),(552,10004,1,'2020-09-29 00:00:00','MA134/AIRPORT EXP',0,8000,'Transfer',0,0),(553,10004,10034,'2020-09-29 00:00:00','ASHJOE BODY WORK ADVANCE ADOOR',0,50000,'Payment',0,0),(554,10028,10010,'2020-09-28 00:00:00','BY HAND',0,6792.55,'Receipt',0,0),(555,10007,0,'2020-09-29 00:00:00','Flight',145,155875,'Receipt',1,22),(556,10007,0,'2020-09-29 00:00:00','D S P',1357,1357,'Receipt',1,22),(557,10007,0,'2020-09-29 00:00:00','Flight exp',720,720,'Receipt',1,22),(560,10004,21,'2020-09-30 00:00:00','BY RISWAN @KLPM',0,600,'Payment',0,0),(561,10004,11,'2020-09-30 00:00:00','net bank',0,45000,'Payment',0,0),(562,10004,1,'2020-09-30 00:00:00','electrcity bill jabi A/c',0,10000,'Transfer',0,0),(563,1,10014,'2020-09-29 00:00:00','ma134 alnile',0,5776,'Payment',0,0),(564,10004,4,'2020-09-30 00:00:00','from signart',0,2000,'Payment',0,0),(565,10004,1,'2020-09-30 00:00:00','anas and ichava ATL-KNK',0,3000,'Transfer',0,0),(566,10028,10010,'2020-10-01 00:00:00','BY HAND',0,13585.11,'Receipt',0,0),(567,10010,10004,'2020-10-01 00:00:00','$13585.11',0,1000000,'Transfer',0,0),(568,10004,15,'2020-10-01 00:00:00','BY CDM cmd',0,100000,'Payment',0,0),(569,10004,12,'2020-10-01 00:00:00','by cdm CMD',0,50000,'Payment',0,0),(570,10004,10007,'2020-10-01 00:00:00','BY NET BANK',0,180000,'Payment',0,0),(571,10004,11,'2020-10-01 00:00:00','SBI KLPM',0,150000,'Payment',0,0),(572,10004,20,'2020-10-01 00:00:00','IOB cmd',0,70000,'Payment',0,0),(573,10004,10015,'2020-10-01 00:00:00','net bank',0,11500,'Payment',0,0),(574,10004,54,'2020-10-01 00:00:00','Amco steel .thalappara grill bill',0,5450,'Payment',0,0),(575,10004,54,'2020-10-02 00:00:00','GREES FOR GRILL BUILD',0,80,'Payment',0,0),(576,10004,1,'2020-10-02 00:00:00','JABI ACCOUNT FOR CONSIGNMENT',0,10000,'Transfer',0,0),(577,10004,18,'2020-10-02 00:00:00','net bank',0,150000,'Payment',0,0),(578,10004,10035,'2020-10-01 00:00:00','till september 30th  fully cleared',0,80000,'Payment',0,0),(579,10004,54,'2020-10-02 00:00:00','grill build  amco steel+anaswara+work food',0,4780,'Payment',0,0),(580,10015,0,'2020-10-02 00:00:00','H C',11500,11500,'Receipt',1,23),(581,10035,0,'2020-10-02 00:00:00','2/10/20',10000,10000,'Receipt',1,23),(582,10004,1,'2020-10-02 00:00:00','by shakeer to jamal',0,1500,'Transfer',0,0),(583,10004,1,'2020-10-01 00:00:00','shakeer to jamal',0,2000,'Transfer',0,0),(584,10031,10004,'2020-10-02 00:00:00','younus ustad kuri',0,87500,'Receipt',0,0),(585,10004,53,'2020-10-02 00:00:00','shabeeb for dost',0,80000,'Payment',0,0),(586,10004,10,'2020-10-02 00:00:00','kuri balnce cash',0,7500,'Payment',0,0),(587,10004,25,'2020-10-02 00:00:00','net bank account close',0,3960,'Payment',0,0),(588,10004,59,'2020-10-02 00:00:00','net bank account close',0,6600,'Payment',0,0),(589,10004,2,'2020-10-02 00:00:00','room adv haneefa',0,5000,'Payment',0,0),(590,10004,6,'2020-10-02 00:00:00','room advance to haneefa',0,5000,'Payment',0,0),(591,10003,10024,'2020-06-30 00:00:00','account clear',0,33000,'Payment',0,0),(592,10004,10003,'2020-10-02 00:00:00','by haneefa',0,37950,'Transfer',0,0),(593,10004,52,'2020-07-10 00:00:00','TAX PAID AT PHOENIX CHEMMAD',0,3100,'Payment',0,0),(594,10004,10027,'2020-07-10 00:00:00','JUNE RENT',0,1650,'Payment',0,0),(595,10004,10024,'2020-07-10 00:00:00','SANITISER STAND AT YARA TGI',0,1040,'Payment',0,0),(596,10007,0,'2020-10-02 00:00:00','Flight',145,221850,'Receipt',1,23),(597,10007,0,'2020-10-02 00:00:00','DSP',1357,1357,'Receipt',1,23),(598,10007,0,'2020-10-02 00:00:00','Flight exp',720,720,'Receipt',1,23),(599,10004,4,'2020-10-03 00:00:00','TO BRO ACCOUNT',0,7000,'Payment',0,0),(600,10004,4,'2020-10-03 00:00:00','GOLD CASH SHIHAS',0,2000,'Payment',0,0),(601,1,10014,'2020-10-03 00:00:00','MA140/AL NILE',0,6293,'Payment',0,0),(602,10003,9,'2020-10-04 00:00:00','salary till 04/10/20',0,12575,'Payment',0,0),(603,10003,1,'2020-10-05 00:00:00','ATM WITHDRAW BY JABI',0,10000,'Transfer',0,0),(604,10004,54,'2020-10-05 00:00:00','kotta painting metrila bill+yellow',0,1680,'Payment',0,0),(605,10004,54,'2020-10-05 00:00:00','painting wage+ food(80+480+90)',0,1650,'Payment',0,0),(606,10004,46,'2020-10-05 00:00:00','kuri ',0,10000,'Payment',0,0),(607,10004,54,'2020-10-07 00:00:00','CARRIER WAGES',0,1000,'Payment',0,0),(608,10004,54,'2020-10-07 00:00:00','CARRIER STEEL+L ANGLE HOLE+CUTTING WHEEL+TVS BOLT +WORKER FOOD ',0,1330,'Payment',0,0),(609,10004,54,'2020-10-06 00:00:00','BREAKE CHECKING RC KOLAPPURAM',0,200,'Payment',0,0),(610,10003,1,'2020-10-08 00:00:00','atm w/l by jabi',0,3500,'Transfer',0,0),(611,10004,1,'2020-10-08 00:00:00','RISWAN.ATL- KANYAKUMARI )RASHEED',0,10000,'Transfer',0,0),(612,10004,54,'2020-10-08 00:00:00','TYRE CHANGED @ CHEMMAD .2 TYRE BACK',0,9100,'Payment',0,0),(613,10004,54,'2020-10-08 00:00:00','SUB AXIL @ PARAKKADAVU RISWAN',0,3650,'Payment',0,0),(614,10004,54,'2020-10-08 00:00:00','SPEEKER AND MUSIC SYSTEM',0,750,'Payment',0,0),(615,10004,53,'2020-10-08 00:00:00','SPEEKER AND MUSIC SYSTEM',0,750,'Payment',0,0),(616,10004,54,'2020-10-08 00:00:00','COIR for dost from novelty',0,250,'Payment',0,0),(617,10028,10010,'2020-10-09 00:00:00','by hand',0,13570.36,'Receipt',0,0),(618,10010,10004,'2020-10-09 00:00:00','$13570.36',0,1000000,'Transfer',0,0),(619,10004,10007,'2020-10-09 00:00:00','by sbi kolappuram',0,300500,'Payment',0,0),(620,10004,10007,'2020-10-09 00:00:00','prathap personal account',0,15000,'Payment',0,0),(621,10004,11,'2020-10-09 00:00:00','sbi klpm',0,150000,'Payment',0,0),(622,10004,16,'2020-10-09 00:00:00','cdm klpm',0,144490,'Payment',0,0),(623,10004,15,'2020-10-09 00:00:00','icic cdm cmd',0,100000,'Payment',0,0),(624,10004,18,'2020-10-09 00:00:00','net transfer',0,100000,'Payment',0,0),(625,10004,17,'2020-10-09 00:00:00','cdm icici cmd',0,30000,'Payment',0,0),(626,10004,19,'2020-10-09 00:00:00','iob cmd',0,30000,'Payment',0,0),(627,10004,1,'2020-10-09 00:00:00','banglore exp jamal',0,15000,'Transfer',0,0),(628,10004,10003,'2020-10-09 00:00:00','transfer for exp',0,10000,'Transfer',0,0),(629,10004,10023,'2020-10-09 00:00:00','petrol+lunch',0,150,'Payment',0,0),(630,10004,8,'2020-10-09 00:00:00','muthu hand from chemmad',0,500,'Payment',0,0),(631,10004,21,'2020-10-09 00:00:00','to federal account',0,17000,'Payment',0,0),(632,10004,8,'2020-10-09 00:00:00','jaseer kuri',0,5000,'Payment',0,0),(633,10003,10025,'2020-10-09 00:00:00','icici debit card',0,299,'Payment',0,0),(635,10004,10037,'2020-10-09 00:00:00','BANGLORE FISH STALL VISTING 4 PERSONE WITH CRETA CAR',0,18302,'Payment',0,0),(636,10004,9,'2020-10-09 00:00:00','FRUITS after banglore trip',0,200,'Payment',0,0),(637,10004,9,'2020-10-09 00:00:00','BLANGET @banglore trip',0,330,'Payment',0,0),(638,10004,9,'2020-10-09 00:00:00','from banglore @ trip shakeer hand',0,500,'Payment',0,0),(639,10004,21,'2020-10-09 00:00:00','Blanget@banglore trip',0,750,'Payment',0,0),(640,10004,21,'2020-10-09 00:00:00','by  hand shakeer after banglore trip',0,500,'Payment',0,0),(641,10004,10024,'2020-10-08 00:00:00','south indian bank account opening',0,25000,'Payment',0,0),(642,10004,10034,'2020-10-08 00:00:00','ashjoe body work second payment',0,50000,'Payment',0,0),(643,10004,53,'2020-10-09 00:00:00','fast tag recharage haneefa',0,5000,'Payment',0,0),(644,10004,1,'2020-10-08 00:00:00','riswan to KNK',0,427,'Transfer',0,0),(645,10003,1,'2020-10-10 00:00:00','knykmari atm withdrawal',0,5000,'Transfer',0,0),(646,10003,10012,'2020-10-10 00:00:00','cash deposit charges by bank septemberon10/10/2020',0,3524,'Payment',0,0),(647,10003,10012,'2020-09-09 00:00:00','cash deposit charge augest 10/09/2020',0,3546,'Payment',0,0),(648,10003,10012,'2020-08-10 00:00:00','cash deposit charge july10/08/20',0,3542,'Payment',0,0),(649,10003,10012,'2020-07-10 00:00:00','cash deposit charge on june 10/07/2020',0,3546,'Payment',0,0),(650,10004,10003,'2020-10-12 00:00:00','from signart account',0,15000,'Transfer',0,0),(651,10035,0,'2020-10-12 00:00:00','12/10/20',10000,10000,'Receipt',1,24),(652,10007,0,'2020-10-12 00:00:00','Flight',145,132965,'Receipt',1,24),(653,10007,0,'2020-10-12 00:00:00','DSP',1357,1357,'Receipt',1,24),(654,10007,0,'2020-10-12 00:00:00','Flight charge',720,720,'Receipt',1,24),(656,10004,10027,'2020-10-13 00:00:00','areethala',0,1650,'Payment',0,0),(657,10003,1,'2020-10-13 00:00:00','consignment and banglore exp',0,15000,'Transfer',0,0),(659,10003,10012,'2020-10-12 00:00:00','depost charge',0,1477,'Payment',0,0),(660,10015,0,'2020-10-11 00:00:00','hc',11500,11500,'Receipt',1,24),(661,10028,10010,'2020-10-14 00:00:00','by hand',0,6775.06,'Receipt',0,0),(662,10010,10004,'2020-10-14 00:00:00','$6775.06',0,500000,'Transfer',0,0),(663,10004,16,'2020-10-14 00:00:00','iob cmd',0,100000,'Payment',0,0),(664,10004,11,'2020-10-14 00:00:00','sbi klpm',0,70000,'Payment',0,0),(665,10004,10007,'2020-10-14 00:00:00','sbi klpm',0,200000,'Payment',0,0),(666,10004,10015,'2020-10-14 00:00:00','ma149/alnile',0,11500,'Payment',0,0),(667,10004,10003,'2020-10-14 00:00:00','balance from health pymt',0,3500,'Transfer',0,0),(668,10004,18,'2020-10-14 00:00:00','net transfer',0,50000,'Payment',0,0),(669,10004,2,'2020-10-14 00:00:00','ustad kuri yunus ',0,12500,'Payment',0,0),(670,10004,21,'2020-10-14 00:00:00','ashfaque',0,1000,'Payment',0,0),(671,10004,6,'2020-10-16 00:00:00','muthu hand',0,500,'Payment',0,0),(672,10004,10003,'2020-10-16 00:00:00','haneefa',0,60000,'Transfer',0,0),(673,1,10014,'2020-10-13 00:00:00','MA149/AL NILE',0,4637,'Payment',0,0),(674,10004,1,'2020-10-16 00:00:00','BANGLORE AND AIRPORT',0,35000,'Transfer',0,0),(676,10010,10004,'2020-10-18 00:00:00','$6821.28',0,500000,'Transfer',0,0),(677,10028,10010,'2020-10-16 00:00:00','BY HAND',0,6821.28,'Receipt',0,0),(678,10007,0,'2020-10-18 00:00:00','Flight',145,139345,'Receipt',1,25),(680,10007,0,'2020-10-18 00:00:00','Dsp',1357,1357,'Receipt',1,25),(681,10007,0,'2020-10-18 00:00:00','Flight charge',720,720,'Receipt',1,25),(682,10035,0,'2020-10-18 00:00:00','18/10/20',10000,10000,'Receipt',1,25),(683,10015,0,'2020-10-18 00:00:00','hc',11500,11500,'Receipt',1,25),(684,10004,10015,'2020-10-20 00:00:00','ma152 by net transfer',0,11500,'Payment',0,0),(685,10004,10007,'2020-10-19 00:00:00','sbi klpm',0,250000,'Payment',0,0),(686,10004,16,'2020-10-19 00:00:00','sbi klpm',0,130000,'Payment',0,0),(687,10004,11,'2020-10-19 00:00:00','sbi klpm',0,50000,'Payment',0,0),(688,10004,10034,'2020-10-19 00:00:00','ashjoe body work bill close',0,200900,'Payment',0,0),(689,10004,10034,'2020-10-19 00:00:00','ashaan body work tip',0,500,'Payment',0,0),(690,10004,10034,'2020-10-19 00:00:00','return trip from body work aroor(diesel=foo+gps+ bus fair  other',0,12300,'Payment',0,0),(691,10004,10034,'2020-10-20 00:00:00','rto bribe for registration',0,10000,'Payment',0,0),(693,10,10004,'2020-10-19 00:00:00','ashjoe bolero delivery',0,100000,'Receipt',0,0),(694,46,10004,'2020-10-19 00:00:00','for jayarajan tax bolero',0,10000,'Receipt',0,0),(696,46,10004,'2020-10-19 00:00:00','for ashan+ashjoe balnce',0,1200,'Receipt',0,0),(699,10007,0,'2020-10-21 00:00:00','Flight',145,281300,'Receipt',1,26),(700,10007,0,'2020-10-21 00:00:00','Dsp',1357,1357,'Receipt',1,26),(701,10007,0,'2020-10-21 00:00:00','Flight charge',720,720,'Receipt',1,26),(702,10015,0,'2020-10-21 00:00:00','Hc',11500,11500,'Receipt',1,26),(703,10035,0,'2020-10-21 00:00:00','21/10/20',10000,10000,'Receipt',1,26),(704,46,10004,'2020-10-21 00:00:00','tirur light safnas',0,5000,'Receipt',0,0),(705,10028,10010,'2020-10-21 00:00:00','by hand sakkeer',0,2726.65,'Receipt',0,0),(706,10010,10004,'2020-10-21 00:00:00','$2726.65',0,200000,'Transfer',0,0),(707,10004,10007,'2020-10-23 00:00:00','SBI KOLAPPURAM',0,149000,'Payment',0,0),(708,10004,10024,'2020-10-23 00:00:00','EXPORT IMPORT LICENCE',0,7500,'Payment',0,0),(710,1,10014,'2020-10-18 00:00:00','MA152/AL NILE',0,9165,'Payment',0,0),(711,1,10014,'2020-10-24 00:00:00','AKE/16 TVM',0,5740,'Payment',0,0),(712,1,10014,'2020-10-22 00:00:00','MA156/AL NILE CHENNAI',0,9814,'Payment',0,0),(713,10003,1,'2020-10-19 00:00:00','ATM W/L JABI',0,1500,'Transfer',0,0),(714,10003,1,'2020-10-20 00:00:00','ATTM W/L JAABI',0,2500,'Transfer',0,0),(715,10007,0,'2020-10-23 00:00:00','Flight exp',145,165300,'Receipt',1,27),(716,10007,0,'2020-10-23 00:00:00','Dsp',1357,1357,'Receipt',1,27),(717,10007,0,'2020-10-23 00:00:00','Flight exp',720,720,'Receipt',1,27),(718,10035,0,'2020-10-23 00:00:00','23/10/20',10000,10000,'Receipt',1,27),(719,10015,0,'2020-10-23 00:00:00','Hc',11500,11500,'Receipt',1,27),(721,10004,10034,'2020-10-24 00:00:00','FLOOR MATT AND SOUND SYSTEM VGA',0,5500,'Payment',0,0),(722,10004,10034,'2020-10-20 00:00:00','TAX AND PERMIT FOR REGISTRATION JAYARAJ KMP(4000+2000)',0,6000,'Payment',0,0),(723,10004,52,'2020-10-24 00:00:00','TN PERMITT  JAYARAJAN',0,2000,'Payment',0,0),(724,10,10004,'2020-10-19 00:00:00','JAYARAJAN TAX BOLERO',0,8000,'Receipt',0,0),(725,10004,10036,'2020-10-24 00:00:00','FILE FOR KEEPING DOCS',0,500,'Payment',0,0),(726,10004,10,'2020-10-24 00:00:00','REPAID BOLERO TAX CASH FOR JAYARAJAN',0,8000,'Payment',0,0),(727,10,10004,'2020-10-23 00:00:00','for tvm airport shipment AKE',0,10000,'Receipt',0,0),(728,10004,1,'2020-10-23 00:00:00','AKE SHIPMENT TVM AIRPORT EXP JAMAL W/L ICICI ACCOUNT',0,10000,'Transfer',0,0),(729,10003,10004,'2020-10-24 00:00:00','DIVIDENT CASH AND SOMETHING',0,40000,'Transfer',0,0),(730,10004,10,'2020-10-24 00:00:00','BALANCE CASH FROM KAREEM KA 2 LAK',0,2685,'Payment',0,0),(731,10004,10029,'2020-10-24 00:00:00','SEPTEMBER (1375*23.5)ICHAVA include',0,32315,'Payment',0,0),(733,46,10004,'2020-10-21 00:00:00','FOR CLEARING TVM AIRORT EXP INDUS LOGISTIC',0,16000,'Receipt',0,0),(736,10,1,'2020-10-25 00:00:00','jamal account for ice and kanyakumari exp',0,3000,'Receipt',0,0),(737,10004,10,'2020-10-26 00:00:00','balance repaid',0,10300,'Payment',0,0),(738,10028,10010,'2020-10-26 00:00:00','by hand',0,6816.63,'Receipt',0,0),(739,10010,10004,'2020-10-26 00:00:00','6816.63',0,500000,'Transfer',0,0),(740,10004,21,'2020-10-26 00:00:00','office',0,1500,'Payment',0,0),(741,10004,10024,'2020-10-26 00:00:00','jasar diesel for box beypore',0,500,'Payment',0,0),(742,10004,21,'2020-10-26 00:00:00','FROM OFFICE',0,13500,'Payment',0,0),(743,10004,1,'2020-10-26 00:00:00','BY ICICI FOR FREIGHT SHIPMENT',0,12000,'Transfer',0,0),(744,10004,46,'2020-10-26 00:00:00','REPAY JAYARAJAN TAX CASH',0,10000,'Payment',0,0),(745,10004,46,'2020-10-26 00:00:00','RE PAY SHAREEFKA CASH',0,8000,'Payment',0,0),(746,10004,1,'2020-10-27 00:00:00','TYRE CONTAINER DOST @KALIYAKKAVILAI JABI',0,10000,'Transfer',0,0),(747,10007,0,'2020-10-27 00:00:00','Flight',137,133575,'Receipt',1,28),(748,10007,0,'2020-10-27 00:00:00','Dsp',2077,2077,'Receipt',1,28),(749,10015,0,'2020-10-27 00:00:00','Hc',11500,11500,'Receipt',1,28),(750,10035,0,'2020-10-27 00:00:00','27/10/20',10000,10000,'Receipt',1,28),(751,10004,16,'2020-10-27 00:00:00','sbi+transfer',0,79990,'Payment',0,0),(753,10004,18,'2020-10-27 00:00:00','net transfer',0,40000,'Payment',0,0),(754,10004,30,'2020-10-27 00:00:00','net transfer',0,40000,'Payment',0,0),(755,10004,10007,'2020-10-27 00:00:00','sbi klpm',0,100000,'Payment',0,0),(756,10004,11,'2020-10-27 00:00:00','sbi klpm',0,50000,'Payment',0,0),(757,10004,10015,'2020-10-27 00:00:00','net bank',0,23000,'Payment',0,0),(758,10004,10024,'2020-10-27 00:00:00','chaliyam+food+credit card',0,1040,'Payment',0,0),(759,10004,46,'2020-10-27 00:00:00','safnas repay tirur light',0,5000,'Payment',0,0),(760,10004,8,'2020-10-27 00:00:00','repay his cash for airport tvm',0,25000,'Payment',0,0),(761,10004,10003,'2020-10-27 00:00:00','balance cash',0,7000,'Transfer',0,0),(762,10004,46,'2020-10-27 00:00:00','shareefka balnce',0,8000,'Payment',0,0),(763,10007,0,'2020-10-29 00:00:00','Flight',145,247950,'Receipt',1,29),(764,10007,0,'2020-10-29 00:00:00','Dsp',1357,1357,'Receipt',1,29),(765,10007,0,'2020-10-29 00:00:00','Flight charge',720,720,'Receipt',1,29),(766,10015,0,'2020-10-28 00:00:00','Hc',11500,11500,'Receipt',1,29),(767,10035,0,'2020-10-29 00:00:00','29/10/20',10000,10000,'Receipt',1,29),(768,10004,6,'2020-10-29 00:00:00','BY HANEEFA SHIHAS',0,10000,'Payment',0,0),(769,10004,4,'2020-10-29 00:00:00','SHIHAS ACCOUNT',0,20000,'Payment',0,0),(770,1,10014,'2020-10-27 00:00:00','ma162/farook',0,5615,'Payment',0,0),(771,1,10014,'2020-10-28 00:00:00','ma164/rhs',0,6773,'Payment',0,0),(772,10004,54,'2020-10-28 00:00:00','rafeek welding wage',0,4000,'Payment',0,0),(773,10004,10040,'2020-10-29 00:00:00','account closed jaseer account',0,4600,'Payment',0,0),(774,10004,3,'2020-10-26 00:00:00','bike petrol tirur railway',0,150,'Payment',0,0),(775,10039,10010,'2020-10-29 00:00:00','by hand farook',0,7114.5,'Receipt',0,0),(776,10010,10004,'2020-10-29 00:00:00','$7114.5',0,520600,'Transfer',0,0),(777,10004,16,'2020-10-30 00:00:00','sbi klpm +cdm ',0,99500,'Payment',0,0),(778,10004,10007,'2020-10-30 00:00:00','SBI  KLPM',0,200000,'Payment',0,0),(779,10004,11,'2020-10-30 00:00:00','SBI KLPM',0,100000,'Payment',0,0),(780,10004,4,'2020-10-30 00:00:00','TRANSFER GPAY YUNUS',0,5000,'Payment',0,0),(781,10004,10034,'2020-10-30 00:00:00','LEEF+FIITING+PETROL+FOOD=6*3.5*.5*.3',0,10300,'Payment',0,0),(782,10004,10034,'2020-10-30 00:00:00','AC INSTALL ADVANCE',0,10000,'Payment',0,0),(783,10004,2,'2020-10-30 00:00:00','I20 ADAV HANEEFA',0,12150,'Payment',0,0),(784,10004,30,'2020-10-30 00:00:00','net bank',0,50000,'Payment',0,0),(785,10028,10010,'2020-10-30 00:00:00','by hand',0,6808.27,'Receipt',0,0),(786,10010,10004,'2020-10-30 00:00:00','$6808.27',0,500000,'Transfer',0,0),(787,10004,16,'2020-10-30 00:00:00','cdm klpm',0,96500,'Payment',0,0),(789,10004,69,'2020-10-31 00:00:00','net transfer account closed',0,5630,'Payment',0,0),(790,10004,59,'2020-10-31 00:00:00','net transfer account close',0,3650,'Payment',0,0),(791,10004,18,'2020-10-31 00:00:00','net transfer',0,50000,'Payment',0,0),(792,10004,15,'2020-10-31 00:00:00','net transfer',0,50000,'Payment',0,0),(793,10004,11,'2020-10-31 00:00:00','net bank ',0,50000,'Payment',0,0),(794,10004,12,'2020-10-31 00:00:00','net bank',0,60000,'Payment',0,0),(795,10004,1,'2020-10-31 00:00:00','ATM W/L FOR AIRPORT AND BOX FREIGHT',0,20000,'Transfer',0,0),(796,10004,53,'2020-10-31 00:00:00','FAST TAG HANEEFA RECHARGE',0,2000,'Payment',0,0),(797,10004,1,'2020-10-27 00:00:00','ELECTRCITY PAY ',0,5000,'Transfer',0,0),(798,10004,20,'2020-10-31 00:00:00','NET BANK',0,50000,'Payment',0,0),(799,10007,0,'2020-11-01 00:00:00','Dsp',2077,2077,'Receipt',1,30),(800,10007,0,'2020-11-01 00:00:00','Flight',137,139740,'Receipt',1,30),(801,10015,0,'2020-11-01 00:00:00','Hc',11500,11500,'Receipt',1,30),(802,10035,0,'2020-11-01 00:00:00','1/11/20',10000,10000,'Receipt',1,30),(803,10004,10015,'2020-11-02 00:00:00','net transfer',0,11500,'Payment',0,0),(804,10004,1,'2020-10-31 00:00:00','atm w/l',0,10000,'Transfer',0,0),(805,10004,10037,'2020-11-01 00:00:00','banglore kwid rasheed .sakkeer.jasar',0,15000,'Payment',0,0),(806,10004,1,'2020-11-02 00:00:00','atm w/l jabi',0,10000,'Transfer',0,0),(807,1,10014,'2020-11-01 00:00:00','MA168',0,5268,'Payment',0,0),(808,10004,8,'2020-11-04 00:00:00','muthu for railway',0,500,'Payment',0,0),(809,10004,53,'2020-11-04 00:00:00','set and box electrician klpm',0,1500,'Payment',0,0),(810,10004,1,'2020-11-04 00:00:00','manu for oil ',0,1500,'Transfer',0,0),(813,10004,10034,'2020-11-04 00:00:00','AC INSTALLING+FOOD',0,50000,'Payment',0,0),(814,10004,10034,'2020-11-04 00:00:00','ADAV 1ST',0,28000,'Payment',0,0),(815,10004,8,'2020-11-04 00:00:00','MUTHU RAILWAY',0,500,'Payment',0,0),(816,10004,53,'2020-11-04 00:00:00','SET AND BOX KLPM',0,1500,'Payment',0,0),(817,10004,53,'2020-11-04 00:00:00','CEAT TYRE+PETROL',0,4200,'Payment',0,0),(818,10004,10024,'2020-11-04 00:00:00','FLEX BOARD AND LETTER PAD',0,1800,'Payment',0,0),(819,10004,1,'2020-11-04 00:00:00','for rice and other items by riswan to jamal',0,2000,'Transfer',0,0),(820,10,10004,'2020-11-05 00:00:00','brought for indus logistic ',0,100000,'Receipt',0,0),(821,10004,10007,'2020-11-05 00:00:00','cdm klpm',0,100000,'Payment',0,0),(822,10004,10007,'2020-11-06 00:00:00','for urgent during packing',0,20000,'Payment',0,0),(824,10007,0,'2020-11-07 00:00:00','Flight',145,214600,'Receipt',1,31),(825,10007,0,'2020-11-07 00:00:00','Dsp',1357,1357,'Receipt',1,31),(826,10007,0,'2020-11-07 00:00:00','Flight charge',720,720,'Receipt',1,31),(827,10015,0,'2020-11-07 00:00:00','Hc',11500,11500,'Receipt',1,31),(828,10035,0,'2020-11-07 00:00:00','06/11/20',10000,10000,'Receipt',1,31),(830,1,10014,'2020-11-07 00:00:00','MA174/ALNILE',0,5840,'Payment',0,0),(831,10,10004,'2020-11-07 00:00:00','BOLERO CAMERA AND HORN  NET ESQUARE',0,10830,'Receipt',0,0),(833,10004,10034,'2020-11-07 00:00:00','CAMERA+FOOD+MOBILE STAND+DI(500)',0,5450,'Payment',0,0),(834,10004,10034,'2020-11-07 00:00:00','AIR HORN+ ELECTRITION CHARGE(300)',0,2900,'Payment',0,0),(835,10004,1,'2020-11-07 00:00:00','NET 10PCS E SQUARE RAMANATTUKARA',0,2480,'Transfer',0,0),(836,10028,10010,'2020-11-09 00:00:00','by hand',0,6787.94,'Receipt',0,0),(837,10010,10004,'2020-11-09 00:00:00','$6787.94',0,500000,'Transfer',0,0),(838,10004,11,'2020-11-09 00:00:00','sbi klpm',0,100000,'Payment',0,0),(839,10004,10007,'2020-11-09 00:00:00','sbi klpm',0,200000,'Payment',0,0),(840,10004,16,'2020-11-09 00:00:00','by iob cdm',0,99500,'Payment',0,0),(841,10004,1,'2020-11-09 00:00:00','jerom by sbi=iob',0,100000,'Transfer',0,0),(842,10004,10023,'2020-11-09 00:00:00','petrol bike',0,100,'Payment',0,0),(843,10004,10023,'2020-11-06 00:00:00','car diesel ktkl',0,150,'Payment',0,0),(844,10004,1,'2020-11-08 00:00:00','By rasheed and jasar ',0,10000,'Transfer',0,0),(845,10004,10034,'2020-11-06 00:00:00','sticker work logo koduvayoor',0,1500,'Payment',0,0),(846,46,10004,'2020-11-08 00:00:00','for rasheed ka and jasar ATL-KNKY',0,10000,'Receipt',0,0),(847,10004,8,'2020-11-09 00:00:00','OFFICE ',0,3000,'Payment',0,0),(848,46,10004,'2020-11-09 00:00:00','RISWAN @OFFICE',0,3000,'Receipt',0,0),(851,10004,10003,'2020-11-07 00:00:00','FOR PCKNG',0,6000,'Transfer',0,0),(852,10004,21,'2020-11-07 00:00:00','SAKEER BY HAND',0,1000,'Payment',0,0),(853,10003,10025,'2020-11-07 00:00:00','MODEM JIO',0,151,'Payment',0,0),(855,10010,10004,'2020-11-10 00:00:00','$6120',0,429900,'Transfer',0,0),(856,10004,10007,'2020-11-10 00:00:00','cdm klpm',0,98000,'Payment',0,0),(857,10004,15,'2020-11-10 00:00:00','icic cdm cmd',0,50000,'Payment',0,0),(858,10004,12,'2020-11-10 00:00:00','icici cdm cmd',0,50000,'Payment',0,0),(859,10004,10,'2020-11-10 00:00:00','airport cash repay by hdfc aquasign',0,100000,'Payment',0,0),(861,10004,30,'2020-11-10 00:00:00','by sib cmd',0,70000,'Payment',0,0),(862,10004,10,'2020-11-10 00:00:00','repay net box and horn bolero',0,10830,'Payment',0,0),(863,10004,46,'2020-11-10 00:00:00','repay atl travel cash to kanyakumari',0,10000,'Payment',0,0),(864,10004,46,'2020-11-10 00:00:00','riswan cash repay',0,3000,'Payment',0,0),(865,10004,10023,'2020-11-10 00:00:00','bullet',0,100,'Payment',0,0),(866,10039,10010,'2020-11-10 00:00:00','by hand',0,5863,'Receipt',0,0),(869,10004,10003,'2020-11-10 00:00:00','jebistan cash to sakkeer',0,5000,'Transfer',0,0),(870,10015,0,'2020-11-11 00:00:00','hc',11500,11500,'Receipt',1,32),(871,10007,0,'2020-11-12 00:00:00','Dsp',1357,1357,'Receipt',1,32),(872,10007,0,'2020-11-12 00:00:00','Flight charge',145,240700,'Receipt',1,32),(873,10007,0,'2020-11-12 00:00:00','Flight exp',720,720,'Receipt',1,32),(874,10035,0,'2020-11-12 00:00:00','12/11/20',10000,10000,'Receipt',1,32),(876,10004,10034,'2020-11-13 00:00:00','KA permit, TN permit',0,4000,'Payment',0,0),(877,46,10004,'2020-11-13 00:00:00','for permitt TN ',0,1500,'Receipt',0,0),(878,10003,7,'2020-11-14 00:00:00','transfer to jabi account',0,5000,'Payment',0,0),(879,10003,1,'2020-11-11 00:00:00','airport exp',0,10000,'Transfer',0,0),(880,1,10014,'2020-11-11 00:00:00','MA174/RHS',0,6340,'Payment',0,0),(881,10015,0,'2020-11-16 00:00:00','HC',11500,11500,'Receipt',1,34),(882,10,10004,'2020-11-14 00:00:00','ANAS BOX AND KNK EXP',0,20000,'Receipt',0,0),(883,10004,1,'2020-11-14 00:00:00','ANAS KNK-ATL',0,20000,'Transfer',0,0),(884,10002,10010,'2020-11-15 00:00:00','HARIS BY HAND',0,10933,'Receipt',0,0),(885,10010,10004,'2020-11-15 00:00:00','$10933',0,800000,'Transfer',0,0),(886,10028,10010,'2020-11-15 00:00:00','BY HAND',0,5354.75,'Receipt',0,0),(887,10010,10004,'2020-11-15 00:00:00','$5354.75',0,400000,'Transfer',0,0),(888,10004,11,'2020-11-16 00:00:00','SBI KLPM',0,150000,'Payment',0,0),(889,10004,10007,'2020-11-16 00:00:00','SBI KLPM',0,200000,'Payment',0,0),(890,10004,16,'2020-11-16 00:00:00','IOB CMD',0,180000,'Payment',0,0),(891,10004,19,'2020-11-16 00:00:00','IOB CMD',0,50000,'Payment',0,0),(892,10004,30,'2020-11-16 00:00:00','SIB CMD',0,50000,'Payment',0,0),(893,10004,15,'2020-11-16 00:00:00','ICICI CMD',0,50000,'Payment',0,0),(894,10004,12,'2020-11-16 00:00:00','ICICI CMD',0,50000,'Payment',0,0),(895,10004,31,'2020-11-16 00:00:00','ICICI CMD',0,50000,'Payment',0,0),(896,10004,20,'2020-11-16 00:00:00','ICICI CMD',0,50000,'Payment',0,0),(897,10004,10015,'2020-11-16 00:00:00','NET TRANSFER',0,30000,'Payment',0,0),(898,10004,18,'2020-11-16 00:00:00','NET TRANSFER',0,80000,'Payment',0,0),(899,10004,33,'2020-11-16 00:00:00','BENJEMIN ACCONT',0,47800,'Payment',0,0),(900,10004,58,'2020-11-16 00:00:00','NET TRANSFER',0,20000,'Payment',0,0),(901,10004,10025,'2020-11-16 00:00:00','MODEM CHANGED TO 5G',0,2800,'Payment',0,0),(902,10004,10025,'2020-11-16 00:00:00','NET RECHARGE',0,650,'Payment',0,0),(903,10004,21,'2020-11-16 00:00:00','BY HOME SHIHAS',0,20000,'Payment',0,0),(904,10004,10023,'2020-11-16 00:00:00','PETROL KTKL',0,200,'Payment',0,0),(905,10004,1,'2020-11-16 00:00:00','JAFAR BEYPORE BOX 48PCS CASH',0,18000,'Transfer',0,0),(906,10004,1,'2020-11-16 00:00:00','MA182/AIRPORT TO HANEEFA ICICI',0,10000,'Transfer',0,0),(907,10007,0,'2020-11-17 00:00:00','Flight ',145,167475,'Receipt',1,34),(908,10007,0,'2020-11-17 00:00:00','Dsp',1357,1357,'Receipt',1,34),(909,10007,0,'2020-11-17 00:00:00','Flight exp',720,720,'Receipt',1,34),(910,10035,0,'2020-11-17 00:00:00','16/11/20',10000,10000,'Receipt',1,34),(911,10004,10,'2020-11-17 00:00:00','anas box cash returned',0,20000,'Payment',0,0),(912,10004,10041,'2020-11-17 00:00:00','to sakkeer account',0,20000,'Payment',0,0),(913,10004,10003,'2020-11-17 00:00:00','balnce transfer',0,3000,'Transfer',0,0),(914,10004,5,'2020-11-17 00:00:00','for mariage at office',0,4000,'Payment',0,0),(915,10004,8,'2020-11-18 00:00:00','jaseer kuri',0,5000,'Payment',0,0),(916,10,10004,'2020-11-23 00:00:00','for airpot',0,100000,'Receipt',0,0),(917,10004,10007,'2020-11-23 00:00:00','net transfer',0,100000,'Payment',0,0),(918,10004,10025,'2020-11-23 00:00:00','SOFTWARE KADER',0,50000,'Payment',0,0),(919,10015,0,'2020-11-23 00:00:00','HC',11500,11500,'Receipt',1,35),(920,10028,10010,'2020-11-24 00:00:00','BY HAND',0,6743.99,'Receipt',0,0),(921,10010,10004,'2020-11-24 00:00:00','$6743.99',0,500000,'Transfer',0,0),(922,10004,11,'2020-11-24 00:00:00','SBI KLPM',0,150000,'Payment',0,0),(923,10004,10007,'2020-11-24 00:00:00','SBI KLPM',0,150000,'Payment',0,0),(924,10004,30,'2020-11-24 00:00:00','NET TRANSFER',0,50000,'Payment',0,0),(925,10004,10,'2020-11-24 00:00:00','AIRPORT CASH RETURN HDFC',0,100000,'Payment',0,0),(926,10004,10015,'2020-11-24 00:00:00','NET TRANSFER',0,16500,'Payment',0,0),(927,10004,1,'2020-11-24 00:00:00','FOR AIRPORT JABI FEDERAL',0,10000,'Transfer',0,0),(928,10004,10024,'2020-11-20 00:00:00','gold renew',0,8500,'Payment',0,0),(929,10004,10029,'2020-11-20 00:00:00','mandrek',0,3660,'Payment',0,0),(930,10004,10023,'2020-11-24 00:00:00','petrol=drink',0,150,'Payment',0,0),(933,1,10014,'2020-11-23 00:00:00','al nile ma188',0,6057,'Payment',0,0),(934,1,10014,'2020-11-18 00:00:00','ma182/al nile',0,5815,'Payment',0,0),(935,10004,46,'2020-11-25 00:00:00','salary',0,15000,'Payment',0,0),(936,10007,0,'2020-11-24 00:00:00','Flight ',145,123975,'Receipt',1,35),(937,10007,0,'2020-11-24 00:00:00','Dsp',1357,1357,'Receipt',1,35),(938,10007,0,'2020-11-24 00:00:00','Flight charge',720,720,'Receipt',1,35),(939,10035,0,'2020-11-24 00:00:00','24/11/20',10000,10000,'Receipt',1,35),(940,10004,1,'2020-11-26 00:00:00','jabi to come back ',0,10000,'Transfer',0,0),(941,10004,10024,'2020-11-14 00:00:00','baduva cash to shihab',0,5000,'Payment',0,0),(942,10004,1,'2020-11-28 00:00:00','atrm w/L',0,2400,'Transfer',0,0),(943,10004,1,'2020-11-26 00:00:00','RISWAN AND RAFEEK CRETA',0,5000,'Transfer',0,0),(944,10004,10027,'2020-08-08 00:00:00','JULY AREETHALA',0,1650,'Payment',0,0),(945,10004,10027,'2020-11-13 00:00:00','OCT AREETHALA',0,1650,'Payment',0,0),(946,10028,10010,'2020-12-02 00:00:00','by hand',0,4046.39,'Receipt',0,0),(947,10010,10004,'2020-12-02 00:00:00','$4046.39',0,300000,'Transfer',0,0),(948,10004,10007,'2020-12-02 00:00:00','sbi klpm',0,180000,'Payment',0,0),(949,10004,11,'2020-12-02 00:00:00','sbi klpm',0,100000,'Payment',0,0),(950,10004,1,'2020-12-02 00:00:00','atm w/l for airport',0,15000,'Transfer',0,0),(951,10004,10003,'2020-12-02 00:00:00','balance from  cash',0,5000,'Transfer',0,0),(952,10007,0,'2020-12-03 00:00:00','Flight',145,208800,'Receipt',1,36),(953,10007,0,'2020-12-03 00:00:00','Dsp',1357,1357,'Receipt',1,36),(954,10007,0,'2020-12-03 00:00:00','Flight charge',720,720,'Receipt',1,36),(955,10035,0,'2020-12-03 00:00:00','2/12/20',10000,10000,'Receipt',1,36),(956,10015,0,'2020-12-02 00:00:00','hc',11500,11500,'Receipt',1,36),(957,10028,10010,'2020-12-10 00:00:00','BY HAND',0,6711.4,'Receipt',0,0),(958,10010,10004,'2020-12-10 00:00:00','$6711.40',0,500000,'Transfer',0,0),(959,10004,10007,'2020-12-10 00:00:00','BY SBI KLPM +CDM',0,149500,'Payment',0,0),(960,10004,11,'2020-12-10 00:00:00','SBI KLPM',0,100000,'Payment',0,0),(961,10004,30,'2020-12-10 00:00:00','BY SIB CMD',0,100000,'Payment',0,0),(964,10004,18,'2020-12-10 00:00:00','net transfer',0,75000,'Payment',0,0),(965,10004,10012,'2020-12-10 00:00:00','deposit charege(780+935)icici',0,1715,'Payment',0,0),(966,10004,1,'2020-12-10 00:00:00','atm w/l for knk exp',0,3000,'Transfer',0,0),(967,10004,8,'2020-12-09 00:00:00','jamjal transfer',0,2000,'Payment',0,0),(968,46,10004,'2020-12-09 00:00:00','for riswan jamajl transfer',0,2000,'Receipt',0,0),(969,46,10004,'2020-12-07 00:00:00','jamjal banglore day ',0,2000,'Receipt',0,0),(970,10004,6,'2020-12-07 00:00:00','banglore day safnas',0,2000,'Payment',0,0),(971,46,10004,'2020-12-03 00:00:00','for anas knk ',0,500,'Receipt',0,0),(972,10004,4,'2020-12-03 00:00:00','for recharge (rafeek weld)',0,500,'Payment',0,0),(973,10004,10023,'2020-12-10 00:00:00','bike petrol',0,100,'Payment',0,0),(975,10003,10007,'2020-09-19 00:00:00','prathap personal',0,10000,'Payment',0,0),(976,10004,10042,'2020-09-28 00:00:00','prathap personal',0,6644,'Payment',0,0),(977,10004,10042,'2020-10-21 00:00:00','chennai and kochin airport prathap',0,16000,'Payment',0,0),(978,10003,10042,'2020-10-21 00:00:00','chennai and kochin prathap',0,500,'Payment',0,0),(979,10004,10023,'2020-11-17 00:00:00','car kotakkal',0,200,'Payment',0,0),(981,10004,10012,'2020-12-01 00:00:00','deposit+gst',0,1953,'Payment',0,0),(982,10003,10041,'2020-11-30 00:00:00','db for customs transfered ',0,33970,'Payment',0,0),(983,46,10003,'2020-12-12 00:00:00','for airport rasheed and anas',0,10000,'Receipt',0,0),(985,46,10004,'2020-12-12 00:00:00','jayarajan for ka and tn permitt',0,4000,'Receipt',0,0),(986,10004,10034,'2020-12-12 00:00:00','permitt for tn and ka  kunnumpuram',0,4000,'Payment',0,0),(987,46,10004,'2020-12-12 00:00:00','november divident for mandrek',0,8250,'Receipt',0,0),(988,10004,10029,'2020-12-12 00:00:00','mandrek nov(1375*6)',0,8250,'Payment',0,0),(989,46,10004,'2020-12-12 00:00:00','for agreement paper mandrek share and plot',0,800,'Receipt',0,0),(990,10004,10024,'2020-12-12 00:00:00','agreement paper mandrek plot and written ',0,800,'Payment',0,0),(991,10003,1,'2020-12-12 00:00:00','anas and rasheed for airport',0,9500,'Transfer',0,0),(992,10004,10043,'2020-04-01 00:00:00','openig deposit',0,10000,'Transfer',0,0),(993,46,10003,'2020-12-13 00:00:00','FOR KANYAKUAMRI EXP',0,1500,'Receipt',0,0),(994,10003,1,'2020-12-13 00:00:00','riswan kanyakumari',0,1500,'Transfer',0,0),(995,10002,10010,'2020-12-13 00:00:00','by hand',0,5324,'Receipt',0,0),(996,10010,10004,'2020-12-13 00:00:00','$5324',0,393000,'Transfer',0,0),(997,10004,5,'2020-12-13 00:00:00','office for function sister',0,5000,'Payment',0,0),(998,10004,7,'2020-12-13 00:00:00','office with mubashir',0,5000,'Payment',0,0),(1001,10004,2,'2020-12-14 00:00:00','AT OFFICE BY HAND',0,10000,'Payment',0,0),(1002,10004,10027,'2020-12-14 00:00:00','NOV  HAIDARLAI',0,1650,'Payment',0,0),(1003,10004,1,'2020-12-14 00:00:00','anas for purchasing fish ',0,10000,'Transfer',0,0),(1004,10004,11,'2020-12-15 00:00:00','sbi klpm',0,45000,'Payment',0,0),(1005,10004,16,'2020-12-15 00:00:00','sbi klpm',0,49500,'Payment',0,0),(1006,10004,15,'2020-12-15 00:00:00','icici cmd',0,25000,'Payment',0,0),(1007,10004,30,'2020-12-15 00:00:00','net transfer',0,45000,'Payment',0,0),(1008,10004,10015,'2020-12-15 00:00:00','net transfer',0,15000,'Payment',0,0),(1009,10004,13,'2020-12-15 00:00:00','net transfer',0,45000,'Payment',0,0),(1010,10004,10034,'2020-12-15 00:00:00','nov  2 nd adav',0,27980,'Payment',0,0),(1012,10004,10,'2020-12-15 00:00:00','patt balnce from adav cash',0,12020,'Payment',0,0),(1013,10004,10003,'2020-12-15 00:00:00','balance cash to account',0,2000,'Transfer',0,0),(1014,10004,8,'2020-12-15 00:00:00','jaseer kuri',0,5000,'Payment',0,0),(1015,10004,10029,'2020-12-15 00:00:00','haneefa (nov&oct) 8250*2',0,16500,'Payment',0,0),(1017,10004,9,'2020-12-15 00:00:00','salary at office .transfered for divid',0,9500,'Payment',0,0),(1019,10004,1,'2020-12-15 00:00:00','ichava for ice',0,2000,'Transfer',0,0),(1020,10004,3,'2020-12-15 00:00:00','salary at home',0,10000,'Payment',0,0),(1021,10004,21,'2020-12-14 00:00:00','@office infront of haneefa ',0,15000,'Payment',0,0),(1025,10035,0,'2020-12-13 00:00:00','12/12/20',10000,10000,'Receipt',1,37),(1026,10004,46,'2020-12-15 00:00:00','settled',0,35000,'Payment',0,0),(1027,10004,1,'2020-12-15 00:00:00','jabi & haneefa',0,2000,'Transfer',0,0),(1028,10004,10025,'2020-12-19 00:00:00','net recharge',0,650,'Payment',0,0),(1031,10004,11,'2020-12-19 00:00:00','Sbi klpm',0,100000,'Payment',0,0),(1032,10004,30,'2020-12-19 00:00:00','Sib cmd',0,70000,'Payment',0,0),(1033,10004,10007,'2020-12-19 00:00:00','Cdm 2l',0,200000,'Payment',0,0),(1034,10004,1,'2020-12-19 00:00:00','Oil mubashir',0,2000,'Transfer',0,0),(1035,10004,10019,'2020-12-21 00:00:00','Cdm klpm',0,19900,'Payment',0,0),(1040,10035,0,'2020-12-18 00:00:00','18/12/20',10000,10000,'Receipt',1,38),(1042,10004,46,'2020-12-21 00:00:00','by hand',0,4500,'Payment',0,0),(1043,10028,10010,'2020-12-19 00:00:00','BY HAND',0,6752.19,'Receipt',0,0),(1044,10010,10004,'2020-12-19 00:00:00','$6752.19',0,500000,'Transfer',0,0),(1046,10004,10003,'2020-12-18 00:00:00','atm for use',0,10000,'Transfer',0,0),(1047,10004,21,'2020-12-23 00:00:00','aT OFFICE FOR EMI',0,6000,'Payment',0,0),(1048,10004,1,'2020-12-25 00:00:00','withdrawn by atm',0,7500,'Transfer',0,0),(1051,10004,10034,'2020-12-23 00:00:00','shabeeb dost for sis mariage',0,50000,'Payment',0,0),(1052,10004,1,'2020-12-26 00:00:00','shareefaka rice',0,2400,'Transfer',0,0),(1053,10028,10010,'2020-12-28 00:00:00','by hand',0,5424.46,'Receipt',0,0),(1054,10010,10004,'2020-12-28 00:00:00','$5424.46',0,400000,'Transfer',0,0),(1055,10004,10007,'2020-12-28 00:00:00','sbi klpm',0,200000,'Payment',0,0),(1056,10004,11,'2020-12-28 00:00:00','sbi klpm',0,100000,'Payment',0,0),(1057,10004,18,'2020-12-28 00:00:00','net transfer',0,25000,'Payment',0,0),(1058,10004,30,'2020-12-28 00:00:00','net transfer',0,25000,'Payment',0,0),(1060,10004,1,'2020-12-28 00:00:00','airport exp',0,10000,'Transfer',0,0),(1061,10004,1,'2020-12-27 00:00:00','atm w/l',0,7000,'Transfer',0,0),(1062,10004,10003,'2020-12-27 00:00:00','BALNCE',0,500,'Transfer',0,0),(1063,10,10004,'2020-12-29 00:00:00','FOR AITRPORT',0,50000,'Receipt',0,0),(1064,10004,10007,'2020-12-28 00:00:00','CDM KLPM',0,50000,'Payment',0,0),(1069,10035,0,'2020-12-29 00:00:00','29/12/20',10000,10000,'Receipt',1,39),(1070,10007,0,'2020-12-29 00:00:00','Flight charge&exp',0,156232,'Receipt',1,39),(1073,10004,11,'2021-01-08 00:00:00','net transfer',0,100000,'Payment',0,0),(1074,10004,14,'2021-01-08 00:00:00','net transfer',0,5000,'Payment',0,0),(1075,10004,15,'2021-01-08 00:00:00','fish pymt',0,40000,'Payment',0,0),(1076,10004,30,'2021-01-08 00:00:00','net transfer',0,60000,'Payment',0,0),(1077,10004,18,'2021-01-08 00:00:00','by haneefa net transfer',0,60000,'Payment',0,0),(1078,10004,13,'2021-01-08 00:00:00','by haneefa net bank',0,30000,'Payment',0,0),(1079,10004,77,'2021-01-08 00:00:00','by haneefa net transfer',0,10000,'Payment',0,0),(1080,10004,46,'2021-01-08 00:00:00','transfer',0,10000,'Payment',0,0),(1082,10004,21,'2021-01-08 00:00:00','shihas federal',0,6000,'Payment',0,0),(1083,6,10004,'2021-01-07 00:00:00','for airpot, hc, desk',0,200000,'Receipt',0,0),(1084,10004,10007,'2021-01-07 00:00:00','net transfer',0,170000,'Payment',0,0),(1085,10004,10015,'2021-01-07 00:00:00','net transfer',0,20000,'Payment',0,0),(1086,10004,1,'2021-01-07 00:00:00','atm w/l pkng airport exp',0,10000,'Transfer',0,0),(1087,10,10004,'2020-12-31 00:00:00','desk hashir ',0,5000,'Receipt',0,0),(1088,10004,1,'2020-12-31 00:00:00','hashir atm w/l',0,5000,'Transfer',0,0),(1089,10004,10029,'2021-01-08 00:00:00','mandrek dec',0,8250,'Payment',0,0),(1090,10004,1,'2021-01-08 00:00:00','riswan atm w/l',0,5000,'Transfer',0,0),(1091,10004,10037,'2020-12-21 00:00:00','travel to manglore creta',0,5465,'Payment',0,0),(1092,10004,10041,'2020-12-21 00:00:00','to sakeer from manglore trip 20k',0,8890,'Payment',0,0),(1093,10004,10,'2020-12-21 00:00:00','sakeer patt ',0,645,'Payment',0,0),(1094,10004,10,'2021-01-08 00:00:00','desk cash for hashir ',0,5000,'Payment',0,0),(1096,10015,0,'2020-12-29 00:00:00','hc',11500,11500,'Receipt',1,39),(1098,10015,0,'2020-12-18 00:00:00','hc',11500,11500,'Receipt',1,38),(1099,10015,0,'2021-01-09 00:00:00','hc',11500,11500,'Receipt',1,37),(1100,10015,0,'2021-01-07 00:00:00','hc',11500,11500,'Receipt',1,40),(1102,10004,20,'2021-01-10 00:00:00','net transfer',0,30000,'Payment',0,0),(1103,10004,58,'2021-01-10 00:00:00','net transfer',0,15000,'Payment',0,0),(1104,10028,10010,'2021-01-08 00:00:00','BY BANK',0,5306.12,'Receipt',0,0),(1106,10010,10004,'2021-01-08 00:00:00','$5306.12',0,381859,'Transfer',0,0),(1107,1,10014,'2020-12-02 00:00:00','ma200/al nile',0,7250,'Payment',0,0),(1108,1,10014,'2020-12-12 00:00:00','ma203/al nile',0,6130,'Payment',0,0),(1109,1,10014,'2020-12-19 00:00:00','ma212/al nile',0,6335,'Payment',0,0),(1110,1,10014,'2020-12-28 00:00:00','ma221/al nile',0,6310,'Payment',0,0),(1111,1,10014,'2021-01-08 00:00:00','ma231/al nile',0,5433,'Payment',0,0),(1112,10028,10010,'2021-01-11 00:00:00','by hand',0,5424.46,'Receipt',0,0),(1113,10010,10004,'2021-01-11 00:00:00','$5424.46',0,400000,'Transfer',0,0),(1114,10004,11,'2021-01-11 00:00:00','net transfer',0,50000,'Payment',0,0),(1115,10004,4,'2021-01-11 00:00:00','kanyakumari with wife',0,10000,'Payment',0,0),(1116,10004,46,'2021-01-11 00:00:00','yunus ustad kuri',0,5000,'Payment',0,0),(1117,10004,7,'2021-01-11 00:00:00','gpay for friend',0,1000,'Payment',0,0),(1118,10004,10,'2021-01-11 00:00:00','airport rotate cash for tile kanyakumari .balance to his account',0,50000,'Payment',0,0),(1119,10004,10034,'2021-01-11 00:00:00','adav bolero 27920',0,28000,'Payment',0,0),(1120,10004,8,'2021-01-08 00:00:00','jaseer kuri',0,5000,'Payment',0,0),(1122,9,10004,'2021-01-06 00:00:00','riswan salary',0,6000,'Receipt',0,0),(1123,10004,8,'2021-01-06 00:00:00','haneefa transfer',0,6000,'Payment',0,0),(1124,10004,8,'2021-01-13 00:00:00','at office for another kuri',0,4000,'Payment',0,0),(1125,10004,10,'2021-01-13 00:00:00','yooonus ustad kuri',0,10000,'Payment',0,0),(1126,10035,0,'2021-01-07 00:00:00','pd',10000,10000,'Receipt',1,40),(1127,10004,6,'2021-01-13 00:00:00','cash rotate repay by jasar',0,200000,'Payment',0,0),(1128,10004,30,'2021-01-13 00:00:00','net transfer',0,30000,'Payment',0,0),(1129,10007,0,'2021-01-08 00:00:00','Flight charge',0,140557,'Receipt',1,40),(1131,10028,10010,'2021-01-18 00:00:00','by hand',0,6800.87,'Receipt',0,0),(1132,10010,10004,'2021-01-18 00:00:00','$6800.87',0,500000,'Transfer',0,0),(1133,10004,18,'2021-01-18 00:00:00','net transfer',0,80000,'Payment',0,0),(1134,10004,15,'2021-01-18 00:00:00','by cdm cmd',0,20000,'Payment',0,0),(1135,10004,20,'2021-01-18 00:00:00','by cdm cmd',0,30000,'Payment',0,0),(1136,10004,19,'2021-01-18 00:00:00','iob cmd',0,30000,'Payment',0,0),(1137,10004,30,'2021-01-18 00:00:00','by sib cmd',0,50000,'Payment',0,0),(1138,10004,10007,'2021-01-18 00:00:00','sbi klpm,net transfer',0,150000,'Payment',0,0),(1139,10004,16,'2021-01-18 00:00:00','net transfer',0,30000,'Payment',0,0),(1140,10004,59,'2021-01-18 00:00:00','net transfer',0,10000,'Payment',0,0),(1141,10004,10029,'2021-01-18 00:00:00','nov dec shakeer 1375*24',0,33000,'Payment',0,0),(1142,10004,3,'2021-01-18 00:00:00','@office ',0,15000,'Payment',0,0),(1143,10004,6,'2021-01-18 00:00:00','jasar hand',0,10000,'Payment',0,0),(1144,10004,8,'2021-01-18 00:00:00','@road for manappuram g loaan pay',0,3000,'Payment',0,0),(1145,10004,46,'2021-01-18 00:00:00','dresss',0,2000,'Payment',0,0),(1147,10004,10023,'2021-01-18 00:00:00','bike petrol 2 times',0,150,'Payment',0,0),(1151,9,10004,'2021-01-18 00:00:00','for sahayamakwin',0,70000,'Receipt',0,0),(1152,10004,11,'2021-01-18 00:00:00','haneefa icici',0,70000,'Payment',0,0),(1153,10007,0,'2021-01-19 00:00:00','Flight charge',0,63997,'Receipt',1,41),(1154,10035,0,'2021-01-19 00:00:00','Divdent',0,10000,'Receipt',1,41),(1156,10030,10004,'2020-11-01 00:00:00','ichava  added mandrek cash to 6L',0,41000,'Receipt',0,0),(1157,10004,3,'2020-11-01 00:00:00','MANDREK SHARE BALNCE CASH TRANSFERED TO ICHAVA ',0,41000,'Payment',0,0),(1159,10004,1,'2021-01-19 00:00:00','ATM W/L FOR EXP',0,15000,'Transfer',0,0),(1160,10004,10025,'2021-01-18 00:00:00','NET RECHARGE',0,650,'Payment',0,0),(1162,10004,21,'2021-01-19 00:00:00','NET TRANSFER',0,10000,'Payment',0,0),(1163,10004,21,'2021-01-20 00:00:00','monuttan office',0,2000,'Payment',0,0),(1164,10004,9,'2021-01-22 00:00:00','PATT@ OFFICE',0,1650,'Payment',0,0),(1165,10,10004,'2021-01-10 00:00:00','THANGAL VISIT KNK',0,24150,'Receipt',0,0),(1166,10004,10037,'2021-01-10 00:00:00','THANGAL VISIT KNK FOR DEMOLISHING',0,24150,'Payment',0,0),(1167,9,10004,'2020-07-10 00:00:00','FOR BAPUTTY CAPITAL RETURN',0,50000,'Receipt',0,0),(1168,10004,10029,'2020-07-10 00:00:00','FOR BAPUTTY CAPITAL RETURN HANEEFA',0,50000,'Payment',0,0),(1169,10004,1,'2020-12-29 00:00:00','RISWAN ATM+WITHDRAWN(15+5)',0,20000,'Transfer',0,0),(1170,10004,1,'2021-01-22 00:00:00','atm w/l for tile works and exp',0,3000,'Transfer',0,0),(1171,10028,10010,'2021-01-27 00:00:00','BY HAND',0,5441.43,'Receipt',0,0),(1172,10010,10004,'2021-01-27 00:00:00','$5441.43',0,400000,'Transfer',0,0),(1173,10004,10007,'2021-01-27 00:00:00','BY SBI KLPM',0,100000,'Payment',0,0),(1174,10004,11,'2021-01-27 00:00:00','SBI KLPM',0,50000,'Payment',0,0),(1175,10004,18,'2021-01-27 00:00:00','NET TRANSFER',0,30000,'Payment',0,0),(1176,10004,12,'2021-01-27 00:00:00','NET TRANSFER',0,50000,'Payment',0,0),(1177,10004,30,'2021-01-27 00:00:00','NET TRANSFER',0,40000,'Payment',0,0),(1178,10004,20,'2021-01-27 00:00:00','NET TRANSFER',0,30000,'Payment',0,0),(1179,10004,9,'2021-01-27 00:00:00','HDFC CREDIT CARD ADAV',0,11500,'Payment',0,0),(1180,10004,10,'2021-01-27 00:00:00','KNK PAID AMOUNT RETURN',0,20000,'Payment',0,0),(1181,10004,46,'2021-01-27 00:00:00','KNK AMOUT RETURN',0,10000,'Payment',0,0),(1182,10004,21,'2021-01-27 00:00:00','SALARY AT OFFICE',0,2000,'Payment',0,0),(1184,46,10004,'2021-01-21 00:00:00','FOR AIRPORT EXP FOR JABI',0,10000,'Receipt',0,0),(1186,10004,10023,'2021-01-27 00:00:00','PETROL',0,100,'Payment',0,0),(1188,10007,0,'2020-12-13 00:00:00','Flight charge',0,146557,'Receipt',1,37),(1189,10007,0,'2020-12-18 00:00:00','Flight charge',0,249112,'Receipt',1,38),(1191,1,10014,'2021-01-18 00:00:00','MA235',0,5073,'Payment',0,0),(1192,10004,1,'2021-01-28 00:00:00','HYANEEFA FOR BANGLORE PURPOSE TRANSFER',0,8000,'Transfer',0,0),(1193,10004,8,'2021-01-28 00:00:00','TO HIS ACCOUNT FOR  SALARY',0,2000,'Payment',0,0),(1194,10004,1,'2021-01-28 00:00:00','ATM W/L ',0,5000,'Transfer',0,0),(1195,10004,1,'2021-01-01 00:00:00','ATM W/L ',0,5000,'Transfer',0,0),(1196,6,10004,'2021-02-01 00:00:00','ROTATION FOR AIRWAYS',0,172500,'Receipt',0,0),(1197,10004,10007,'2021-02-01 00:00:00','SBI KLPM + TRANSFER',0,150000,'Payment',0,0),(1198,10004,10015,'2021-02-01 00:00:00','NET TRANSFER',0,11500,'Payment',0,0),(1199,10004,10034,'2021-02-01 00:00:00','TN PERMITT JAYARAJAN',0,2300,'Payment',0,0),(1200,10015,0,'2021-01-18 00:00:00','Hc',11500,11500,'Receipt',1,41),(1201,9,10004,'2021-02-01 00:00:00','mubarak kinfra for airway',0,100000,'Receipt',0,0),(1202,10004,10007,'2021-02-01 00:00:00','by transfer',0,100000,'Payment',0,0),(1203,10004,10023,'2021-02-01 00:00:00','diesel kinfra +food+cmd cdm',0,300,'Payment',0,0),(1204,10004,1,'2021-02-01 00:00:00','for airport exp atmw/l',0,8500,'Transfer',0,0),(1206,10004,10007,'2021-02-02 00:00:00','NET TRANSFER',0,90000,'Payment',0,0),(1207,10004,11,'2021-02-02 00:00:00','NET TRANSFER',0,10000,'Payment',0,0),(1208,10004,1,'2021-01-25 00:00:00','jabi for airport and exp',0,10000,'Transfer',0,0),(1209,10004,1,'2021-02-01 00:00:00','atm w/l for knk exp',0,5000,'Transfer',0,0),(1210,10003,10012,'2020-12-16 00:00:00','subcharge',0,27,'Payment',0,0),(1211,10003,10012,'2021-01-12 00:00:00','cash dep charge',0,746,'Payment',0,0),(1212,10003,10012,'2021-01-18 00:00:00','mobile alert charge',0,30,'Payment',0,0),(1213,10003,10012,'2021-01-18 00:00:00','cash dep charge',0,177,'Payment',0,0),(1214,10003,10025,'2021-01-12 00:00:00','jio modem knk',0,152,'Payment',0,0),(1215,10003,9,'2021-01-22 00:00:00','train ticket to knk',0,1315,'Payment',0,0),(1217,10003,10012,'2020-12-30 00:00:00','CASH DEP charge',0,472,'Payment',0,0),(1218,10003,10012,'2020-12-30 00:00:00','cash dep charge',0,378,'Payment',0,0),(1219,10003,10012,'2021-01-02 00:00:00','mobile alrert',0,30,'Payment',0,0),(1220,10035,0,'2021-02-02 00:00:00','Divident',10000,10000,'Receipt',1,42),(1221,10007,0,'2021-02-02 00:00:00','Flight exp',0,397462,'Receipt',1,42),(1222,10003,2,'2021-01-25 00:00:00','TRAINTICKET',0,438,'Payment',0,0),(1223,10003,10012,'2021-01-07 00:00:00','AL NILE FOREX PAYMENT',0,492,'Payment',0,0),(1225,10004,10034,'2021-02-04 00:00:00','bolero jan adav',0,27980,'Payment',0,0),(1226,10004,10,'2021-02-04 00:00:00','adav balance amount credited to account',0,20,'Payment',0,0),(1227,10004,9,'2021-02-05 00:00:00','REPAID MUBARAK KINFRA CASH ROTATION',0,100000,'Payment',0,0),(1228,1,10014,'2021-02-01 00:00:00','MA250/al nile',0,7690,'Payment',0,0),(1229,10004,10029,'2021-02-04 00:00:00','mandrek 1375*6',0,8250,'Payment',0,0),(1230,10004,10024,'2021-02-06 00:00:00','parts for knk mechieme by namees',0,500,'Payment',0,0),(1231,10004,1,'2020-12-18 00:00:00','atm w/l',0,5000,'Transfer',0,0),(1232,10004,10003,'2020-12-18 00:00:00','shihas federal transfer ',0,5000,'Transfer',0,0),(1233,10004,1,'2021-02-06 00:00:00','jabi atm w/l',0,8000,'Transfer',0,0),(1234,10041,10003,'2021-02-06 00:00:00','draw back 2',0,13459,'Receipt',0,0),(1235,10003,10,'2021-02-06 00:00:00','draw back cash returned  as payment',0,13459,'Payment',0,0),(1236,10030,10004,'2021-02-01 00:00:00','kKabeer.thomman kadan cheque#',0,100000,'Receipt',0,0),(1237,10030,10004,'2021-02-04 00:00:00','kabeer.thommankadan .cheque#',0,200000,'Receipt',0,0),(1239,10004,1,'2021-02-06 00:00:00','sheet welding purpose',0,21056,'Transfer',0,0),(1240,10,10004,'2021-02-13 00:00:00','for return kanyakumari jabi and skr',0,3180,'Receipt',0,0),(1241,10004,10037,'2021-02-13 00:00:00','for returning from knk to atl jabi and sakeer',0,3180,'Payment',0,0),(1242,10028,10010,'2021-02-16 00:00:00','BY HAAND',0,4765.79,'Receipt',0,0),(1243,10010,10004,'2021-02-16 00:00:00','$4765.79',0,350000,'Transfer',0,0),(1244,10004,4,'2021-02-16 00:00:00','OFFICE',0,6000,'Payment',0,0),(1245,10004,7,'2021-02-16 00:00:00','OFFICE ATL',0,10000,'Payment',0,0),(1246,10004,5,'2021-02-16 00:00:00','OFFICE ATL',0,15000,'Payment',0,0),(1247,10004,21,'2021-02-16 00:00:00','OFFICE ATL',0,15000,'Payment',0,0),(1248,10004,10,'2021-02-16 00:00:00','OFFICE ATL AGAINST ROTATION',0,75000,'Payment',0,0),(1249,10003,10,'2021-02-16 00:00:00','DB AMOUNT PAID BALNCE',0,3411,'Payment',0,0),(1250,10004,9,'2021-02-16 00:00:00','SAHAYAM ROTATION CASH RETURN',0,70000,'Payment',0,0),(1251,10004,9,'2021-02-16 00:00:00','OFFICE ATL SALARY',0,20000,'Payment',0,0),(1252,10004,6,'2021-02-16 00:00:00','REPAID CASH FOR  AKBAR CARGO ROTATION',0,65000,'Payment',0,0),(1253,10004,10003,'2021-02-16 00:00:00','FOR KEEPING MINIMUM BALANCE',0,5000,'Transfer',0,0),(1254,10004,10023,'2021-02-16 00:00:00','MALAPPURAM & CMD FOR RECIEVING AND DEP',0,400,'Payment',0,0),(1255,10004,10027,'2021-02-16 00:00:00','AREETHALA JAN',0,1650,'Payment',0,0),(1258,10004,46,'2021-02-16 00:00:00','KURI ASIAMA',0,10000,'Payment',0,0),(1259,10004,2,'2021-02-16 00:00:00','OFFICE ATL',0,5000,'Payment',0,0),(1260,10004,10025,'2021-02-16 00:00:00','MODEM RECHARGE',0,650,'Payment',0,0),(1264,10004,10027,'2021-01-18 00:00:00','AREETHALA DEC',0,1650,'Payment',0,0),(1265,10004,10024,'2021-02-17 00:00:00','PRINTER REPAIR BY SIGNET',0,300,'Payment',0,0),(1267,10004,10044,'2021-02-16 00:00:00','SHOPE RENT  BY HANEEFA ',0,15000,'Payment',0,0),(1269,10004,10044,'2020-12-10 00:00:00','AIF CANARA BANK CMD CASH DEPOSITS',0,69000,'Payment',0,0),(1270,10004,10044,'2020-11-05 00:00:00','FISH PURCHASE BY JABI',0,6000,'Payment',0,0),(1271,10004,10044,'2021-01-09 00:00:00','NOUSHAD SALARY AT OFFICE ATL GPAY',0,1500,'Payment',0,0),(1275,10004,21,'2021-02-17 00:00:00','SHIHAS TRANSFER TO FEDERAL',0,5000,'Payment',0,0),(1276,10004,53,'2021-02-17 00:00:00','AC WORK@MALAPPURAM .BILL3200+BUS70+200DIESEL+80 TEA',0,3550,'Payment',0,0),(1278,6,10004,'2021-02-01 00:00:00','TO  BANGLORE  PURPOSE ',0,12500,'Receipt',0,0),(1280,10004,10024,'2020-10-20 00:00:00','TIRUR LIGHT TO KNK ICHAVA+PETROL',0,3790,'Payment',0,0),(1282,10004,10025,'2020-10-16 00:00:00','net office oct',0,655,'Payment',0,0),(1283,10004,74,'2020-12-12 00:00:00','banglore haneefa',0,30000,'Payment',0,0),(1284,10004,10044,'2021-02-19 00:00:00','shajahanka salary',0,5000,'Payment',0,0),(1285,10004,46,'2021-02-17 00:00:00','haneefa icici',0,10000,'Payment',0,0),(1286,10004,10045,'2020-10-31 00:00:00','light fittings rasheedka TIR',0,2000,'Payment',0,0),(1287,10004,10045,'2021-01-08 00:00:00','BANGLORE TRANSPORATION KNK to banglore for shope opening',0,8000,'Payment',0,0),(1288,10004,10045,'2021-01-19 00:00:00','shope flex board establishing',0,4000,'Payment',0,0),(1289,10004,10045,'2021-01-27 00:00:00',' For shope inaguration to Bava account via phone pay by jabi',0,20000,'Payment',0,0),(1290,10004,10045,'2021-02-01 00:00:00','shope running exp jasar rotation',0,12500,'Payment',0,0),(1291,10004,10045,'2021-02-05 00:00:00','shope rent paid haneefa icici',0,7500,'Payment',0,0),(1292,10004,10045,'2021-02-17 00:00:00','fish hub designing charge by thabsheer',0,5000,'Payment',0,0),(1293,10,10004,'2020-12-03 00:00:00','banglore purchase roration',0,35000,'Receipt',0,0),(1294,10004,10044,'2020-12-03 00:00:00','for shope purchasing  exp by skr',0,35000,'Payment',0,0),(1295,10,10004,'2020-12-07 00:00:00','hdfc credit card swipe',0,9500,'Receipt',0,0),(1296,10004,10044,'2020-12-07 00:00:00','hdfc credit card swipe',0,9500,'Payment',0,0),(1298,10002,10010,'2021-02-21 00:00:00','by hand',0,4468.9,'Receipt',0,0),(1299,10010,10004,'2021-02-21 00:00:00','$4468.90',0,316755,'Transfer',0,0),(1300,10002,10010,'2021-02-21 00:00:00','by hand',0,531.1,'Receipt',0,0),(1302,10010,10004,'2021-02-21 00:00:00','$531.10',0,37645,'Transfer',0,0),(1303,10028,10010,'2021-02-21 00:00:00','by hand malappuram',0,6808.27,'Receipt',0,0),(1304,10010,10004,'2021-02-21 00:00:00','$6808.27',0,500000,'Transfer',0,0),(1305,10004,10007,'2021-02-22 00:00:00','sbi klpm',0,100000,'Payment',0,0),(1306,10004,11,'2021-02-22 00:00:00','sbi klpm',0,100000,'Payment',0,0),(1307,10004,15,'2021-02-22 00:00:00','icici cdm cmd',0,40000,'Payment',0,0),(1308,10004,12,'2021-02-22 00:00:00','icici cmd cdm',0,40000,'Payment',0,0),(1309,10004,20,'2021-02-22 00:00:00','icicic cmd',0,50000,'Payment',0,0),(1310,10004,30,'2021-02-22 00:00:00','sib cmd',0,50000,'Payment',0,0),(1311,10004,18,'2021-02-22 00:00:00','net transfer',0,50000,'Payment',0,0),(1314,10004,6,'2021-02-22 00:00:00','RASHEED KA ROTATION CASH',0,185000,'Payment',0,0),(1315,10004,10044,'2021-02-22 00:00:00','WITHDRAWN BANGLORE CASH BY RASHEEDKA CARE OF',0,65000,'Payment',0,0),(1316,10004,10023,'2021-02-21 00:00:00','CASH RECIPT MALAPPURAM',0,400,'Payment',0,0),(1317,10004,10023,'2021-02-22 00:00:00','CHEMMAD',0,100,'Payment',0,0),(1318,10004,10,'2021-02-23 00:00:00','repaid rotation cash',0,100000,'Payment',0,0),(1319,10004,10024,'2021-02-23 00:00:00','welding work rafeek knk',0,10500,'Payment',0,0),(1320,10004,10024,'2021-02-23 00:00:00','hashir ',0,5300,'Payment',0,0),(1321,10041,10004,'2021-02-25 00:00:00','db sakeer',0,14521,'Receipt',0,0),(1324,10004,10024,'2021-02-18 00:00:00','cctv wure return ob',0,10000,'Payment',0,0),(1325,10004,10,'2021-02-25 00:00:00','db amout return for salary payment',0,14520,'Payment',0,0),(1326,10004,10024,'2021-03-01 00:00:00','stamp paper for kabeer ',0,200,'Payment',0,0),(1327,10004,10023,'2021-03-01 00:00:00','for chemmad mudra paper',0,100,'Payment',0,0),(1328,10004,10044,'2021-02-22 00:00:00','BY HANEEFA ICICI ACCOUNT',0,31000,'Payment',0,0),(1329,10004,9,'2021-02-22 00:00:00','ICIC Ddm account total 49000',0,18000,'Payment',0,0),(1331,10004,10,'2020-11-10 00:00:00','Steel that  fish banglore at valiyaparambu',0,22000,'Payment',0,0),(1332,10004,10,'2020-11-10 00:00:00','steelthatt road way courier package',0,2890,'Payment',0,0),(1334,10,10004,'2021-03-16 00:00:00','cable net',0,655,'Receipt',0,0),(1335,10004,10025,'2021-03-16 00:00:00','cable net',0,655,'Payment',0,0),(1336,10004,10027,'2021-03-08 00:00:00','areethala',0,1650,'Payment',0,0),(1337,10028,10010,'2021-03-30 00:00:00','by hand mlpm',0,5467.46,'Receipt',0,0),(1338,10010,10004,'2021-03-30 00:00:00','5467.46',0,400000,'Transfer',0,0),(1341,10004,10024,'2021-03-26 00:00:00','kabeer agreement printing charge',0,300,'Payment',0,0),(1345,10,10004,'2021-03-05 00:00:00','MANDREK DIVIDENT',0,11000,'Receipt',0,0),(1346,10004,10029,'2021-03-05 00:00:00','MANDREK MARCH',0,8250,'Payment',0,0),(1347,10004,9,'2021-03-05 00:00:00','MANDERK MARCH',0,2750,'Payment',0,0),(1348,10,10004,'2021-03-10 00:00:00','GOLD RENEW',0,8000,'Receipt',0,0),(1349,10004,10024,'2021-03-10 00:00:00','GOLD RENEW',0,5400,'Payment',0,0),(1354,10,10004,'2021-03-16 00:00:00','ROOM RENT',0,1650,'Receipt',0,0),(1355,10004,10027,'2021-03-16 00:00:00','FEB',0,1650,'Payment',0,0),(1356,10,10004,'2021-04-03 00:00:00','ROOM RENT',0,1650,'Receipt',0,0),(1357,10004,10027,'2021-04-03 00:00:00','AREETHALA',0,1650,'Payment',0,0),(1358,10,10004,'2021-03-05 00:00:00','bolero adav',0,27920,'Receipt',0,0),(1359,10004,10034,'2021-03-05 00:00:00','bolero adav feb ',0,27980,'Payment',0,0),(1360,10004,46,'2021-03-10 00:00:00','gold renew balance',0,1720,'Payment',0,0),(1362,10004,10,'2021-03-31 00:00:00','FROM DXB CASH  4 LAKH',0,31000,'Payment',0,0),(1363,10004,9,'2021-04-02 00:00:00','BAGLORE DAYS FROM SHIHAS FEDERAL TRANSFER',0,40000,'Payment',0,0),(1364,10,10004,'2021-04-08 00:00:00','FROM KAPPI TO MANDREK',0,271000,'Receipt',0,0),(1365,10004,10030,'2021-04-08 00:00:00','MANDREK KAPPI CASH SAKEER',0,271000,'Payment',0,0),(1366,10004,10030,'2021-04-08 00:00:00','MANDREK CASH RETURNED FROM DXB 4 LAKH CASH',0,329000,'Payment',0,0),(1367,10,10004,'2021-04-05 00:00:00','BOLERO ADAV',0,27980,'Receipt',0,0),(1368,10004,10034,'2021-04-05 00:00:00','ADAV APRIL SAKEER',0,27980,'Payment',0,0),(1369,10041,10004,'2021-04-27 00:00:00','db @icici',0,10000,'Receipt',0,0),(1370,10004,1,'2021-04-27 00:00:00','electrcity bill',0,10000,'Transfer',0,0),(1371,10004,10025,'2021-04-21 00:00:00','net recharge',0,660,'Payment',0,0),(1372,10004,46,'2021-04-30 00:00:00','SALARY TILL',0,10000,'Payment',0,0),(1373,10,10004,'2021-05-10 00:00:00','BOLERO ADAV ',0,27980,'Receipt',0,0),(1374,10004,10034,'2021-05-10 00:00:00','APRIL ADAV ',0,27980,'Payment',0,0),(1375,21,10004,'2021-05-29 00:00:00','PATT CLOSED',0,80419,'Receipt',0,0),(1376,10004,10,'2021-05-29 00:00:00','RASHEED PATT CLOSED  ON WORKING PARTNERS DIVIDENT',0,80419,'Payment',0,0),(1377,10,10004,'2021-05-29 00:00:00','RAY Z SCOOTER SALE',0,22000,'Receipt',0,0),(1378,10004,10024,'2021-05-29 00:00:00','RAY Z SCOOTER PURCHASE FOR AS',0,22000,'Payment',0,0),(1379,10,10004,'2021-06-05 00:00:00','for bolero adav',0,27980,'Receipt',0,0),(1380,10004,10034,'2021-06-05 00:00:00','april adav',0,27980,'Payment',0,0);
/*!40000 ALTER TABLE `account_voucher` ENABLE KEYS */;
UNLOCK TABLES;

--
-- Table structure for table `airway_items`
--

DROP TABLE IF EXISTS `airway_items`;
/*!40101 SET @saved_cs_client     = @@character_set_client */;
/*!50503 SET character_set_client = utf8mb4 */;
CREATE TABLE `airway_items` (
  `id_airway_items` int NOT NULL AUTO_INCREMENT,
  `id_rough_invoice` int NOT NULL,
  `id_product` int NOT NULL,
  `kg` double NOT NULL,
  `box` int NOT NULL,
  `total` double NOT NULL,
  PRIMARY KEY (`id_airway_items`)
) ENGINE=InnoDB AUTO_INCREMENT=21 DEFAULT CHARSET=utf8mb4 COLLATE=utf8mb4_0900_ai_ci;
/*!40101 SET character_set_client = @saved_cs_client */;

--
-- Dumping data for table `airway_items`
--

LOCK TABLES `airway_items` WRITE;
/*!40000 ALTER TABLE `airway_items` DISABLE KEYS */;
INSERT INTO `airway_items` VALUES (4,1,3,30,3,90),(5,1,2,30,1,30),(6,1,1,30,28,840),(10,2,3,30,1,30),(11,2,2,30,1,30),(12,2,1,30,31,930),(13,3,2,30,5,150),(14,3,1,30,33,990),(15,5,2,30,1,30),(16,5,1,30,30,900),(17,7,1,30,26,780),(18,7,2,30,3,90),(19,6,1,30,23,690),(20,6,2,30,5,150);
/*!40000 ALTER TABLE `airway_items` ENABLE KEYS */;
UNLOCK TABLES;

--
-- Table structure for table `documents`
--

DROP TABLE IF EXISTS `documents`;
/*!40101 SET @saved_cs_client     = @@character_set_client */;
/*!50503 SET character_set_client = utf8mb4 */;
CREATE TABLE `documents` (
  `id_document` int NOT NULL AUTO_INCREMENT,
  `id_invoice` int NOT NULL,
  `name` varchar(120) NOT NULL,
  `remarks` varchar(500) NOT NULL,
  `file` varchar(1000) DEFAULT NULL,
  PRIMARY KEY (`id_document`)
) ENGINE=InnoDB AUTO_INCREMENT=53 DEFAULT CHARSET=utf8mb4 COLLATE=utf8mb4_0900_ai_ci;
/*!40101 SET character_set_client = @saved_cs_client */;

--
-- Dumping data for table `documents`
--

LOCK TABLES `documents` WRITE;
/*!40000 ALTER TABLE `documents` DISABLE KEYS */;
INSERT INTO `documents` VALUES (8,13,'Document 1','ALL DOCS','RASHEED DOC MA098.pdf'),(10,7,'Document 1','ALL','DUBAI DOC MA071.pdf'),(11,12,'Document 1','ALL','RASHEED MA092.pdf'),(13,9,'Document 1','ALL','RASHEED RHS DOC MA089.pdf'),(17,6,'Document 1','ALL','DUBAI DOC MA064.pdf'),(18,1,'Document 1','HC','MARIA FISH HEALTH_ MA036.pdf'),(19,1,'Document 2','OTHER','MARIA FISH_0001  MA036.pdf'),(20,3,'Document 3','SB','SB MA036.pdf'),(22,18,'Document 1','docs','RASHEED DOC (2) ma122.pdf'),(23,17,'Document 1','docs','MA117 RASHEED.pdf'),(24,16,'Document 1','docs','rasheed doc  MA107.pdf'),(25,16,'Document 2','SHIPPING BILL','SB MA107.pdf'),(26,15,'Document 1','SHIPPING BILL','SB MA102.pdf'),(27,15,'Document 2','DOCS','RASHEED DOC (MA102.pdf'),(28,13,'Document 2','SHIPPING BILL','SB MA098.pdf'),(29,12,'Document 2','SHIPPING BILL','SB MA092.pdf'),(30,1,'Document 3','SHIPPING BILL EP COPY','LEO.pdf'),(31,1,'Document 3','SB EXP COPY','EX COPY.pdf'),(32,3,'Document 1','ALL','SHIPPING DOC MA039.pdf'),(33,4,'Document 1','ALL','DUBAI SHIPPING DOC RASHEED MA047.pdf'),(34,4,'Document 2','SHIPPING BILL','SB MA047.pdf'),(35,5,'Document 1','ALL','MA053.pdf'),(36,5,'Document 2','SHIPPING BILL','SB MA053.pdf'),(37,14,'Document 1','HC','MARIA CO MA101.pdf'),(38,14,'Document 2','INV','MARIA INV-PKL MA101.pdf'),(39,14,'Document 2','CHAMBER','MARUA CO MA101.pdf'),(40,14,'Document 3','SHIPPING BILL','SB MA  101 KOCHIN.pdf'),(41,17,'Document 2','SHIPPING BILL','SB MA117.pdf'),(42,6,'Document 2','SHIPPING BILL','MARIA RASHEED SB NO.4274490 MA064.pdf'),(43,7,'Document 2','SHIPPING BILL','MARIA.RASHEED.SB.4439576MA071.pdf'),(44,8,'Document 2','SHIPPING BILL','MARIA RASHEED.DXB SB NO.4554811 MA080.pdf'),(45,9,'Document 2','SHIPPING BILL','MARIA RASHEED.DXB.SB NO.4637058 MA089.pdf'),(46,8,'Document 1','ALL','RASHEED DOC MA080.pdf'),(47,8,'Document 1','ALL','RASHEED DOC MA080.pdf'),(48,18,'Document 2','SHIPPING BILL','SB.5249091 MARIA  RASHEED DXB MA122.pdf'),(49,19,'Document 1','ALL','RASHEED DOC MA125.pdf'),(51,20,'Document 1','ALL','rate inv ma124.pdf'),(52,19,'Document 2','SHIPPING BILL','SB MA125.pdf');
/*!40000 ALTER TABLE `documents` ENABLE KEYS */;
UNLOCK TABLES;

--
-- Table structure for table `invoice`
--

DROP TABLE IF EXISTS `invoice`;
/*!40101 SET @saved_cs_client     = @@character_set_client */;
/*!50503 SET character_set_client = utf8mb4 */;
CREATE TABLE `invoice` (
  `id_invoice` int NOT NULL AUTO_INCREMENT,
  `invoice_no` varchar(100) NOT NULL,
  `date` datetime NOT NULL,
  `order_no` varchar(11) NOT NULL,
  `buyer_date` date NOT NULL,
  `consigner` int NOT NULL,
  `consignee` int NOT NULL,
  `other` varchar(250) NOT NULL,
  `buyer` varchar(250) NOT NULL,
  `country_origin` varchar(110) NOT NULL,
  `country_final` varchar(110) NOT NULL,
  `pre_carriage` varchar(100) NOT NULL,
  `receipt_place` varchar(100) NOT NULL,
  `vessel_no` varchar(100) NOT NULL,
  `port_load` varchar(110) NOT NULL,
  `port_discharge` varchar(110) NOT NULL,
  `final_destination` varchar(110) NOT NULL,
  `marks` varchar(110) NOT NULL,
  `container_no` varchar(110) NOT NULL,
  `awb_no` varchar(100) NOT NULL,
  `terms` varchar(500) NOT NULL,
  `conversion_rate` double DEFAULT '0',
  `status` varchar(100) DEFAULT NULL,
  `consigner_address` varchar(250) DEFAULT NULL,
  `consignee_address` varchar(750) DEFAULT NULL,
  `discount` double DEFAULT NULL,
  `narration` varchar(1000) DEFAULT NULL,
  `purchase` double DEFAULT '0',
  `freight_password` varchar(250) DEFAULT NULL,
  PRIMARY KEY (`id_invoice`)
) ENGINE=InnoDB AUTO_INCREMENT=44 DEFAULT CHARSET=utf8mb4 COLLATE=utf8mb4_0900_ai_ci;
/*!40101 SET character_set_client = @saved_cs_client */;

--
-- Dumping data for table `invoice`
--

LOCK TABLES `invoice` WRITE;
/*!40000 ALTER TABLE `invoice` DISABLE KEYS */;
INSERT INTO `invoice` VALUES (1,'MA036/20-21','2020-07-01 00:00:00','001','2020-07-01',10001,10002,'','','1','2','','','','KOCHI','','2','','','17618023456','',72.45,'Shipped','MARIA STREET . KANYAKUMARI (DIST). TAMIL NADU KANYAKUMARI','RHS FOOD STUFF TRADING LLC.\nPO BOX NO: 39694\nDUBAI FISH MARKET \nUNITED ARAB EMIRATES',0,'SEVEN THOUSAND ONE HUNDRED AND SIXTY NINE ONLY',249185,NULL),(3,'MA039/20-21','2020-07-07 00:00:00','002','2020-07-07',10001,10002,'','','1','2','','','','TRIVANDRUM','','2','','','','',70,'Shipped','MARIA STREET . KANYAKUMARI (DIST). TAMIL NADU KANYAKUMARI','RHS FOOD STUFF TRADING LLC.\nPO BOX NO: 39694\nDUBAI FISH MARKET \nUNITED ARAB EMIRATES',0,'',249830,NULL),(4,'MA047/20-21','2020-07-11 00:00:00','003','2020-07-11',10001,10002,'','','','','','','','TRIVANDRUM','','2','','','','',73,'Shipped','MARIA STREET . KANYAKUMARI (DIST). TAMIL NADU KANYAKUMARI','RHS FOOD STUFF TRADING LLC.\nPO BOX NO: 39694\nDUBAI FISH MARKET \nUNITED ARAB EMIRATES',0,'',320340,NULL),(5,'MA053/20-21','2020-07-17 00:00:00','004','2020-07-17',10001,10002,'','','1','2','','','','TRIVANDRUM','','2','','','176 1930 1881','',70,'Shipped','MARIA STREET . KANYAKUMARI (DIST). TAMIL NADU KANYAKUMARI','RHS FOOD STUFF TRADING LLC.\nPO BOX NO: 39694\nDUBAI FISH MARKET \nUNITED ARAB EMIRATES',916.8,'',245177,NULL),(6,'MA064/20-21','2020-08-04 00:00:00','005','2020-08-04',10001,10002,'','','1','2','','','','TRIVANDRUM','','2','','','17623898372','',71,'Shipped','MARIA STREET . KANYAKUMARI (DIST). TAMIL NADU KANYAKUMARI','RHS FOOD STUFF TRADING LLC.\nPO BOX NO: 39694\nDUBAI FISH MARKET \nUNITED ARAB EMIRATES',0,'',253260,NULL),(7,'MA071/20-21','2020-08-11 00:00:00','006','2020-08-11',10001,10002,'','','1','2','','','','TRIVANDRUM','','2','','','','',72.88,'Shipped','MARIA STREET . KANYAKUMARI (DIST). TAMIL NADU KANYAKUMARI','RHS FOOD STUFF TRADING LLC.\nPO BOX NO: 39694\nDUBAI FISH MARKET \nUNITED ARAB EMIRATES',0,'',292175,NULL),(8,'MA080/20-21','2020-08-17 00:00:00','006','2020-08-17',10001,10002,'','','1','2','','','','TRIVANDRUM','','2','','','17618904384','',70.88,'Shipped','MARIA STREET . KANYAKUMARI (DIST). TAMIL NADU KANYAKUMARI','RHS FOOD STUFF TRADING LLC.\nPO BOX NO: 39694\nDUBAI FISH MARKET \nUNITED ARAB EMIRATES',0,'',284587,NULL),(9,'MA089/20-21','2020-08-20 00:00:00','007','2020-08-20',10001,10002,'','','1','2','','','','TRIVANDRUM','','2','','','','',71.5,'Shipped','MARIA STREET . KANYAKUMARI (DIST). TAMIL NADU KANYAKUMARI','RHS FOOD STUFF TRADING LLC.\nPO BOX NO: 39694\nDUBAI FISH MARKET \nUNITED ARAB EMIRATES',0,'',390182,'123'),(12,'MA092/20-21','2020-08-24 00:00:00','0001','2020-08-24',10001,10028,'','','1','2','','','','TRIVANDRUM','','2','','','17618905670','',74,'Shipped','MARIA STREET . KANYAKUMARI (DIST). TAMIL NADU KANYAKUMARI','PO BOX NO:1110.UMM AL QUAWIN \nUNITED ARAB EMIRATES\nPH:00971509213535',0,'',322005,'321'),(13,'MA098/20-21','2020-08-27 00:00:00','002','2020-08-28',10001,10028,'','','1','2','','','','TRIVANDRUM','','2','','','','',73,'Shipped','MARIA STREET . KANYAKUMARI (DIST). TAMIL NADU KANYAKUMARI','PO BOX NO:1110.UMM AL QUAWIN \nUNITED ARAB EMIRATES\nPH:00971509213535',0,'',385990,'123'),(14,'MA101/20-21','2020-08-29 00:00:00','009','2020-08-29',10001,10002,'','','','','','','','','','','','','','',70,'Shipped','MARIA STREET . KANYAKUMARI (DIST). TAMIL NADU KANYAKUMARI','RHS FOOD STUFF TRADING LLC.\nPO BOX NO: 39694\nDUBAI FISH MARKET \nUNITED ARAB EMIRATES',0,'',270177,'123'),(15,'MA102/20-21','2020-09-01 00:00:00','003','2020-09-01',10001,10028,'','','1','2','','','','TRIVANDRUM','','2','','','','',73,'Shipped','MARIA STREET . KANYAKUMARI (DIST). TAMIL NADU KANYAKUMARI','PO BOX NO:1110.UMM AL QUAWIN \nUNITED ARAB EMIRATES\nPH:00971509213535',0,'',441355,'321'),(16,'MA107/20-21','2020-09-05 00:00:00','004','2020-09-05',10001,10028,'','','1','2','','','','TRIVANDRUM','','2','','','','',73,'Shipped','MARIA STREET . KANYAKUMARI (DIST). TAMIL NADU KANYAKUMARI','PO BOX NO:1110.UMM AL QUAWIN \nUNITED ARAB EMIRATES\nPH:00971509213535',0,'',277315,'123'),(17,'MA117/20-21','2020-09-12 00:00:00','005','2020-09-12',10001,10028,'','','1','2','','','','TRIVANDRUM','','2','','','','',73.47,'Shipped','MARIA STREET . KANYAKUMARI (DIST). TAMIL NADU KANYAKUMARI','PO BOX NO:1110.UMM AL QUAWIN \nUNITED ARAB EMIRATES\nPH:00971509213535',0,'',249752,'123'),(18,'MA122/20-21','2020-09-15 00:00:00','006','2020-09-15',10001,10028,'','','1','2','','','','TRIVANDRUM','','2','','','','',73.61,'Shipped','MARIA STREET . KANYAKUMARI (DIST). TAMIL NADU KANYAKUMARI','PO BOX NO:1110.UMM AL QUAWIN \nUNITED ARAB EMIRATES\nPH:00971509213535',0,'',276511,'12345'),(19,'MA125/20-21','2020-09-19 00:00:00','007','2020-09-19',10001,10028,'','','1','2','','','','TRIVANDRUM','3','2','','','','',73.61,'Shipped','MARIA STREET . KANYAKUMARI (DIST). TAMIL NADU KANYAKUMARI','PO BOX NO:1110.UMM AL QUAWIN \nUNITED ARAB EMIRATES\nPH:00971509213535',0,'',459795,'321'),(20,'MA124/20-21','2020-09-22 00:00:00','008','2020-09-22',10001,10028,'','','1','2','','','','TRIVANDRUM','','2','','','','',73.45,'Shipped','MARIA STREET . KANYAKUMARI (DIST). TAMIL NADU KANYAKUMARI','PO BOX NO:1110.UMM AL QUAWIN \nUNITED ARAB EMIRATES\nPH:00971509213535',0,'',358096,'123'),(21,'MA134/20-21','2020-09-26 00:00:00','009','2020-09-26',10001,10028,'','','1','2','','','','TRIVANDRUM','','2','','','','',73.69,'Shipped','MARIA STREET . KANYAKUMARI (DIST). TAMIL NADU KANYAKUMARI','PO BOX NO:1110.UMM AL QUAWIN \nUNITED ARAB EMIRATES\nPH:00971509213535',0,'',498422,'123'),(22,'MA137/20-21','2020-09-29 00:00:00','010','2020-09-29',10001,10028,'','','1','2','','','','TRIVANDRUM','','2','','','','',73.8,'Shipped','MARIA STREET . KANYAKUMARI (DIST). TAMIL NADU KANYAKUMARI','PO BOX NO:1110.UMM AL QUAWIN \nUNITED ARAB EMIRATES\nPH:00971509213535',0,'',277790,'123'),(23,'MA140/20-21','2020-10-02 00:00:00','011','2020-10-02',10001,10028,'','','1','2','','','','TRIVANDRUM','','2','','','','',73.3,'Shipped','MARIA STREET . KANYAKUMARI (DIST). TAMIL NADU KANYAKUMARI','PO BOX NO:1110.UMM AL QUAWIN \nUNITED ARAB EMIRATES\nPH:00971509213535',0,'',360970,'123'),(24,'MA149/20-21','2020-10-12 00:00:00','012','2020-10-12',10001,10028,'','','1','2','','','','KOCHI','','2','','','','',73.35,'Shipped','MARIA STREET . KANYAKUMARI (DIST). TAMIL NADU KANYAKUMARI','PO BOX NO:1110.UMM AL QUAWIN \nUNITED ARAB EMIRATES\nPH:00971509213535',0,'',210670,'1234'),(25,'MA152/20-21','2020-10-17 00:00:00','0013','2020-10-17',10001,10028,'','','1','2','','','','TRIVANDRUM','','2','','','','',73.44,'Shipped','MARIA STREET . KANYAKUMARI (DIST). TAMIL NADU KANYAKUMARI','PO BOX NO:1110.UMM AL QUAWIN \nUNITED ARAB EMIRATES\nPH:00971509213535',0,'',192876,'123'),(26,'MA156/20-21','2020-10-20 00:00:00','0014','2020-10-20',10001,10028,'','','1','2','','','','CHENNAI','','2','','','','',73.66,'Shipped','MARIA STREET . KANYAKUMARI (DIST). TAMIL NADU KANYAKUMARI','PO BOX NO:1110.UMM AL QUAWIN \nUNITED ARAB EMIRATES\nPH:00971509213535',0,'',364962,'123'),(27,'AKE 16/20-21','2020-10-23 00:00:00','001','2020-10-23',10038,10039,'','','1','2','','','','TRIVANDRUM','','2','','','','',73.174,'Shipped','NO:49.BALAJI NAGAR 3rd STREET, KORATTUR, CHENNAI. 600 076.TAMIL NADU. INDIA','FISH AND FOOD STUFF, PO BOX NO:1110.UMM AL QUAWIN. UNITED ARAB EMIRATES. ',0,'',285200,'123'),(28,'MA162/20-21','2020-10-26 00:00:00','002','2020-10-26',10001,10039,'','','1','2','','','','TRIVANDRUM','','2','','','','',71,'Shipped','MARIA STREET . KANYAKUMARI (DIST). TAMIL NADU KANYAKUMARI','FISH AND FOOD STUFF, PO BOX NO:1110.UMM AL QUAWIN. UNITED ARAB EMIRATES. ',139,'',220723,'123'),(29,'MA164/20-21','2020-10-28 00:00:00','010','2020-10-28',10001,10002,'','','1','2','','','','TRIVANDRUM','','2','','','','',71,'Shipped','MARIA STREET . KANYAKUMARI (DIST). TAMIL NADU KANYAKUMARI','RHS FOOD STUFF TRADING LLC.\nPO BOX NO: 39694\nDUBAI FISH MARKET \nUNITED ARAB EMIRATES',0,'',410567,'123'),(30,'MA168/20-21','2020-11-01 00:00:00','015','2020-11-01',10001,10028,'','','1','2','','','','TRIVANDRUM','','2','','','','',74.7,'Shipped','MARIA STREET . KANYAKUMARI (DIST). TAMIL NADU KANYAKUMARI','PO BOX NO:1110.UMM AL QUAWIN \nUNITED ARAB EMIRATES\nPH:00971509213535',1333.5,'',223458,'123'),(31,'MA174/20-21','2020-11-06 00:00:00','016','2020-11-06',10001,10028,'','','1','2','','','','TRIVANDRUM','','2','','','','',74.14,'Shipped','MARIA STREET . KANYAKUMARI (DIST). TAMIL NADU KANYAKUMARI','PO BOX NO:1110.UMM AL QUAWIN \nUNITED ARAB EMIRATES\nPH:00971509213535',165,'',347086,'123'),(32,'MA179/20-21','2020-11-11 00:00:00','003','2020-11-11',10001,10002,'','','1','2','','','','TRIVANDRUM','','2','','','','',73,'Shipped','MARIA STREET . KANYAKUMARI (DIST). TAMIL NADU KANYAKUMARI','RHS FOOD STUFF TRADING LLC.\nPO BOX NO: 39694\nDUBAI FISH MARKET \nUNITED ARAB EMIRATES',0,'',322500,'123'),(33,'MA178/20-21','2020-11-10 00:00:00','','2020-11-11',10001,10028,'','','1','2','','','','TRIVANDRUM','','2','','','','',0,'Cancelled','MARIA STREET . KANYAKUMARI (DIST). TAMIL NADU KANYAKUMARI','PO BOX NO:1110.UMM AL QUAWIN \nUNITED ARAB EMIRATES\nPH:00971509213535',0,'',0,'123'),(34,'MA182/20-21','2020-11-16 00:00:00','0017','2020-11-16',10001,10028,'','','1','2','','','','TRIVANDRUM','','2','','','','',74.5,'Shipped','MARIA STREET . KANYAKUMARI (DIST). TAMIL NADU KANYAKUMARI','PO BOX NO:1110.UMM AL QUAWIN \nUNITED ARAB EMIRATES\nPH:00971509213535',0,'',193708,'123'),(35,'MA188/20-21','2020-11-23 00:00:00','0018','2020-11-23',10001,10028,'','','1','1','','','','KOCHI','','2','','','','',74.05,'Shipped','MARIA STREET . KANYAKUMARI (DIST). TAMIL NADU KANYAKUMARI','PO BOX NO:1110.UMM AL QUAWIN \nUNITED ARAB EMIRATES\nPH:00971509213535',0,'',129359,'123'),(36,'MA200/20-21','2020-12-02 00:00:00','0019','2020-12-02',10001,10028,'','','1','2','','','','TRIVANDRUM','3','2','','','','',73.74,'Shipped','MARIA STREET . KANYAKUMARI (DIST). TAMIL NADU KANYAKUMARI','PO BOX NO:1110.UMM AL QUAWIN \nUNITED ARAB EMIRATES\nPH:00971509213535',0,'',277462,'123'),(37,'MA203/20-21','2020-12-12 00:00:00','020','2020-12-12',10001,10028,'','','1','2','','','','TRIVANDRUM','','2','','','','',73.73,'Shipped','MARIA STREET . KANYAKUMARI (DIST). TAMIL NADU KANYAKUMARI','PO BOX NO:1110.UMM AL QUAWIN \nUNITED ARAB EMIRATES\nPH:00971509213535',0,'',240497,'123'),(38,'MA212/20-21','2020-12-18 00:00:00','022','2020-12-18',10001,10028,'','','1','','','','','TRIVANDRUM','3','2','','','','',73.51,'Shipped','MARIA STREET . KANYAKUMARI (DIST). TAMIL NADU KANYAKUMARI','PO BOX NO:1110.UMM AL QUAWIN \nUNITED ARAB EMIRATES\nPH:00971509213535',0,'',389280,'123'),(39,'MA221/20-21','2020-12-28 00:00:00','22','2020-12-28',10001,10028,'','','1','2','','','','TRIVANDRUM','','2','','','','',73.52,'Shipped','MARIA STREET . KANYAKUMARI (DIST). TAMIL NADU KANYAKUMARI','PO BOX NO:1110.UMM AL QUAWIN \nUNITED ARAB EMIRATES\nPH:00971509213535',0,'',222092,'123'),(40,'MA231/20-21','2021-01-07 00:00:00','023','2021-01-07',10001,10028,'','','1','2','','','','','','','','','','',73.44,'Shipped','MARIA STREET . KANYAKUMARI (DIST). TAMIL NADU KANYAKUMARI','PO BOX NO:1110.UMM AL QUAWIN \nUNITED ARAB EMIRATES\nPH:00971509213535',0,'',243625,'123'),(41,'MA235/20-21','2021-01-16 00:00:00','024','2021-01-16',10001,10028,'','','','','','','','','','','','','','',73.16,'Shipped','MARIA STREET . KANYAKUMARI (DIST). TAMIL NADU KANYAKUMARI','PO BOX NO:1110.UMM AL QUAWIN \nUNITED ARAB EMIRATES\nPH:00971509213535',0,'',116944,'123'),(42,'MA250/20-21','2021-02-01 00:00:00','025','2021-02-01',10001,10028,'','','1','2','','','','','','','','','','',73.16,'Shipped','MARIA STREET . KANYAKUMARI (DIST). TAMIL NADU KANYAKUMARI','PO BOX NO:1110.UMM AL QUAWIN \nUNITED ARAB EMIRATES\nPH:00971509213535',4000,'',704251,'123'),(43,'MA243/20-21','2021-01-25 00:00:00','026','2021-01-25',10001,10028,'','','1','2','','','','TRIVANDRUM','3','2','','','','',0,'Cancelled','MARIA STREET . KANYAKUMARI (DIST). TAMIL NADU KANYAKUMARI','PO BOX NO:1110.UMM AL QUAWIN \nUNITED ARAB EMIRATES\nPH:00971509213535',0,'',0,'');
/*!40000 ALTER TABLE `invoice` ENABLE KEYS */;
UNLOCK TABLES;

--
-- Table structure for table `invoice_freight_expense`
--

DROP TABLE IF EXISTS `invoice_freight_expense`;
/*!40101 SET @saved_cs_client     = @@character_set_client */;
/*!50503 SET character_set_client = utf8mb4 */;
CREATE TABLE `invoice_freight_expense` (
  `id_freight_expense` int NOT NULL AUTO_INCREMENT,
  `id_invoice` int DEFAULT NULL,
  `expense` varchar(500) DEFAULT NULL,
  `amount` double DEFAULT NULL,
  `date` date DEFAULT NULL,
  PRIMARY KEY (`id_freight_expense`)
) ENGINE=InnoDB AUTO_INCREMENT=208 DEFAULT CHARSET=latin1;
/*!40101 SET character_set_client = @saved_cs_client */;

--
-- Dumping data for table `invoice_freight_expense`
--

LOCK TABLES `invoice_freight_expense` WRITE;
/*!40000 ALTER TABLE `invoice_freight_expense` DISABLE KEYS */;
INSERT INTO `invoice_freight_expense` VALUES (23,1,'Police',100,'2020-07-01'),(24,1,'Diesel',2000,'2020-07-01'),(25,1,'Toll',122,'2020-07-01'),(39,6,'Diesel ',1500,'2020-08-05'),(40,6,'Police ',100,'2020-08-05'),(41,6,'Food ',190,'2020-08-05'),(42,6,'Tea',40,'2020-08-05'),(43,6,'Airport expenses ',3500,'2020-08-05'),(44,6,'Airport expenses old balance ',1500,'2020-08-05'),(45,7,'Police',200,'2020-08-13'),(46,7,'Diesel ',1500,'2020-08-13'),(47,7,'Airport expenses ',3500,'2020-08-13'),(48,7,'Food ',230,'2020-08-13'),(49,8,'Diesel ',1000,'2020-08-19'),(50,8,'Airport expenses ',3530,'2020-08-19'),(51,8,'Food ',271,'2020-08-19'),(52,8,'Police ',100,'2020-08-19'),(60,11,'Sfg',100,'2020-08-22'),(61,9,'Food break fast',115,'2020-08-22'),(62,9,'Lunch',200,'2020-08-22'),(63,9,'Airport expenses',3500,'2020-08-22'),(64,9,'Diesel',1500,'2020-08-22'),(65,9,'Pollution certificate',150,'2020-08-22'),(66,9,'TN permit 9193',4500,'2020-08-22'),(67,12,'Diesel ',2600,'2020-08-25'),(68,12,'Airport expenses ',3530,'2020-08-25'),(69,12,'Food ',217,'2020-08-25'),(70,12,'Tea ',40,'2020-08-25'),(71,13,'Police ',100,'2020-08-29'),(72,13,'Tea',60,'2020-08-29'),(73,13,'Diesel',1500,'2020-08-29'),(74,13,'Airport expenses ',3500,'2020-08-29'),(75,13,'Mask',30,'2020-08-29'),(76,13,'Food',180,'2020-08-29'),(77,13,'Food ',150,'2020-08-29'),(78,13,'Check post police',100,'2020-08-29'),(79,14,'Diesel ',4600,'2020-09-01'),(80,14,'Food',360,'2020-09-01'),(81,14,'Toll',80,'2020-09-01'),(82,14,'Police',100,'2020-09-01'),(83,15,'Airport exp',3500,'2020-09-01'),(84,15,'Food',346,'2020-09-01'),(85,15,'Diesel',1000,'2020-09-01'),(86,16,'Diesel',2250,'2020-09-05'),(87,16,'Airports expense',3500,'2020-09-05'),(88,16,'Tea&food',320,'2020-09-05'),(89,17,'Food',170,'2020-09-12'),(90,17,'Airport exp',3500,'2020-09-12'),(91,17,'Diesel',1500,'2020-09-12'),(92,18,'Diesel',3000,'2020-09-17'),(93,18,'Police',100,'2020-09-17'),(94,18,'Airport exp',3500,'2020-09-17'),(95,18,'Food',270,'2020-09-17'),(96,19,'Police',100,'2020-09-19'),(97,19,'Airport exp',3500,'2020-09-19'),(98,19,'Diesel',2000,'2020-09-19'),(99,19,'Food',240,'2020-09-19'),(100,20,'Airport exp',3500,'2020-09-22'),(101,20,'Diesel',2000,'2020-09-22'),(102,20,'Food',250,'2020-09-22'),(103,21,'Diesel ',0,'2020-09-26'),(104,21,'Diesel ',1000,'2020-09-26'),(105,21,'Airport expenses ',4000,'2020-09-26'),(106,21,'Food ',290,'2020-09-26'),(107,22,'Diesel ',2000,'2020-09-29'),(108,22,'Airport expenses ',3500,'2020-09-29'),(109,22,'Tea',30,'2020-09-29'),(110,22,'Food ',246,'2020-09-29'),(111,23,'Diesel ',2000,'2020-10-02'),(112,23,'Airport expenses ',4000,'2020-10-02'),(113,23,'Tea',40,'2020-10-02'),(114,23,'Food ',253,'2020-10-02'),(115,24,'Diesel',2000,'2020-10-12'),(116,24,'Tea',100,'2020-10-12'),(117,24,'Apple',100,'2020-10-12'),(118,24,'Food',190,'2020-10-12'),(119,24,'Diesel',2200,'2020-10-12'),(120,24,'Tea',47,'2020-10-12'),(121,25,'Diesel',2500,'2020-10-18'),(122,25,'Food',260,'2020-10-18'),(123,25,'Diesel',2500,'2020-10-18'),(124,25,'Food',320,'2020-10-18'),(125,25,'Diesel',3000,'2020-10-18'),(126,25,'Food',300,'2020-10-18'),(127,25,'Tea',90,'2020-10-18'),(128,25,'Tea',25,'2020-10-18'),(129,25,'Tea',100,'2020-10-18'),(130,25,'Tea',70,'2020-10-18'),(131,26,'Q tips.',200,'2020-10-22'),(132,26,'Diesel',1950,'2020-10-22'),(133,26,'Food',225,'2020-10-22'),(134,26,'Tea',60,'2020-10-22'),(135,26,'Diesel',2230,'2020-10-22'),(136,26,'Tea',35,'2020-10-22'),(137,26,'Food',125,'2020-10-22'),(138,26,'Tea',40,'2020-10-22'),(139,26,'Food',208,'2020-10-22'),(140,26,'Diesel',2200,'2020-10-22'),(141,26,'Tea',45,'2020-10-22'),(142,26,'Diesel',2200,'2020-10-22'),(143,26,'Food',220,'2020-10-22'),(144,26,'Tea',30,'2020-10-22'),(145,26,'Tea',46,'2020-10-22'),(146,27,'Diesel ',1500,'2020-10-23'),(147,27,'Airport exp',4000,'2020-10-23'),(148,27,'Food ',210,'2020-10-23'),(149,27,'Tea',30,'2020-10-23'),(150,28,'Diesel',1500,'2020-10-27'),(151,28,'Airport exp',4020,'2020-10-27'),(152,28,'Tea',51,'2020-10-27'),(153,28,'Nasta',44,'2020-10-27'),(154,29,'Diesel',2000,'2020-10-28'),(155,29,'Police',50,'2020-10-28'),(156,29,'Food',223,'2020-10-28'),(157,29,'Airport exp',4500,'2020-10-28'),(158,30,'Diesel',1500,'2020-11-01'),(159,30,'Airport exp',3500,'2020-11-01'),(160,30,'Police',200,'2020-11-01'),(161,30,'Tea',68,'2020-11-01'),(162,31,'Diesel',1500,'2020-11-07'),(163,31,'Police',100,'2020-11-07'),(164,31,'Food',240,'2020-11-07'),(165,31,'Airport exp',4000,'2020-11-07'),(166,32,'Diesel',1500,'2020-11-11'),(167,32,'Food',250,'2020-11-11'),(168,32,'Airport exp',4500,'2020-11-11'),(169,32,'Tea',40,'2020-11-11'),(170,32,'Police',50,'2020-11-11'),(171,34,'Food',280,'2020-11-17'),(172,34,'Airpirt exp',4000,'2020-11-17'),(173,34,'Diesel',1500,'2020-11-17'),(174,34,'Tea',35,'2020-11-17'),(175,35,'Diesel',1700,'2020-11-23'),(176,35,'Police',50,'2020-11-23'),(177,35,'Police',50,'2020-11-23'),(178,35,'Food',217,'2020-11-23'),(179,35,'Airport exp',4000,'2020-11-23'),(180,35,'Tea',40,'2020-11-23'),(181,36,'Diesel',3000,'2020-12-02'),(182,36,'Airport',4000,'2020-12-02'),(183,36,'Food',250,'2020-12-02'),(184,37,'Diesel',2000,'2020-12-12'),(185,37,'Food',90,'2020-12-12'),(186,37,'Tea',20,'2020-12-12'),(187,37,'Airport',4000,'2020-12-12'),(188,37,'Pass stalin',20,'2020-12-12'),(189,38,'Airport',4000,'2020-12-19'),(190,38,'Tea',50,'2020-12-19'),(191,38,'Food',255,'2020-12-19'),(192,38,'Gate pass',30,'2020-12-19'),(193,38,'Diesel',2000,'2020-12-19'),(194,39,'Airport',4000,'2020-12-28'),(195,39,'Diesel',2000,'2020-12-28'),(196,39,'Food',250,'2020-12-28'),(197,39,'Police',30,'2020-12-28'),(198,39,'Airport entry pass',30,'2020-12-28'),(199,40,'Airport exp ',4000,'2021-01-07'),(200,40,'Diesel',1300,'2021-01-07'),(201,40,'Food',133,'2021-01-07'),(202,41,'Diesel ',1000,'2021-01-18'),(203,41,'Airport exp',4000,'2021-01-18'),(204,41,'Food',73,'2021-01-18'),(205,42,'Airport exp ',6000,'2021-02-01'),(206,42,'Food ',190,'2021-02-01'),(207,42,'Diesel',1500,'2021-02-01');
/*!40000 ALTER TABLE `invoice_freight_expense` ENABLE KEYS */;
UNLOCK TABLES;

--
-- Table structure for table `invoice_items`
--

DROP TABLE IF EXISTS `invoice_items`;
/*!40101 SET @saved_cs_client     = @@character_set_client */;
/*!50503 SET character_set_client = utf8mb4 */;
CREATE TABLE `invoice_items` (
  `id_invoice_items` int NOT NULL AUTO_INCREMENT,
  `id_invoice` int NOT NULL,
  `id_product` int NOT NULL,
  `kg` double NOT NULL,
  `amount` double NOT NULL,
  `total` double NOT NULL,
  PRIMARY KEY (`id_invoice_items`)
) ENGINE=InnoDB AUTO_INCREMENT=1614 DEFAULT CHARSET=utf8mb4 COLLATE=utf8mb4_0900_ai_ci;
/*!40101 SET character_set_client = @saved_cs_client */;

--
-- Dumping data for table `invoice_items`
--

LOCK TABLES `invoice_items` WRITE;
/*!40000 ALTER TABLE `invoice_items` DISABLE KEYS */;
INSERT INTO `invoice_items` VALUES (324,1,3,82.5,8.4,693),(325,1,2,24.5,9.5,232.75),(326,1,8,401,8.2,3288.2),(327,1,12,90,6.3,567),(328,1,13,166,7.3,1211.8),(329,1,14,135,6.8,918),(330,1,7,25.5,8.2,209.1),(331,1,11,6,8.2,49.199999999999996),(360,6,2,37,10,370),(361,6,8,261,8.2,2140.2),(362,6,5,114,6.8,775.1999999999999),(363,6,13,288,7.1,2044.8),(364,6,14,202,6.8,1373.6),(365,6,7,27,8.2,221.39999999999998),(366,6,11,9,8.2,73.8),(367,6,10,8,8.2,65.6),(368,5,2,27,10,270),(369,5,8,334,8.2,2738.7999999999997),(370,5,5,160,6.3,1008),(371,5,13,244,7.1,1732.3999999999999),(372,5,14,150,6.8,1020),(373,5,7,10,8.2,82),(374,5,11,8,8.2,65.6),(375,4,3,42,7.6,319.2),(376,4,2,127,9.5,1206.5),(377,4,8,405.5,8.2,3325.1),(378,4,12,74,6.3,466.2),(379,4,13,434,7.3,3168.2),(380,4,14,30,6.8,204),(381,4,7,11,8.2,90.19999999999999),(382,4,11,5.5,8.2,45.099999999999994),(383,4,24,4.5,6.3,28.349999999999998),(384,3,3,9,8.4,75.60000000000001),(385,3,2,43.5,9.5,413.25),(386,3,8,248.5,8.2,2037.6999999999998),(387,3,12,99,6.3,623.6999999999999),(388,3,13,447,7.3,3263.1),(389,3,14,111,6.8,754.8),(390,3,7,4.5,8.2,36.9),(391,3,11,11,8.2,90.19999999999999),(434,8,2,75.5,10.5,792.75),(435,8,8,206,9.8,2018.8000000000002),(436,8,5,67.5,7.5,506.25),(437,8,13,347.5,8.2,2849.4999999999995),(438,8,14,147,8.2,1205.3999999999999),(439,8,7,14,9.8,137.20000000000002),(440,8,11,17,9.8,166.60000000000002),(476,7,2,152.5,10.5,1601.25),(477,7,8,274,9.7,2657.7999999999997),(478,7,5,37,7.5,277.5),(479,7,13,162,8.2,1328.3999999999999),(480,7,14,165.5,8.2,1357.1),(481,7,7,55,9.7,533.5),(482,7,10,6.5,9.7,63.05),(515,9,2,40.5,11,445.5),(516,9,8,216.5,11.1,2403.15),(517,9,5,155,8.1,1255.5),(518,9,13,223,9.3,2073.9),(519,9,14,471,9,4239),(520,9,7,15,11.1,166.5),(521,9,11,4,11.1,44.4),(522,9,10,4,11.1,44.4),(568,12,13,298,8.7,2592.6),(569,12,8,225,10.5,2362.5),(570,12,5,94.5,7.5,708.75),(571,12,14,275,7.2,1980),(572,12,9,4.5,10.5,47.25),(603,13,8,237,9.5,2251.5),(604,13,5,84,7.2,604.8000000000001),(605,13,14,416,7,2912),(606,13,13,361.5,8,2892),(607,13,7,21.5,9.5,204.25),(608,13,11,8,9.5,76),(629,14,2,59.75,11,657.25),(630,14,8,113,9.7,1096.1),(631,14,5,65,6.8,442),(632,14,13,180,8.2,1475.9999999999998),(633,14,14,276.5,6.7,1852.55),(634,14,7,70.5,9.7,683.8499999999999),(635,14,11,11.5,9.7,111.55),(636,14,24,21.5,6.8,146.2),(637,14,14,4.5,6.7,30.150000000000002),(638,14,1,46,5.5,253),(667,15,8,553,9,4977),(668,15,13,250,7.5,1875),(669,15,14,194.5,6.6,1283.6999999999998),(670,15,5,77,6.8,523.6),(671,15,7,40,9,360),(672,15,2,9.5,11,104.5),(673,15,24,11,8.5,93.5),(702,16,13,454,7,3178),(703,16,14,313,6.1,1909.3),(704,16,8,133,8,1064),(705,16,5,77,6.4,492.8),(706,16,2,37,10,370),(707,16,7,5,8,40),(708,16,11,5.5,8,44),(755,17,2,240,9,2160),(756,17,8,242,7.5,1815),(757,17,13,115.5,6.5,750.75),(758,17,14,86.5,6,519),(759,17,5,96.5,6,579),(760,17,24,36,7,252),(761,17,7,25,7.5,187.5),(762,17,11,6.5,7.5,48.75),(763,17,22,22,6,132),(764,17,2,5,3.5,17.5),(810,18,2,262,9,2358),(811,18,13,245,6.7,1641.5),(812,18,5,187.5,6,1125),(813,18,8,204.25,7.7,1572.7250000000001),(814,18,24,26,7.2,187.20000000000002),(815,18,11,4.75,7.7,36.575),(816,18,14,21.75,6,130.5),(817,18,10,13,7.7,100.10000000000001),(818,18,7,12,7.7,92.4),(841,19,8,280.5,7.7,2159.85),(842,19,5,181.5,6,1089),(843,19,13,229,6.7,1534.3),(844,19,14,55,6,330),(845,19,7,19,7.7,146.3),(846,19,11,6,7.7,46.2),(847,19,24,13.5,7.2,97.2),(848,19,10,12,7.7,92.4),(849,19,2,200,8.9,1780),(850,19,2,400,8.5,3400),(851,19,2,107,8.1,866.6999999999999),(869,20,2,504,7.1,3578.3999999999996),(870,20,8,417,7.9,3294.3),(871,20,5,152,5.5,836),(872,20,13,151,6.9,1041.9),(873,20,24,43,7.4,318.2),(874,20,10,23.5,7.9,185.65),(875,20,11,19.5,7.9,154.05),(876,20,7,22,7.9,173.8),(877,20,14,25.5,6,153),(878,21,2,59,7.1,418.9),(879,21,8,1038,7.9,8200.2),(880,21,5,289,5.5,1589.5),(881,21,13,271.5,6.9,1873.3500000000001),(882,21,24,40,7.4,296),(883,21,11,40.5,7.9,319.95),(884,21,7,14.5,7.9,114.55000000000001),(885,21,14,14,6,84),(901,22,8,510,8.4,4284),(902,22,13,250,7.4,1850),(903,22,5,101,5.5,555.5),(904,22,14,41,6,246),(905,22,2,25,8,200),(924,23,13,405.5,7.9,3203.4500000000003),(925,23,5,302,5.5,1661),(926,23,8,329,9,2961),(927,23,11,84.5,9,760.5),(928,23,7,42,9,378),(929,23,14,67,6,402),(930,23,24,101.5,8,812),(931,23,10,1.5,9,13.5),(932,23,2,12,8.2,98.39999999999999),(1005,24,13,291.5,7,2040.5),(1006,24,8,178.5,8,1428),(1007,24,5,143,5.5,786.5),(1008,24,14,27,6.5,175.5),(1009,24,11,25,8,200),(1010,24,2,93.5,8.2,766.6999999999999),(1011,24,7,7,8,56),(1012,24,10,13,8,104),(1013,24,24,10,7.5,75),(1023,25,5,88.5,5.5,486.75),(1024,25,8,157,8,1256),(1025,25,13,185.5,7,1298.5),(1026,25,22,198,5.5,1089),(1027,25,7,38,8,304),(1028,25,14,44,6.5,286),(1029,25,2,95.75,8.2,785.15),(1030,25,24,16.5,7.5,123.75),(1031,25,11,10,8,80),(1115,26,13,236,7.2,1699.2),(1116,26,2,175,8.5,1487.5),(1117,26,14,148,6.5,962),(1118,26,5,63.5,5.5,349.25),(1119,26,22,550,5,2750),(1120,26,57,100,4,400),(1121,26,8,320.5,8.2,2628.1),(1122,26,24,43,7.5,322.5),(1123,26,11,11,8.2,90.19999999999999),(1124,26,7,12,8.2,98.39999999999999),(1125,26,2,6,3,18),(1144,29,13,681,6.8,4630.8),(1145,29,5,143.5,5.4,774.9000000000001),(1146,29,8,281.5,7.9,2223.85),(1147,29,7,79.5,7.9,628.0500000000001),(1148,29,11,60.5,7.9,477.95000000000005),(1149,29,24,53.5,7.3,390.55),(1150,29,14,40.5,6.1,247.04999999999998),(1151,29,2,157,9,1413),(1152,29,9,9.5,7.9,75.05),(1153,29,10,18,7.9,142.20000000000002),(1182,27,5,160,5,800),(1183,27,13,420,7,2940),(1184,27,10,14.5,8,116),(1185,27,9,20,8,160),(1186,27,7,25.5,7,178.5),(1187,27,2,40,9,360),(1188,27,8,320,8,2560),(1252,28,13,498.5,7,3489.5),(1253,28,5,83,5,415),(1254,28,8,194.5,8,1556),(1255,28,14,40,6,240),(1256,28,2,30,9,270),(1257,28,7,4.5,7,31.5),(1288,32,13,822,5.5,4521),(1289,32,7,46.5,6.3,292.95),(1290,32,5,180,5.15,927.0000000000001),(1291,32,8,345,6.3,2173.5),(1292,32,2,23.5,7.5,176.25),(1293,32,11,6,6.3,37.8),(1294,32,10,9.5,6.3,59.85),(1295,32,14,4.5,6,27),(1296,32,24,16,6.3,100.8),(1297,32,9,17.5,6.3,110.25),(1298,30,13,408.5,6.8,2777.7999999999997),(1299,30,5,133,5.3,704.9),(1300,30,8,189.5,7.5,1421.25),(1301,30,2,66,8.8,580.8000000000001),(1302,30,24,51.5,7.2,370.8),(1303,30,7,8.5,7.5,63.75),(1304,30,11,22,7.5,165),(1305,30,9,5,7.5,37.5),(1306,30,14,5,6.2,31),(1317,34,8,207.75,6.5,1350.375),(1318,34,13,495.5,5.3,2626.15),(1319,34,5,154,5.1,785.4),(1320,34,24,29,6.5,188.5),(1321,34,2,34.75,8.5,295.375),(1322,34,14,24.75,5.5,136.125),(1323,34,9,7.5,6.5,48.75),(1324,34,11,20,6.5,130),(1325,34,7,10,6.5,65),(1326,34,10,22.5,6.5,146.25),(1367,35,8,190,6.8,1292),(1368,35,7,96,6.8,652.8),(1369,35,13,176,5.6,985.5999999999999),(1370,35,5,104.5,5.3,553.85),(1371,35,2,45.5,8.9,404.95),(1372,35,14,38,5.9,224.20000000000002),(1373,35,11,27.5,6.8,187),(1374,35,10,7.25,6.8,49.3),(1375,35,24,14.75,6.8,100.3),(1376,35,9,17,6.8,115.6),(1417,36,13,400,6.3,2520),(1418,36,5,234.75,5.8,1361.55),(1419,36,10,113.5,7.5,851.25),(1420,36,8,309.5,7.5,2321.25),(1421,36,24,34.5,7.5,258.75),(1422,36,14,38,6.5,247),(1423,36,9,43,7.5,322.5),(1424,36,7,46.5,7.5,348.75),(1425,36,11,13.5,7.5,101.25),(1426,36,2,10,9.2,92),(1445,37,13,441,6.7,2954.7000000000003),(1446,37,8,186,8.1,1506.6),(1447,37,5,192.5,5.9,1135.75),(1448,37,14,82,6.6,541.1999999999999),(1449,37,7,25,8.1,202.5),(1450,37,11,25,8.1,202.5),(1451,37,24,20,8.1,162),(1452,37,10,6,8.1,48.599999999999994),(1453,37,2,8.5,9.4,79.9),(1454,38,13,638.25,6,3829.5),(1455,38,8,330.5,7.15,2363.0750000000003),(1456,38,5,363.75,5.8,2109.75),(1457,38,14,101,6.5,656.5),(1458,38,2,75.5,8.5,641.75),(1459,38,24,101.75,7.15,727.5125),(1460,38,11,35.5,7.15,253.82500000000002),(1461,38,7,15,7.15,107.25),(1462,38,9,2.5,7.15,17.875),(1463,38,10,6,7.15,42.900000000000006),(1464,39,13,368.25,6.1,2246.325),(1465,39,5,232.5,5.8,1348.5),(1466,39,24,62.5,7.2,450),(1467,39,14,59.5,6.5,386.75),(1468,39,11,62,7.2,446.40000000000003),(1469,39,8,109,7.2,784.8000000000001),(1470,39,2,91,8.5,773.5),(1471,39,9,13,7.2,93.60000000000001),(1472,39,10,12.5,7.2,90),(1473,39,7,4.5,7.2,32.4),(1510,31,8,407.5,7.2,2934),(1511,31,5,180,5.3,954),(1512,31,13,453,6.2,2808.6),(1513,31,24,104,7.2,748.8000000000001),(1514,31,7,48,7.2,345.6),(1515,31,2,45,8.8,396.00000000000006),(1516,31,9,15.5,7.2,111.60000000000001),(1517,31,11,3,7.2,21.6),(1518,31,14,20,5.8,116),(1546,40,13,293,6.9,2021.7),(1547,40,8,204.5,7.9,1615.5500000000002),(1548,40,5,175,5.9,1032.5),(1549,40,7,91,7.9,718.9),(1550,40,9,40,7.9,316),(1551,40,10,31,7.9,244.9),(1552,40,14,40.5,6.8,275.4),(1553,40,2,146,9.4,1372.4),(1554,40,11,14.5,7.9,114.55000000000001),(1555,41,8,122.75,7.5,920.625),(1556,41,13,117.25,6.5,762.125),(1557,41,5,81,5.6,453.59999999999997),(1558,41,9,4.75,7.5,35.625),(1559,41,10,13.25,7.5,99.375),(1560,41,11,11.25,7.5,84.375),(1561,41,7,12.5,7.5,93.75),(1562,41,14,16.5,6.6,108.89999999999999),(1563,41,2,83.25,8.8,732.6),(1604,42,8,888.3,7.3,6484.589999999999),(1605,42,5,413,5.6,2312.7999999999997),(1606,42,13,710.5,6,4263),(1607,42,7,107,6.9,738.3000000000001),(1608,42,10,288,6.7,1929.6000000000001),(1609,42,9,53.75,6.7,360.125),(1610,42,11,39.75,7.1,282.22499999999997),(1611,42,2,44.5,8,356),(1612,42,14,204.7,6.3,1289.61),(1613,42,24,1.25,7.1,8.875);
/*!40000 ALTER TABLE `invoice_items` ENABLE KEYS */;
UNLOCK TABLES;

--
-- Table structure for table `invoice_labour`
--

DROP TABLE IF EXISTS `invoice_labour`;
/*!40101 SET @saved_cs_client     = @@character_set_client */;
/*!50503 SET character_set_client = utf8mb4 */;
CREATE TABLE `invoice_labour` (
  `id_labour` int NOT NULL,
  `id_account_head` int NOT NULL,
  `amount` double NOT NULL,
  `id_invoice` int NOT NULL,
  PRIMARY KEY (`id_labour`)
) ENGINE=InnoDB DEFAULT CHARSET=utf8mb4 COLLATE=utf8mb4_0900_ai_ci;
/*!40101 SET character_set_client = @saved_cs_client */;

--
-- Dumping data for table `invoice_labour`
--

LOCK TABLES `invoice_labour` WRITE;
/*!40000 ALTER TABLE `invoice_labour` DISABLE KEYS */;
/*!40000 ALTER TABLE `invoice_labour` ENABLE KEYS */;
UNLOCK TABLES;

--
-- Table structure for table `invoice_packing_expense`
--

DROP TABLE IF EXISTS `invoice_packing_expense`;
/*!40101 SET @saved_cs_client     = @@character_set_client */;
/*!50503 SET character_set_client = utf8mb4 */;
CREATE TABLE `invoice_packing_expense` (
  `id_other_exp` int NOT NULL AUTO_INCREMENT,
  `id_account_head` int NOT NULL,
  `amount` double NOT NULL,
  `id_invoice` int NOT NULL,
  PRIMARY KEY (`id_other_exp`)
) ENGINE=InnoDB DEFAULT CHARSET=utf8mb4 COLLATE=utf8mb4_0900_ai_ci;
/*!40101 SET character_set_client = @saved_cs_client */;

--
-- Dumping data for table `invoice_packing_expense`
--

LOCK TABLES `invoice_packing_expense` WRITE;
/*!40000 ALTER TABLE `invoice_packing_expense` DISABLE KEYS */;
/*!40000 ALTER TABLE `invoice_packing_expense` ENABLE KEYS */;
UNLOCK TABLES;

--
-- Table structure for table `invoice_packing_item`
--

DROP TABLE IF EXISTS `invoice_packing_item`;
/*!40101 SET @saved_cs_client     = @@character_set_client */;
/*!50503 SET character_set_client = utf8mb4 */;
CREATE TABLE `invoice_packing_item` (
  `id_packing_item` int NOT NULL AUTO_INCREMENT,
  `id_product` int NOT NULL,
  `qty` double NOT NULL,
  `id_invoice` int NOT NULL,
  `date` date DEFAULT NULL,
  PRIMARY KEY (`id_packing_item`)
) ENGINE=InnoDB AUTO_INCREMENT=389 DEFAULT CHARSET=utf8mb4 COLLATE=utf8mb4_0900_ai_ci;
/*!40101 SET character_set_client = @saved_cs_client */;

--
-- Dumping data for table `invoice_packing_item`
--

LOCK TABLES `invoice_packing_item` WRITE;
/*!40000 ALTER TABLE `invoice_packing_item` DISABLE KEYS */;
INSERT INTO `invoice_packing_item` VALUES (83,16,28,7,'2020-08-13'),(84,19,8,7,'2020-08-13'),(85,18,2,7,'2020-08-13'),(86,20,12,7,'2020-08-13'),(87,25,23,7,'2020-08-13'),(123,16,29,8,'2020-08-19'),(124,18,2,8,'2020-08-19'),(125,19,7.5,8,'2020-08-19'),(126,20,11,8,'2020-08-19'),(127,25,27,8,'2020-08-19'),(133,16,32,1,'2020-07-01'),(134,20,12,1,'2020-07-01'),(135,19,8,1,'2020-07-01'),(136,18,2,1,'2020-07-01'),(137,16,33,3,'2020-07-07'),(138,18,2,3,'2020-07-07'),(139,19,8,3,'2020-07-07'),(140,20,12,3,'2020-07-07'),(141,16,38,4,'2020-07-11'),(142,19,8,4,'2020-07-11'),(143,18,2.2,4,'2020-07-11'),(144,20,14,4,'2020-07-11'),(149,16,31,5,'2020-07-17'),(150,19,7.75,5,'2020-07-17'),(151,18,1.9,5,'2020-07-17'),(152,20,11,5,'2020-07-17'),(153,16,31,6,'2020-08-04'),(154,18,2,6,'2020-08-04'),(155,19,8,6,'2020-08-04'),(156,20,12,6,'2020-08-04'),(157,25,20,6,'2020-08-04'),(163,16,37,9,'2020-08-21'),(164,18,2.5,9,'2020-08-21'),(165,19,9.5,9,'2020-08-21'),(166,20,14,9,'2020-08-21'),(167,25,14,9,'2020-08-21'),(178,16,36,12,'2020-08-25'),(179,19,9,12,'2020-08-25'),(180,18,2.5,12,'2020-08-25'),(181,20,14,12,'2020-08-25'),(182,25,22,12,'2020-08-25'),(188,16,45,13,'2020-08-28'),(189,25,29,13,'2020-08-28'),(190,19,11.5,13,'2020-08-28'),(191,18,3,13,'2020-08-28'),(192,20,17,13,'2020-08-28'),(193,16,29,14,'2020-08-31'),(194,18,2,14,'2020-08-31'),(195,19,7.5,14,'2020-08-31'),(196,20,11,14,'2020-08-31'),(197,25,20,14,'2020-08-31'),(198,16,46,15,'2020-09-01'),(199,19,11.5,15,'2020-09-01'),(200,18,3,15,'2020-09-01'),(201,20,18,15,'2020-09-01'),(202,25,10,15,'2020-09-01'),(207,16,41,16,'2020-09-05'),(208,18,3,16,'2020-09-05'),(209,19,10.5,16,'2020-09-05'),(210,20,15,16,'2020-09-05'),(211,25,22,16,'2020-09-05'),(212,16,35,17,'2020-09-12'),(213,19,9,17,'2020-09-12'),(214,18,2.5,17,'2020-09-12'),(215,20,14,17,'2020-09-12'),(216,25,14,17,'2020-09-12'),(227,16,60,19,'2020-09-19'),(228,25,16,19,'2020-09-19'),(229,19,15,19,'2020-09-19'),(230,18,4,19,'2020-09-19'),(231,20,23,19,'2020-09-19'),(237,16,39,18,'2020-09-17'),(238,19,10,18,'2020-09-17'),(239,18,2.5,18,'2020-09-17'),(240,20,15,18,'2020-09-17'),(241,25,29,18,'2020-09-17'),(242,16,54,20,'2020-09-22'),(243,19,13.5,20,'2020-09-22'),(244,18,3.5,20,'2020-09-22'),(245,20,21,20,'2020-09-22'),(246,25,25,20,'2020-09-22'),(252,16,37,22,'2020-09-29'),(253,18,2.2,22,'2020-09-29'),(254,19,4.6,22,'2020-09-29'),(255,20,14,22,'2020-09-29'),(256,25,35,22,'2020-09-29'),(267,16,54,23,'2020-10-02'),(268,25,31,23,'2020-10-02'),(269,18,3.24,23,'2020-10-02'),(270,19,6.75,23,'2020-10-02'),(271,20,21,23,'2020-10-02'),(272,16,70,21,'2020-09-26'),(273,25,37,21,'2020-09-26'),(274,18,4.2,21,'2020-09-26'),(275,19,17.5,21,'2020-09-26'),(276,20,27,21,'2020-09-26'),(277,16,32,24,'2020-10-12'),(278,19,8,24,'2020-10-12'),(279,18,2,24,'2020-10-12'),(280,20,13,24,'2020-10-12'),(281,25,43,24,'2020-10-12'),(287,16,34,25,'2020-10-17'),(288,18,2,25,'2020-10-17'),(289,19,8.5,25,'2020-10-17'),(290,20,13,25,'2020-10-17'),(291,25,42,25,'2020-10-17'),(297,16,66,26,'2020-10-21'),(298,18,4,26,'2020-10-21'),(299,19,16.5,26,'2020-10-21'),(300,20,26,26,'2020-10-21'),(301,25,46,26,'2020-10-21'),(302,15,50,27,'2020-10-23'),(303,19,12.5,27,'2020-10-23'),(304,18,2,27,'2020-10-23'),(305,20,15,27,'2020-10-23'),(306,25,35,27,'2020-10-23'),(312,15,43,28,'2020-10-26'),(313,18,1.75,28,'2020-10-26'),(314,19,10.75,28,'2020-10-26'),(315,20,13,28,'2020-10-26'),(316,25,49,28,'2020-10-26'),(317,16,51,29,'2020-10-28'),(318,18,6.25,29,'2020-10-28'),(319,19,6,29,'2020-10-28'),(320,20,20,29,'2020-10-28'),(321,25,15,29,'2020-10-28'),(322,16,36,30,'2020-11-01'),(323,18,4.5,30,'2020-11-01'),(324,19,4.5,30,'2020-11-01'),(325,20,13,30,'2020-11-01'),(326,25,30,30,'2020-11-01'),(327,16,51,31,'2020-11-06'),(328,20,20,31,'2020-11-06'),(329,25,28,31,'2020-11-06'),(330,18,6,31,'2020-11-06'),(331,18,0,31,'2020-11-06'),(332,16,49,32,'2020-11-12'),(333,18,8.85,32,'2020-11-12'),(334,25,33,32,'2020-11-12'),(335,20,18,32,'2020-11-12'),(336,16,40,34,'2020-11-16'),(337,25,36,34,'2020-11-16'),(338,18,7.2,34,'2020-11-16'),(339,20,15,34,'2020-11-16'),(340,16,29,35,'2020-11-23'),(341,25,24,35,'2020-11-23'),(342,19,7.5,35,'2020-11-23'),(343,18,2,35,'2020-11-23'),(344,20,11,35,'2020-11-23'),(345,16,49,36,'2020-12-02'),(346,25,13,36,'2020-12-02'),(347,18,3.5,36,'2020-12-02'),(348,19,12.5,36,'2020-12-02'),(349,20,18,36,'2020-12-02'),(350,16,39,37,'2020-12-12'),(351,25,13,37,'2020-12-12'),(352,20,15,37,'2020-12-12'),(353,19,10,37,'2020-12-12'),(354,18,2.5,37,'2020-12-12'),(359,19,16,38,'2020-12-18'),(360,18,4.3,38,'2020-12-18'),(361,20,25,38,'2020-12-18'),(362,16,67,38,'2020-12-18'),(363,25,57,38,'2020-12-18'),(364,16,41,39,'2020-12-28'),(365,25,39,39,'2020-12-28'),(366,20,16,39,'2020-12-28'),(367,19,10,39,'2020-12-28'),(368,18,2.5,39,'2020-12-28'),(369,16,41,40,'2021-01-07'),(370,25,50,40,'2021-01-07'),(371,59,16,40,'2021-01-07'),(372,19,10,40,'2021-01-07'),(373,18,2.5,40,'2021-01-07'),(374,16,18,41,'2021-01-19'),(375,18,1.25,41,'2021-01-19'),(376,19,4.5,41,'2021-01-19'),(377,20,6,41,'2021-01-19'),(378,25,27,41,'2021-01-19'),(384,16,92,42,'2021-02-01'),(385,18,5.5,42,'2021-02-01'),(386,19,11.5,42,'2021-02-01'),(387,20,35,42,'2021-02-01'),(388,25,100,42,'2021-02-01');
/*!40000 ALTER TABLE `invoice_packing_item` ENABLE KEYS */;
UNLOCK TABLES;

--
-- Table structure for table `invoice_packing_list`
--

DROP TABLE IF EXISTS `invoice_packing_list`;
/*!40101 SET @saved_cs_client     = @@character_set_client */;
/*!50503 SET character_set_client = utf8mb4 */;
CREATE TABLE `invoice_packing_list` (
  `id_packing_list` int NOT NULL AUTO_INCREMENT,
  `id_product` int NOT NULL,
  `kg` double NOT NULL,
  `id_invoice` int NOT NULL,
  `pack_no` int DEFAULT NULL,
  PRIMARY KEY (`id_packing_list`)
) ENGINE=InnoDB AUTO_INCREMENT=3873 DEFAULT CHARSET=utf8mb4 COLLATE=utf8mb4_0900_ai_ci;
/*!40101 SET character_set_client = @saved_cs_client */;

--
-- Dumping data for table `invoice_packing_list`
--

LOCK TABLES `invoice_packing_list` WRITE;
/*!40000 ALTER TABLE `invoice_packing_list` DISABLE KEYS */;
INSERT INTO `invoice_packing_list` VALUES (634,13,30,7,1),(635,13,30,7,2),(636,8,30,7,3),(637,8,30,7,4),(638,8,30,7,5),(639,8,30,7,6),(640,2,30,7,7),(641,2,30,7,8),(642,2,30,7,9),(643,2,30,7,10),(644,13,30,7,11),(645,14,30,7,12),(646,13,30,7,13),(647,8,30,7,14),(648,14,30,7,15),(649,14,30,7,16),(650,8,30,7,17),(651,8,30,7,18),(652,7,30,7,19),(653,14,30,7,20),(654,8,30,7,21),(655,13,30,7,22),(656,14,30,7,23),(657,8,30,7,24),(658,5,30,7,25),(659,5,7,7,26),(660,13,12,7,26),(661,14,15.5,7,26),(662,7,25,7,27),(663,8,4,7,27),(664,10,6.5,7,27),(665,2,32.5,7,28),(926,8,30,8,1),(927,8,30,8,2),(928,8,30,8,3),(929,8,30,8,4),(930,13,30,8,5),(931,13,30,8,6),(932,13,30,8,7),(933,13,30,8,8),(934,13,30,8,9),(935,13,30,8,10),(936,13,30,8,11),(937,13,30,8,12),(938,13,30,8,13),(939,2,30,8,14),(940,2,30,8,15),(941,5,30,8,16),(942,14,30,8,17),(943,14,30,8,18),(944,14,30,8,19),(945,14,30,8,20),(946,13,30,8,21),(947,13,30,8,22),(948,8,30,8,23),(949,8,30,8,24),(950,5,30,8,25),(951,5,7.5,8,26),(952,8,26,8,26),(953,7,14,8,27),(954,13,17.5,8,27),(955,14,27,8,28),(956,2,15.5,8,29),(957,11,17,8,29),(958,8,30,1,1),(959,8,30,1,2),(960,8,30,1,3),(961,8,30,1,4),(962,8,30,1,5),(963,8,30,1,6),(964,8,30,1,7),(965,8,30,1,8),(966,5,30,1,9),(967,13,30,1,10),(968,13,30,1,11),(969,14,30,1,12),(970,14,30,1,13),(971,13,29.5,1,14),(972,13,30,1,15),(973,14,30,1,16),(974,8,30,1,17),(975,8,30,1,18),(976,13,30,1,19),(977,5,30,1,20),(978,8,30,1,21),(979,8,30,1,22),(980,8,30,1,23),(981,5,30,1,24),(982,14,30,1,25),(983,7,25.5,1,26),(984,8,8,1,27),(985,13,16.5,1,27),(986,8,3,1,28),(987,11,6,1,28),(988,14,15,1,28),(989,2,24.5,1,29),(990,3,30,1,30),(991,3,30,1,31),(992,3,22.5,1,32),(993,14,30,6,1),(994,14,30,6,2),(995,14,30,6,3),(996,1,30,6,4),(997,1,30,6,5),(998,1,30,6,6),(999,4,30,6,7),(1000,1,30,6,8),(1001,4,30,6,9),(1002,1,30,6,10),(1003,5,30,6,11),(1004,14,30,6,12),(1005,4,30,6,13),(1006,14,30,6,14),(1007,4,30,6,15),(1008,5,30,6,16),(1009,14,30,6,17),(1010,4,30,6,18),(1011,5,30,6,19),(1012,4,30,6,20),(1013,4,30,6,21),(1014,4,30,6,22),(1015,4,30,6,23),(1016,1,30,6,24),(1017,1,30,6,25),(1018,1,30,6,26),(1019,7,27,6,27),(1020,10,8,6,27),(1021,1,15,6,28),(1022,4,8,6,28),(1023,14,14.5,6,28),(1024,2,2,6,29),(1025,5,22,6,29),(1026,11,9,6,29),(1027,2,35,6,30),(1028,1,6,6,31),(1029,4,10,6,31),(1030,5,2,6,31),(1031,14,7.5,6,31),(1074,2,30,9,1),(1075,12,30,9,2),(1076,13,30,9,3),(1077,13,30,9,4),(1078,13,30,9,5),(1079,13,30,9,6),(1080,8,30,9,7),(1081,8,30,9,8),(1082,8,30,9,9),(1083,12,30,9,10),(1084,14,30,9,11),(1085,14,30,9,12),(1086,14,30,9,13),(1087,14,30,9,14),(1088,14,30,9,15),(1089,14,30,9,16),(1090,14,30,9,17),(1091,14,30,9,18),(1092,14,30,9,19),(1093,14,30,9,20),(1094,14,30,9,21),(1095,14,30,9,22),(1096,14,30,9,23),(1097,14,30,9,24),(1098,13,30,9,25),(1099,13,30,9,26),(1100,8,30,9,27),(1101,8,30,9,28),(1102,14,30,9,29),(1103,12,30,9,30),(1104,8,30,9,31),(1105,12,30,9,32),(1106,13,30,9,33),(1107,8,30,9,34),(1108,5,35,9,35),(1109,7,15,9,36),(1110,14,21,9,36),(1111,2,10.5,9,37),(1112,8,6.5,9,37),(1113,10,4,9,37),(1114,11,4,9,37),(1115,13,13,9,37),(1190,14,25,12,1),(1191,14,25,12,2),(1192,14,25,12,3),(1193,14,25,12,4),(1194,14,25,12,5),(1195,13,25,12,6),(1196,13,25,12,7),(1197,13,25,12,8),(1198,13,25,12,9),(1199,13,25,12,10),(1200,13,25,12,11),(1201,8,25,12,12),(1202,8,25,12,13),(1203,8,25,12,14),(1204,8,25,12,15),(1205,5,25,12,16),(1206,13,25,12,17),(1207,8,25,12,18),(1208,5,25,12,19),(1209,13,25,12,20),(1210,13,25,12,21),(1211,8,25,12,22),(1212,14,25,12,23),(1213,13,25,12,24),(1214,14,25,12,25),(1215,14,25,12,26),(1216,14,25,12,27),(1217,14,25,12,28),(1218,8,25,12,29),(1219,8,25,12,30),(1220,13,23,12,31),(1221,13,25,12,32),(1222,5,25,12,33),(1223,14,25,12,34),(1224,8,25,12,35),(1225,5,19.5,12,36),(1226,9,4.5,12,36),(1274,8,25,13,1),(1275,14,25,13,2),(1276,14,25,13,3),(1277,14,25,13,4),(1278,5,25,13,5),(1279,8,25,13,6),(1280,13,25,13,7),(1281,13,25,13,8),(1282,13,25,13,9),(1283,13,25,13,10),(1284,13,25,13,11),(1285,13,25,13,12),(1286,14,25,13,13),(1287,14,25,13,14),(1288,14,25,13,15),(1289,14,25,13,16),(1290,14,25,13,17),(1291,14,25,13,18),(1292,14,25,13,19),(1293,14,25,13,20),(1294,13,25,13,21),(1295,13,25,13,22),(1296,13,25,13,23),(1297,8,25,13,24),(1298,8,25,13,25),(1299,8,25,13,26),(1300,8,25,13,27),(1301,8,25,13,28),(1302,8,25,13,29),(1303,14,25,13,30),(1304,14,25,13,31),(1305,14,25,13,32),(1306,14,25,13,33),(1307,13,25,13,34),(1308,13,25,13,35),(1309,13,25,13,36),(1310,13,25,13,37),(1311,13,25,13,38),(1312,5,25,13,39),(1313,5,25,13,40),(1314,8,25,13,41),(1315,14,25,13,42),(1316,7,21.5,13,43),(1317,11,8,13,43),(1318,5,9,13,44),(1319,14,16,13,44),(1320,8,12,13,45),(1321,13,11.5,13,45),(1322,14,30,14,1),(1323,13,30,14,2),(1324,13,30,14,3),(1325,2,30,14,4),(1326,14,30,14,5),(1327,14,30,14,6),(1328,14,30,14,7),(1329,14,30,14,8),(1330,14,30,14,9),(1331,14,30,14,10),(1332,8,30,14,11),(1333,7,30,14,12),(1334,7,30,14,13),(1335,13,30,14,14),(1336,13,30,14,15),(1337,13,30,14,16),(1338,8,30,14,17),(1339,8,30,14,18),(1340,14,30,14,19),(1341,5,30,14,20),(1342,13,30,14,21),(1343,14,30,14,22),(1344,5,30,14,23),(1345,2,29.75,14,24),(1346,7,10.5,14,25),(1347,8,23,14,25),(1348,5,5,14,26),(1349,24,21.5,14,26),(1350,11,11.5,14,27),(1351,14,4.5,14,27),(1352,14,6.5,14,27),(1353,8,26,14,28),(1354,5,10.5,14,29),(1355,7,9.5,14,29),(1356,8,25,15,1),(1357,8,25,15,2),(1358,8,25,15,3),(1359,8,25,15,4),(1360,8,25,15,5),(1361,8,25,15,6),(1362,8,25,15,7),(1363,13,25,15,8),(1364,13,25,15,9),(1365,13,25,15,10),(1366,13,25,15,11),(1367,14,25,15,12),(1368,14,25,15,13),(1369,14,25,15,14),(1370,14,25,15,15),(1371,14,25,15,16),(1372,14,25,15,17),(1373,8,25,15,18),(1374,8,25,15,19),(1375,8,25,15,20),(1376,8,25,15,21),(1377,8,25,15,22),(1378,8,25,15,23),(1379,8,25,15,24),(1380,8,25,15,25),(1381,8,25,15,26),(1382,8,25,15,27),(1383,8,25,15,28),(1384,8,25,15,29),(1385,8,25,15,30),(1386,8,25,15,31),(1387,8,25,15,32),(1388,13,25,15,33),(1389,13,25,15,34),(1390,13,25,15,35),(1391,13,25,15,36),(1392,13,25,15,37),(1393,5,25,15,38),(1394,5,25,15,39),(1395,5,25,15,40),(1396,14,25,15,41),(1397,7,25,15,42),(1398,13,25,15,43),(1399,5,2,15,44),(1400,7,15,15,44),(1401,8,3,15,44),(1402,14,15,15,45),(1403,14,4.5,15,45),(1404,2,9.5,15,46),(1405,24,11,15,46),(1452,13,25,16,1),(1453,13,25,16,2),(1454,13,25,16,3),(1455,13,25,16,4),(1456,13,25,16,5),(1457,13,25,16,6),(1458,13,25,16,7),(1459,13,25,16,8),(1460,13,25,16,9),(1461,13,25,16,10),(1462,13,25,16,11),(1463,14,25,16,12),(1464,14,25,16,13),(1465,14,25,16,14),(1466,14,25,16,15),(1467,14,25,16,16),(1468,14,25,16,17),(1469,8,25,16,18),(1470,8,25,16,19),(1471,5,25,16,20),(1472,2,25,16,21),(1473,14,25,16,22),(1474,14,25,16,23),(1475,14,25,16,24),(1476,14,25,16,25),(1477,14,25,16,26),(1478,14,25,16,27),(1479,13,25,16,28),(1480,13,25,16,29),(1481,13,25,16,30),(1482,13,25,16,31),(1483,13,25,16,32),(1484,13,25,16,33),(1485,5,25,16,34),(1486,8,25,16,35),(1487,8,25,16,36),(1488,8,25,16,37),(1489,5,25,16,38),(1490,13,25,16,39),(1491,2,12,16,40),(1492,14,13,16,40),(1493,5,2,16,41),(1494,7,5,16,41),(1495,8,8,16,41),(1496,11,5.5,16,41),(1497,13,4,16,41),(1498,2,25,17,1),(1499,2,25,17,2),(1500,2,25,17,3),(1501,2,25,17,4),(1502,2,25,17,5),(1503,8,25,17,6),(1504,8,25,17,7),(1505,8,25,17,8),(1506,8,25,17,9),(1507,13,25,17,10),(1508,14,25,17,11),(1509,5,25,17,12),(1510,8,25,17,13),(1511,8,25,17,14),(1512,8,25,17,15),(1513,8,25,17,16),(1514,24,25,17,17),(1515,13,25,17,18),(1516,14,25,17,19),(1517,5,25,17,20),(1518,13,25,17,21),(1519,8,25,17,22),(1520,14,25,17,23),(1521,13,25,17,24),(1522,7,25,17,25),(1523,22,24,17,26),(1524,5,25,17,27),(1525,2,25,17,28),(1526,2,25,17,29),(1527,2,25,17,30),(1528,2,16,17,31),(1529,14,11.5,17,31),(1530,5,17.5,17,32),(1531,24,11,17,32),(1532,8,17,17,33),(1533,11,6.5,17,33),(1534,2,4.5,17,34),(1535,13,15.5,17,34),(1536,2,24.5,17,35),(1537,5,6,17,35),(1626,2,25,19,1),(1627,2,25,19,2),(1628,2,25,19,3),(1629,2,25,19,4),(1630,2,25,19,5),(1631,2,25,19,6),(1632,2,25,19,7),(1633,2,25,19,8),(1634,2,25,19,9),(1635,2,25,19,10),(1636,2,25,19,11),(1637,2,25,19,12),(1638,2,25,19,13),(1639,2,25,19,14),(1640,2,25,19,15),(1641,2,25,19,16),(1642,8,25,19,17),(1643,5,25,19,18),(1644,13,25,19,19),(1645,2,25,19,20),(1646,2,25,19,21),(1647,2,25,19,22),(1648,2,25,19,23),(1649,2,25,19,24),(1650,2,25,19,25),(1651,2,25,19,26),(1652,2,25,19,27),(1653,2,25,19,28),(1654,2,25,19,29),(1655,2,25,19,30),(1656,2,25,19,31),(1657,5,25,19,32),(1658,5,25,19,33),(1659,13,25,19,34),(1660,8,25,19,35),(1661,8,25,19,36),(1662,8,25,19,37),(1663,8,25,19,38),(1664,8,25,19,39),(1665,8,25,19,40),(1666,8,25,19,41),(1667,8,25,19,42),(1668,13,25,19,43),(1669,13,25,19,44),(1670,13,25,19,45),(1671,5,25,19,46),(1672,5,25,19,47),(1673,5,25,19,48),(1674,13,25,19,49),(1675,13,25,19,50),(1676,13,25,19,51),(1677,14,25,19,52),(1678,8,25,19,53),(1679,5,25,19,54),(1680,8,25,19,55),(1681,13,25,19,56),(1682,14,25,19,57),(1683,7,19,19,58),(1684,8,5.5,19,58),(1685,5,6.5,19,59),(1686,11,6,19,59),(1687,24,13.5,19,59),(1688,2,7,19,60),(1689,10,12,19,60),(1690,13,4,19,60),(1691,14,5,19,60),(1736,2,25,18,1),(1737,2,25,18,2),(1738,2,25,18,3),(1739,2,25,18,4),(1740,2,25,18,5),(1741,2,25,18,6),(1742,2,25,18,7),(1743,2,25,18,8),(1744,2,25,18,9),(1745,2,25,18,10),(1746,13,25,18,11),(1747,13,25,18,12),(1748,5,25,18,13),(1749,5,25,18,14),(1750,5,25,18,15),(1751,13,25,18,16),(1752,8,25,18,17),(1753,13,25,18,18),(1754,5,25,18,19),(1755,8,25,18,20),(1756,13,25,18,21),(1757,5,25,18,22),(1758,24,25,18,23),(1759,8,25,18,24),(1760,8,25,18,25),(1761,13,25,18,26),(1762,13,25,18,27),(1763,13,25,18,28),(1764,5,25,18,29),(1765,8,25,18,30),(1766,8,25,18,31),(1767,13,25,18,32),(1768,8,25,18,33),(1769,8,23,18,34),(1770,5,25,18,35),(1771,11,4.75,18,36),(1772,13,20,18,36),(1773,8,6.25,18,37),(1774,14,21.75,18,37),(1775,5,12.5,18,38),(1776,10,13,18,38),(1777,2,12,18,39),(1778,7,12,18,39),(1779,24,1,18,39),(1780,2,25,20,1),(1781,2,25,20,2),(1782,2,25,20,3),(1783,2,25,20,4),(1784,2,25,20,5),(1785,2,25,20,6),(1786,2,25,20,7),(1787,2,25,20,8),(1788,2,25,20,9),(1789,2,25,20,10),(1790,2,25,20,11),(1791,2,25,20,12),(1792,2,25,20,13),(1793,5,25,20,14),(1794,8,25,20,15),(1795,13,25,20,16),(1796,8,25,20,17),(1797,8,25,20,18),(1798,8,25,20,19),(1799,8,25,20,20),(1800,8,25,20,21),(1801,8,25,20,22),(1802,8,25,20,23),(1803,8,25,20,24),(1804,8,25,20,25),(1805,8,25,20,26),(1806,8,25,20,27),(1807,8,25,20,28),(1808,8,25,20,29),(1809,5,25,20,30),(1810,5,25,20,31),(1811,5,25,20,32),(1812,13,25,20,33),(1813,13,25,20,34),(1814,13,25,20,35),(1815,24,25,20,36),(1816,5,25,20,37),(1817,8,25,20,38),(1818,13,25,20,39),(1819,8,25,20,40),(1820,2,25,20,41),(1821,2,25,20,42),(1822,2,25,20,43),(1823,2,25,20,44),(1824,2,25,20,45),(1825,2,25,20,46),(1826,2,25,20,47),(1827,5,25,20,48),(1828,13,25,20,49),(1829,5,2,20,50),(1830,10,23.5,20,50),(1831,13,1,20,50),(1832,14,20,20,51),(1833,14,5.5,20,51),(1834,8,17,20,52),(1835,24,18,20,52),(1836,7,22,20,53),(1837,2,4,20,54),(1838,11,19.5,20,54),(1913,8,25,22,1),(1914,8,25,22,2),(1915,8,25,22,3),(1916,8,25,22,4),(1917,8,25,22,5),(1918,8,25,22,6),(1919,8,25,22,7),(1920,8,25,22,8),(1921,8,25,22,9),(1922,8,25,22,10),(1923,8,25,22,11),(1924,8,25,22,12),(1925,13,25,22,13),(1926,13,25,22,14),(1927,13,25,22,15),(1928,13,25,22,16),(1929,13,25,22,17),(1930,13,25,22,18),(1931,13,25,22,19),(1932,5,25,22,20),(1933,5,25,22,21),(1934,8,25,22,22),(1935,8,25,22,23),(1936,8,25,22,24),(1937,5,25,22,25),(1938,13,25,22,26),(1939,8,25,22,27),(1940,8,25,22,28),(1941,8,25,22,29),(1942,8,25,22,30),(1943,8,25,22,31),(1944,13,25,22,32),(1945,14,25,22,33),(1946,5,25,22,34),(1947,13,25,22,35),(1948,5,1,22,36),(1949,8,10,22,36),(1950,14,16,22,36),(1951,2,25,22,37),(2072,13,25,23,1),(2073,13,25,23,2),(2074,13,25,23,3),(2075,13,25,23,4),(2076,13,25,23,5),(2077,5,25,23,6),(2078,8,25,23,7),(2079,8,25,23,8),(2080,8,25,23,9),(2081,8,25,23,10),(2082,13,25,23,11),(2083,11,25,23,12),(2084,11,25,23,13),(2085,7,25,23,14),(2086,14,25,23,15),(2087,24,25,23,16),(2088,24,25,23,17),(2089,5,25,23,18),(2090,5,25,23,19),(2091,13,25,23,20),(2092,13,25,23,21),(2093,8,25,23,22),(2094,5,25,23,23),(2095,8,25,23,24),(2096,24,25,23,25),(2097,13,25,23,26),(2098,8,25,23,27),(2099,8,25,23,28),(2100,13,25,23,29),(2101,14,25,23,30),(2102,8,25,23,31),(2103,8,25,23,32),(2104,5,25,23,33),(2105,13,25,23,34),(2106,13,25,23,35),(2107,13,25,23,36),(2108,13,25,23,37),(2109,13,25,23,38),(2110,13,25,23,39),(2111,8,25,23,40),(2112,8,25,23,41),(2113,5,25,23,42),(2114,5,25,23,43),(2115,5,25,23,44),(2116,5,25,23,45),(2117,8,25,23,46),(2118,5,25,23,47),(2119,5,25,23,48),(2120,5,25,23,49),(2121,11,25,23,50),(2122,24,25,23,51),(2123,8,4,23,52),(2124,10,1.5,23,52),(2125,14,17,23,52),(2126,7,17,23,53),(2127,13,5.5,23,53),(2128,24,1.5,23,53),(2129,2,12,23,54),(2130,5,2,23,54),(2131,11,9.5,23,54),(2132,8,25,21,1),(2133,8,25,21,2),(2134,8,25,21,3),(2135,8,25,21,4),(2136,8,25,21,5),(2137,8,25,21,6),(2138,8,25,21,7),(2139,8,25,21,8),(2140,8,25,21,9),(2141,8,25,21,10),(2142,8,25,21,11),(2143,8,25,21,12),(2144,8,25,21,13),(2145,8,25,21,14),(2146,8,25,21,15),(2147,8,25,21,16),(2148,8,25,21,17),(2149,8,25,21,18),(2150,8,25,21,19),(2151,8,25,21,20),(2152,8,25,21,21),(2153,8,25,21,22),(2154,8,25,21,23),(2155,8,25,21,24),(2156,8,25,21,25),(2157,8,25,21,26),(2158,8,25,21,27),(2159,8,25,21,28),(2160,8,25,21,29),(2161,8,25,21,30),(2162,8,25,21,31),(2163,8,25,21,32),(2164,8,25,21,33),(2165,8,25,21,34),(2166,5,25,21,35),(2167,5,25,21,36),(2168,5,25,21,37),(2169,5,25,21,38),(2170,5,25,21,39),(2171,5,25,21,40),(2172,5,25,21,41),(2173,13,25,21,42),(2174,13,25,21,43),(2175,13,25,21,44),(2176,13,25,21,45),(2177,13,25,21,46),(2178,13,25,21,47),(2179,13,25,21,48),(2180,13,25,21,49),(2181,13,25,21,50),(2182,13,25,21,51),(2183,8,25,21,52),(2184,8,25,21,53),(2185,8,25,21,54),(2186,8,25,21,55),(2187,8,25,21,56),(2188,8,25,21,57),(2189,5,25,21,58),(2190,5,25,21,59),(2191,24,25,21,60),(2192,11,25,21,61),(2193,8,25,21,62),(2194,5,25,21,63),(2195,5,25,21,64),(2196,2,25,21,65),(2197,2,25,21,66),(2198,2,9,21,67),(2199,13,21.5,21,67),(2200,5,14,21,68),(2201,8,13,21,68),(2202,11,15.5,21,69),(2203,24,15,21,69),(2204,7,14.5,21,70),(2205,14,14,21,70),(2206,13,25,24,1),(2207,13,25,24,2),(2208,13,25,24,3),(2209,13,25,24,4),(2210,13,25,24,5),(2211,13,25,24,6),(2212,13,25,24,7),(2213,8,25,24,8),(2214,8,25,24,9),(2215,8,25,24,10),(2216,5,25,24,11),(2217,5,25,24,12),(2218,13,25,24,13),(2219,13,25,24,14),(2220,13,25,24,15),(2221,13,25,24,16),(2222,8,25,24,17),(2223,8,25,24,18),(2224,8,25,24,19),(2225,5,25,24,20),(2226,5,25,24,21),(2227,5,25,24,22),(2228,8,25,24,23),(2229,14,25,24,24),(2230,11,25,24,25),(2231,2,25,24,26),(2232,2,25,24,27),(2233,2,25,24,28),(2234,7,7,24,29),(2235,8,3.5,24,29),(2236,10,13,24,29),(2237,13,16.5,24,30),(2238,24,10,24,30),(2239,2,18.5,24,31),(2240,5,18,24,32),(2241,14,2,24,32),(2280,5,25,25,1),(2281,8,25,25,2),(2282,8,25,25,3),(2283,8,25,25,4),(2284,8,25,25,5),(2285,8,25,25,6),(2286,8,25,25,7),(2287,13,25,25,8),(2288,13,25,25,9),(2289,13,25,25,10),(2290,13,25,25,11),(2291,13,25,25,12),(2292,13,25,25,13),(2293,22,25,25,14),(2294,22,25,25,15),(2295,22,25,25,16),(2296,22,25,25,17),(2297,22,0,25,18),(2298,22,25,25,19),(2299,22,25,25,20),(2300,22,25,25,21),(2301,22,23,25,22),(2302,13,25,25,23),(2303,5,25,25,24),(2304,5,25,25,25),(2305,7,25,25,26),(2306,14,25,25,27),(2307,2,25,25,28),(2308,2,25,25,29),(2309,7,13,25,30),(2310,24,16.5,25,30),(2311,8,7,25,31),(2312,14,19,25,31),(2313,5,13.5,25,32),(2314,11,10,25,32),(2315,2,25,25,33),(2316,2,20.75,25,34),(2317,13,10.5,25,34),(2389,13,25,26,1),(2390,13,25,26,2),(2391,13,25,26,3),(2392,13,25,26,4),(2393,2,25,26,5),(2394,2,25,26,6),(2395,2,25,26,7),(2396,2,25,26,8),(2397,2,25,26,9),(2398,14,25,26,10),(2399,5,25,26,11),(2400,22,25,26,12),(2401,22,25,26,13),(2402,22,25,26,14),(2403,22,25,26,15),(2404,22,25,26,16),(2405,22,25,26,17),(2406,22,25,26,18),(2407,22,25,26,19),(2408,22,25,26,20),(2409,22,25,26,21),(2410,22,25,26,22),(2411,22,25,26,23),(2412,22,25,26,24),(2413,22,25,26,25),(2414,22,25,26,26),(2415,22,25,26,27),(2416,22,25,26,28),(2417,22,25,26,29),(2418,22,25,26,30),(2419,22,25,26,31),(2420,22,25,26,32),(2421,22,25,26,33),(2422,57,25,26,34),(2423,57,25,26,35),(2424,57,25,26,36),(2425,57,25,26,37),(2426,13,25,26,38),(2427,13,25,26,39),(2428,8,25,26,40),(2429,24,25,26,41),(2430,14,25,26,42),(2431,14,25,26,43),(2432,14,25,26,44),(2433,8,25,26,45),(2434,8,25,26,46),(2435,8,25,26,47),(2436,8,25,26,48),(2437,8,25,26,49),(2438,8,25,26,50),(2439,8,25,26,51),(2440,8,25,26,52),(2441,8,25,26,53),(2442,8,25,26,54),(2443,13,25,26,55),(2444,13,25,26,56),(2445,13,25,26,57),(2446,8,25,26,58),(2447,5,25,26,59),(2448,14,25,26,60),(2449,2,25,26,61),(2450,5,8,26,62),(2451,24,18,26,62),(2452,8,20.5,26,63),(2453,11,11,26,63),(2454,7,12,26,64),(2455,13,11,26,64),(2456,5,5.5,26,65),(2457,14,23,26,65),(2458,2,31,26,66),(2459,5,20,27,1),(2460,8,20,27,2),(2461,13,20,27,3),(2462,13,20,27,4),(2463,7,20,27,5),(2464,8,20,27,6),(2465,8,20,27,7),(2466,8,20,27,8),(2467,8,20,27,9),(2468,8,20,27,10),(2469,8,20,27,11),(2470,8,20,27,12),(2471,8,20,27,13),(2472,13,20,27,14),(2473,13,20,27,15),(2474,13,20,27,16),(2475,13,20,27,17),(2476,13,20,27,18),(2477,5,20,27,19),(2478,5,20,27,20),(2479,5,20,27,21),(2480,13,20,27,22),(2481,13,20,27,23),(2482,13,20,27,24),(2483,13,20,27,25),(2484,9,20,27,26),(2485,5,20,27,27),(2486,8,20,27,28),(2487,13,20,27,29),(2488,13,20,27,30),(2489,13,20,27,31),(2490,2,20,27,32),(2491,8,20,27,33),(2492,8,20,27,34),(2493,8,20,27,35),(2494,13,20,27,36),(2495,5,20,27,37),(2496,8,20,27,38),(2497,8,20,27,39),(2498,13,20,27,40),(2499,13,20,27,41),(2500,13,20,27,42),(2501,13,20,27,43),(2502,13,20,27,44),(2503,8,20,27,45),(2504,5,20,27,46),(2505,5,20,27,47),(2506,2,20,27,48),(2507,13,20,27,49),(2508,7,5.5,27,50),(2509,10,14.5,27,50),(2555,13,20,28,1),(2556,13,20,28,2),(2557,13,20,28,3),(2558,13,20,28,4),(2559,13,20,28,5),(2560,13,20,28,6),(2561,13,20,28,7),(2562,13,20,28,8),(2563,13,20,28,9),(2564,13,20,28,10),(2565,13,20,28,11),(2566,13,20,28,12),(2567,13,20,28,13),(2568,13,20,28,14),(2569,13,20,28,15),(2570,13,20,28,16),(2571,13,20,28,17),(2572,13,20,28,18),(2573,13,20,28,19),(2574,13,20,28,20),(2575,5,20,28,21),(2576,5,20,28,22),(2577,14,20,28,23),(2578,8,20,28,24),(2579,8,20,28,25),(2580,8,20,28,26),(2581,13,20,28,27),(2582,13,20,28,28),(2583,5,20,28,29),(2584,8,20,28,30),(2585,14,20,28,31),(2586,13,20,28,32),(2587,13,20,28,33),(2588,8,20,28,34),(2589,8,20,28,35),(2590,8,20,28,36),(2591,8,20,28,37),(2592,8,20,28,38),(2593,5,20,28,39),(2594,2,20,28,40),(2595,5,3,28,41),(2596,8,14.5,28,41),(2597,13,18.5,28,42),(2598,2,10,28,43),(2599,7,4.5,28,43),(2600,13,30,29,1),(2601,13,30,29,2),(2602,13,30,29,3),(2603,13,30,29,4),(2604,13,30,29,5),(2605,13,30,29,6),(2606,13,30,29,7),(2607,13,30,29,8),(2608,13,30,29,9),(2609,13,30,29,10),(2610,13,30,29,11),(2611,13,30,29,12),(2612,13,30,29,13),(2613,13,30,29,14),(2614,5,30,29,15),(2615,5,30,29,16),(2616,5,30,29,17),(2617,8,30,29,18),(2618,8,30,29,19),(2619,7,30,29,20),(2620,11,30,29,21),(2621,24,30,29,22),(2622,13,30,29,23),(2623,13,30,29,24),(2624,8,30,29,25),(2625,8,30,29,26),(2626,8,30,29,27),(2627,8,30,29,28),(2628,13,30,29,29),(2629,13,30,29,30),(2630,13,30,29,31),(2631,8,30,29,32),(2632,5,30,29,33),(2633,7,30,29,34),(2634,14,30,29,35),(2635,13,30,29,36),(2636,13,30,29,37),(2637,8,30,29,38),(2638,8,30,29,39),(2639,13,30,29,40),(2640,2,30,29,41),(2641,2,30,29,42),(2642,2,30,29,43),(2643,2,30,29,44),(2644,11,30.5,29,45),(2645,2,10.5,29,46),(2646,13,21,29,46),(2647,9,9.5,29,47),(2648,24,23.5,29,47),(2649,7,19.5,29,48),(2650,14,10.5,29,48),(2651,8,11.5,29,49),(2652,10,18,29,49),(2653,5,23.5,29,50),(2654,2,26.5,29,51),(2655,13,25,30,1),(2656,13,25,30,2),(2657,13,25,30,3),(2658,13,25,30,4),(2659,13,25,30,5),(2660,13,25,30,6),(2661,13,25,30,7),(2662,13,25,30,8),(2663,13,25,30,9),(2664,13,25,30,10),(2665,13,25,30,11),(2666,5,25,30,12),(2667,5,25,30,13),(2668,5,25,30,14),(2669,8,25,30,15),(2670,8,25,30,16),(2671,8,25,30,17),(2672,2,25,30,18),(2673,2,25,30,19),(2674,13,25,30,20),(2675,13,25,30,21),(2676,8,25,30,22),(2677,8,25,30,23),(2678,24,25,30,24),(2679,5,25,30,25),(2680,13,25,30,26),(2681,24,25,30,27),(2682,8,25,30,28),(2683,13,25,30,29),(2684,13,25,30,30),(2685,8,25,30,31),(2686,5,25,30,32),(2687,7,8.5,30,33),(2688,8,14.5,30,33),(2689,11,22,30,34),(2690,24,1.5,30,34),(2691,5,8,30,35),(2692,10,5,30,35),(2693,13,8.5,30,35),(2694,2,16,30,36),(2695,14,5,30,36),(2696,8,25,31,1),(2697,8,25,31,2),(2698,8,25,31,3),(2699,5,25,31,4),(2700,13,25,31,5),(2701,24,25,31,6),(2702,13,25,31,7),(2703,13,25,31,8),(2704,8,25,31,9),(2705,5,25,31,10),(2706,8,25,31,11),(2707,5,25,31,12),(2708,5,25,31,13),(2709,13,25,31,14),(2710,24,25,31,15),(2711,24,25,31,16),(2712,8,25,31,17),(2713,8,25,31,18),(2714,8,25,31,19),(2715,8,25,31,20),(2716,8,25,31,21),(2717,8,25,31,22),(2718,8,25,31,23),(2719,7,25,31,24),(2720,5,25,31,25),(2721,5,25,31,26),(2722,13,25,31,27),(2723,13,25,31,28),(2724,13,25,31,29),(2725,13,25,31,30),(2726,13,25,31,31),(2727,13,25,31,32),(2728,13,25,31,33),(2729,13,25,31,34),(2730,13,25,31,35),(2731,13,25,31,36),(2732,8,25,31,37),(2733,5,25,31,38),(2734,8,25,31,39),(2735,13,25,31,40),(2736,24,25,31,41),(2737,8,25,31,42),(2738,13,25,31,43),(2739,13,25,31,44),(2740,13,25,31,45),(2741,2,25,31,46),(2742,2,20,31,47),(2743,5,5,31,47),(2744,8,12.5,31,48),(2745,10,10.5,31,48),(2746,24,4,31,48),(2747,11,3,31,49),(2748,13,3,31,49),(2749,14,20,31,49),(2750,7,17,31,50),(2751,8,7,31,50),(2752,9,5,31,50),(2753,7,6,31,51),(2754,8,13,31,51),(2755,13,30,32,1),(2756,7,30,32,2),(2757,5,30,32,3),(2758,5,30,32,4),(2759,13,30,32,5),(2760,8,30,32,6),(2761,13,30,32,7),(2762,13,30,32,8),(2763,13,30,32,9),(2764,13,30,32,10),(2765,13,30,32,11),(2766,13,30,32,12),(2767,13,30,32,13),(2768,13,30,32,14),(2769,13,30,32,15),(2770,13,30,32,16),(2771,13,30,32,17),(2772,13,30,32,18),(2773,13,30,32,19),(2774,13,30,32,20),(2775,13,30,32,21),(2776,13,30,32,22),(2777,5,30,32,23),(2778,5,30,32,24),(2779,5,30,32,25),(2780,8,30,32,26),(2781,8,30,32,27),(2782,8,30,32,28),(2783,8,30,32,29),(2784,8,30,32,30),(2785,8,30,32,31),(2786,8,30,32,32),(2787,8,30,32,33),(2788,8,30,32,34),(2789,8,30,32,35),(2790,13,30,32,36),(2791,13,30,32,37),(2792,13,30,32,38),(2793,13,30,32,39),(2794,13,30,32,40),(2795,13,30,32,41),(2796,13,30,32,42),(2797,13,30,32,43),(2798,13,30,32,44),(2799,5,30,32,45),(2800,2,23.5,32,46),(2801,11,6,32,46),(2802,7,16.5,32,47),(2803,10,9.5,32,47),(2804,14,4.5,32,47),(2805,8,15,32,48),(2806,24,16,32,48),(2807,9,17.5,32,49),(2808,13,12,32,49),(2809,13,25,34,1),(2810,13,25,34,2),(2811,13,25,34,3),(2812,13,25,34,4),(2813,13,25,34,5),(2814,13,25,34,6),(2815,13,25,34,7),(2816,13,25,34,8),(2817,13,25,34,9),(2818,13,25,34,10),(2819,13,25,34,11),(2820,13,25,34,12),(2821,13,25,34,13),(2822,8,25,34,14),(2823,8,25,34,15),(2824,8,25,34,16),(2825,8,25,34,17),(2826,8,25,34,18),(2827,8,25,34,19),(2828,8,25,34,20),(2829,5,25,34,21),(2830,5,25,34,22),(2831,5,25,34,23),(2832,5,25,34,24),(2833,13,25,34,25),(2834,13,25,34,26),(2835,13,25,34,27),(2836,13,25,34,28),(2837,24,25,34,29),(2838,2,25,34,30),(2839,13,25,34,31),(2840,13,25,34,32),(2841,5,25,34,33),(2842,5,25,34,34),(2843,8,25,34,35),(2844,14,24.75,34,36),(2845,9,7.5,34,37),(2846,11,20,34,37),(2847,2,9.75,34,38),(2848,7,10,34,38),(2849,8,7.75,34,38),(2850,10,22.5,34,39),(2851,24,4,34,39),(2852,5,4,34,40),(2853,13,20.5,34,40),(2854,8,25,35,1),(2855,8,25,35,2),(2856,8,25,35,3),(2857,8,25,35,4),(2858,7,25,35,5),(2859,7,25,35,6),(2860,7,25,35,7),(2861,8,25,35,8),(2862,13,25,35,9),(2863,5,25,35,10),(2864,8,25,35,11),(2865,5,25,35,12),(2866,5,25,35,13),(2867,5,25,35,14),(2868,13,25,35,15),(2869,13,25,35,16),(2870,2,25,35,17),(2871,8,25,35,18),(2872,13,25,35,19),(2873,13,25,35,20),(2874,13,25,35,21),(2875,13,25,35,22),(2876,14,25,35,23),(2877,11,25,35,24),(2878,2,20.5,35,25),(2879,5,4.5,35,25),(2880,7,21,35,26),(2881,11,2.5,35,26),(2882,13,1,35,26),(2883,10,7.25,35,27),(2884,24,14.75,35,27),(2885,8,15,35,28),(2886,14,8,35,28),(2887,9,17,35,29),(2888,14,5,35,29),(2997,13,25,36,1),(2998,13,25,36,2),(2999,13,25,36,3),(3000,13,25,36,4),(3001,13,25,36,5),(3002,13,25,36,6),(3003,5,25,36,7),(3004,5,25,36,8),(3005,5,25,36,9),(3006,5,25,36,10),(3007,10,25,36,11),(3008,8,25,36,12),(3009,8,25,36,13),(3010,8,25,36,14),(3011,13,25,36,15),(3012,13,25,36,16),(3013,5,25,36,17),(3014,5,25,36,18),(3015,13,25,36,19),(3016,8,25,36,20),(3017,8,25,36,21),(3018,8,25,36,22),(3019,5,25,36,23),(3020,10,25,36,24),(3021,13,25,36,25),(3022,13,25,36,26),(3023,13,25,36,27),(3024,8,25,36,28),(3025,8,25,36,29),(3026,5,25,36,30),(3027,24,25,36,31),(3028,13,25,36,32),(3029,13,25,36,33),(3030,13,25,36,34),(3031,8,25,36,35),(3032,8,25,36,36),(3033,8,25,36,37),(3034,14,25,36,38),(3035,9,25,36,39),(3036,10,25,36,40),(3037,10,25,36,41),(3038,7,25,36,42),(3039,5,25,36,43),(3040,8,25,36,44),(3041,13,25,36,45),(3042,8,9.5,36,46),(3043,9,18,36,46),(3044,7,21.5,36,47),(3045,24,9.5,36,47),(3046,10,13.5,36,48),(3047,11,13.5,36,48),(3048,2,10,36,49),(3049,5,9.75,36,49),(3050,14,14,36,49),(3094,13,25,37,1),(3095,13,25,37,2),(3096,13,25,37,3),(3097,13,25,37,4),(3098,13,25,37,5),(3099,13,25,37,6),(3100,13,25,37,7),(3101,8,25,37,8),(3102,8,25,37,9),(3103,8,25,37,10),(3104,5,25,37,11),(3105,5,25,37,12),(3106,5,25,37,13),(3107,14,25,37,14),(3108,14,25,37,15),(3109,13,25,37,16),(3110,13,25,37,17),(3111,13,25,37,18),(3112,13,25,37,19),(3113,13,25,37,20),(3114,13,25,37,21),(3115,13,25,37,22),(3116,13,25,37,23),(3117,8,25,37,24),(3118,8,25,37,25),(3119,8,25,37,26),(3120,5,25,37,27),(3121,5,25,37,28),(3122,5,25,37,29),(3123,14,25,37,30),(3124,13,25,37,31),(3125,13,25,37,32),(3126,8,25,37,33),(3127,7,25,37,34),(3128,5,32.5,37,35),(3129,11,25,37,36),(3130,5,10,37,37),(3131,24,20,37,37),(3132,8,11,37,38),(3133,10,6,37,38),(3134,14,7,37,38),(3135,2,8.5,37,39),(3136,13,16,37,39),(3353,13,25,38,1),(3354,13,25,38,2),(3355,13,25,38,3),(3356,13,25,38,4),(3357,13,25,38,5),(3358,13,25,38,6),(3359,13,25,38,7),(3360,13,25,38,8),(3361,13,25,38,9),(3362,13,25,38,10),(3363,13,25,38,11),(3364,13,25,38,12),(3365,13,25,38,13),(3366,13,25,38,14),(3367,13,25,38,15),(3368,13,25,38,16),(3369,13,25,38,17),(3370,13,25,38,18),(3371,8,25,38,19),(3372,8,25,38,20),(3373,8,25,38,21),(3374,8,25,38,22),(3375,8,25,38,23),(3376,8,25,38,24),(3377,8,25,38,25),(3378,8,25,38,26),(3379,5,25,38,27),(3380,5,25,38,28),(3381,5,25,38,29),(3382,5,25,38,30),(3383,5,25,38,31),(3384,5,25,38,32),(3385,5,25,38,33),(3386,5,25,38,34),(3387,5,25,38,35),(3388,14,25,38,36),(3389,14,25,38,37),(3390,14,25,38,38),(3391,13,25,38,39),(3392,13,25,38,40),(3393,13,25,38,41),(3394,13,25,38,42),(3395,13,25,38,43),(3396,8,25,38,44),(3397,8,25,38,45),(3398,8,25,38,46),(3399,8,25,38,47),(3400,2,25,38,48),(3401,2,25,38,49),(3402,5,25,38,50),(3403,5,25,38,51),(3404,5,25,38,52),(3405,5,25,38,53),(3406,24,25,38,54),(3407,24,25,38,55),(3408,24,25,38,56),(3409,24,25,38,57),(3410,13,25,38,58),(3411,14,26,38,59),(3412,11,25,38,60),(3413,2,25.5,38,61),(3414,5,25,38,62),(3415,13,25,38,63),(3416,7,15,38,64),(3417,8,10.5,38,64),(3418,5,13.75,38,65),(3419,13,13.25,38,65),(3420,9,2.5,38,66),(3421,10,6,38,66),(3422,11,10.5,38,66),(3423,24,1.75,38,66),(3424,8,20,38,67),(3519,16,0,39,0),(3520,13,25,39,1),(3521,13,25,39,2),(3522,13,25,39,3),(3523,13,25,39,4),(3524,13,25,39,5),(3525,13,25,39,6),(3526,13,25,39,7),(3527,13,25,39,8),(3528,13,25,39,9),(3529,5,25,39,10),(3530,5,25,39,11),(3531,5,25,39,12),(3532,5,25,39,13),(3533,5,25,39,14),(3534,5,25,39,15),(3535,13,25,39,16),(3536,13,25,39,17),(3537,13,25,39,18),(3538,13,25,39,19),(3539,24,25,39,20),(3540,24,25,39,21),(3541,5,25,39,22),(3542,13,25,39,23),(3543,14,25,39,24),(3544,14,25,39,25),(3545,11,25,39,26),(3546,11,25,39,27),(3547,5,25,39,28),(3548,5,25,39,29),(3549,8,25,39,30),(3550,8,25,39,31),(3551,8,25,39,32),(3552,8,23.5,39,33),(3553,2,25,39,34),(3554,2,25,39,35),(3555,2,25,39,36),(3556,9,13,39,37),(3557,24,12.5,39,37),(3558,2,16,39,38),(3559,14,9.5,39,38),(3560,5,7.5,39,39),(3561,13,18.25,39,39),(3562,10,12.5,39,40),(3563,11,12,39,40),(3564,7,4.5,39,41),(3565,8,10.5,39,41),(3611,13,25,40,1),(3612,13,25,40,2),(3613,13,25,40,3),(3614,13,25,40,4),(3615,13,25,40,5),(3616,13,25,40,6),(3617,13,25,40,7),(3618,13,25,40,8),(3619,13,25,40,9),(3620,13,25,40,10),(3621,13,25,40,11),(3622,8,25,40,12),(3623,8,25,40,13),(3624,8,25,40,14),(3625,8,25,40,15),(3626,8,25,40,16),(3627,8,25,40,17),(3628,8,25,40,18),(3629,8,25,40,19),(3630,5,25,40,20),(3631,5,25,40,21),(3632,5,25,40,22),(3633,5,25,40,23),(3634,5,25,40,24),(3635,5,25,40,25),(3636,5,25,40,26),(3637,7,25,40,27),(3638,7,25,40,28),(3639,7,25,40,29),(3640,9,25,40,30),(3641,10,25,40,31),(3642,14,25,40,32),(3643,2,25,40,33),(3644,2,25,40,34),(3645,2,25,40,35),(3646,2,25,40,36),(3647,2,25,40,37),(3648,8,4.5,40,38),(3649,9,15,40,38),(3650,10,6,40,38),(3651,13,18,40,39),(3652,14,15.5,40,39),(3653,7,16,40,40),(3654,11,14.5,40,40),(3655,2,21,40,41),(3656,8,25,41,1),(3657,8,25,41,2),(3658,8,25,41,3),(3659,8,25,41,4),(3660,13,25,41,5),(3661,13,25,41,6),(3662,13,25,41,7),(3663,13,25,41,8),(3664,5,25,41,9),(3665,5,25,41,10),(3666,5,25,41,11),(3667,8,22.75,41,12),(3668,9,4.75,41,12),(3669,11,11.25,41,13),(3670,13,17.25,41,13),(3671,7,12.5,41,14),(3672,14,16.5,41,14),(3673,2,8.25,41,15),(3674,5,6,41,15),(3675,10,13.25,41,15),(3676,2,25,41,16),(3677,2,25,41,17),(3678,2,25,41,18),(3776,8,30,42,1),(3777,8,30,42,2),(3778,8,30,42,3),(3779,5,30,42,4),(3780,5,30,42,5),(3781,5,30,42,6),(3782,13,30,42,7),(3783,13,30,42,8),(3784,8,30,42,9),(3785,8,30,42,10),(3786,8,30,42,11),(3787,8,30,42,12),(3788,8,30,42,13),(3789,13,30,42,14),(3790,13,30,42,15),(3791,13,30,42,16),(3792,13,30,42,17),(3793,13,30,42,18),(3794,13,30,42,19),(3795,8,30,42,20),(3796,8,30,42,21),(3797,8,30,42,22),(3798,8,30,42,23),(3799,7,30,42,24),(3800,5,30,42,25),(3801,5,30,42,26),(3802,13,30,42,27),(3803,10,30,42,28),(3804,10,30,42,29),(3805,10,30,42,30),(3806,10,30,42,31),(3807,10,30,42,32),(3808,10,30,42,33),(3809,10,30,42,34),(3810,10,30,42,35),(3811,10,30,42,36),(3812,8,30,42,37),(3813,8,30,42,38),(3814,8,30,42,39),(3815,8,30,42,40),(3816,8,30,42,41),(3817,9,30,42,42),(3818,5,30,42,43),(3819,5,30,42,44),(3820,5,30,42,45),(3821,5,30,42,46),(3822,13,30,42,47),(3823,13,30,42,48),(3824,13,30,42,49),(3825,13,30,42,50),(3826,13,30,42,51),(3827,13,30,42,52),(3828,13,30,42,53),(3829,13,30,42,54),(3830,13,30,42,55),(3831,13,30,42,56),(3832,8,30,42,57),(3833,8,30,42,58),(3834,8,30,42,59),(3835,8,30,42,60),(3836,8,30,42,61),(3837,8,30,42,62),(3838,8,30,42,63),(3839,8,30,42,64),(3840,13,30,42,65),(3841,13,30,42,66),(3842,7,30,42,67),(3843,11,30,42,68),(3844,5,30,42,69),(3845,5,30,42,70),(3846,2,30,42,71),(3847,14,30,42,72),(3848,14,30,42,73),(3849,14,30,42,74),(3850,14,30,42,75),(3851,14,30,42,76),(3852,14,30,42,77),(3853,8,30,42,78),(3854,8,30,42,79),(3855,8,30,42,80),(3856,8,29.3,42,81),(3857,13,29,42,82),(3858,13,30,42,83),(3859,5,30,42,84),(3860,5,30,42,85),(3861,7,30,42,86),(3862,8,19,42,87),(3863,11,9.75,42,87),(3864,2,14.5,42,88),(3865,7,17,42,88),(3866,14,24.7,42,89),(3867,24,1.25,42,89),(3868,5,23,42,90),(3869,10,9,42,90),(3870,10,9,42,91),(3871,13,21.5,42,91),(3872,9,23.75,42,92);
/*!40000 ALTER TABLE `invoice_packing_list` ENABLE KEYS */;
UNLOCK TABLES;

--
-- Table structure for table `ledger_group`
--

DROP TABLE IF EXISTS `ledger_group`;
/*!40101 SET @saved_cs_client     = @@character_set_client */;
/*!50503 SET character_set_client = utf8mb4 */;
CREATE TABLE `ledger_group` (
  `id_ledger_group` int NOT NULL AUTO_INCREMENT,
  `name` varchar(100) NOT NULL,
  PRIMARY KEY (`id_ledger_group`)
) ENGINE=MyISAM AUTO_INCREMENT=10004 DEFAULT CHARSET=latin1;
/*!40101 SET character_set_client = @saved_cs_client */;

--
-- Dumping data for table `ledger_group`
--

LOCK TABLES `ledger_group` WRITE;
/*!40000 ALTER TABLE `ledger_group` DISABLE KEYS */;
INSERT INTO `ledger_group` VALUES (4,'PURCHASE EXPENSES'),(3,'STAFF'),(2,'SUPPLIER'),(1,'OTHER'),(5,'ACCOUNT'),(6,'INVOICE EXPENSES'),(7,'CONSIGNER'),(8,'CONSIGNEE'),(9,'PARTNER'),(10,'FREIGHT EXPENSES'),(10000,'AIRWAYS'),(11,'EXPENSES'),(10001,'OTHER INCOME'),(10002,'CAPITAL'),(10003,'CAPITAL');
/*!40000 ALTER TABLE `ledger_group` ENABLE KEYS */;
UNLOCK TABLES;

--
-- Table structure for table `login`
--

DROP TABLE IF EXISTS `login`;
/*!40101 SET @saved_cs_client     = @@character_set_client */;
/*!50503 SET character_set_client = utf8mb4 */;
CREATE TABLE `login` (
  `id_login` int NOT NULL,
  `user` int NOT NULL,
  `password` int NOT NULL,
  PRIMARY KEY (`id_login`)
) ENGINE=InnoDB DEFAULT CHARSET=utf8mb4 COLLATE=utf8mb4_0900_ai_ci;
/*!40101 SET character_set_client = @saved_cs_client */;

--
-- Dumping data for table `login`
--

LOCK TABLES `login` WRITE;
/*!40000 ALTER TABLE `login` DISABLE KEYS */;
/*!40000 ALTER TABLE `login` ENABLE KEYS */;
UNLOCK TABLES;

--
-- Table structure for table `notification`
--

DROP TABLE IF EXISTS `notification`;
/*!40101 SET @saved_cs_client     = @@character_set_client */;
/*!50503 SET character_set_client = utf8mb4 */;
CREATE TABLE `notification` (
  `id_notification` int NOT NULL AUTO_INCREMENT,
  `date` datetime DEFAULT NULL,
  `description` varchar(1000) DEFAULT NULL,
  `isread` int DEFAULT NULL,
  PRIMARY KEY (`id_notification`)
) ENGINE=InnoDB AUTO_INCREMENT=14 DEFAULT CHARSET=latin1;
/*!40101 SET character_set_client = @saved_cs_client */;

--
-- Dumping data for table `notification`
--

LOCK TABLES `notification` WRITE;
/*!40000 ALTER TABLE `notification` DISABLE KEYS */;
/*!40000 ALTER TABLE `notification` ENABLE KEYS */;
UNLOCK TABLES;

--
-- Table structure for table `payroll`
--

DROP TABLE IF EXISTS `payroll`;
/*!40101 SET @saved_cs_client     = @@character_set_client */;
/*!50503 SET character_set_client = utf8mb4 */;
CREATE TABLE `payroll` (
  `id_payroll` int NOT NULL AUTO_INCREMENT,
  `date` datetime NOT NULL,
  `id_account_head` int NOT NULL,
  `type` varchar(100) NOT NULL,
  `amount` double NOT NULL,
  `remarks` varchar(250) DEFAULT NULL,
  `id_invoice` int DEFAULT NULL,
  PRIMARY KEY (`id_payroll`)
) ENGINE=InnoDB AUTO_INCREMENT=428 DEFAULT CHARSET=utf8mb4 COLLATE=utf8mb4_0900_ai_ci;
/*!40101 SET character_set_client = @saved_cs_client */;

--
-- Dumping data for table `payroll`
--

LOCK TABLES `payroll` WRITE;
/*!40000 ALTER TABLE `payroll` DISABLE KEYS */;
INSERT INTO `payroll` VALUES (71,'2020-08-13 00:00:00',48,'PACKING CHARGE',1800,NULL,7),(72,'2020-08-13 00:00:00',2,'PACKING CHARGE',500,NULL,7),(73,'2020-08-13 00:00:00',6,'PACKING CHARGE',500,NULL,7),(74,'2020-08-13 00:00:00',2,'BATA',750,NULL,7),(75,'2020-08-13 00:00:00',6,'BATA',750,NULL,7),(121,'2020-08-19 00:00:00',48,'PACKING CHARGE',2200,NULL,8),(122,'2020-08-19 00:00:00',6,'PACKING CHARGE',500,NULL,8),(123,'2020-08-19 00:00:00',2,'PACKING CHARGE',500,NULL,8),(124,'2020-08-19 00:00:00',6,'BATA',750,NULL,8),(125,'2020-08-19 00:00:00',2,'BATA',750,NULL,8),(126,'2020-07-01 00:00:00',21,'BATA',2000,NULL,1),(127,'2020-07-01 00:00:00',2,'BATA',2000,NULL,1),(128,'2020-07-01 00:00:00',2,'PACKING CHARGE',500,NULL,1),(129,'2020-07-01 00:00:00',21,'PACKING CHARGE',500,NULL,1),(130,'2020-08-04 00:00:00',6,'PACKING CHARGE',500,NULL,6),(131,'2020-08-04 00:00:00',2,'PACKING CHARGE',500,NULL,6),(132,'2020-08-04 00:00:00',48,'PACKING CHARGE',1800,NULL,6),(133,'2020-08-04 00:00:00',2,'BATA',750,NULL,6),(134,'2020-08-04 00:00:00',6,'BATA',750,NULL,6),(140,'2020-08-21 00:00:00',2,'PACKING CHARGE',500,NULL,9),(141,'2020-08-21 00:00:00',6,'PACKING CHARGE',500,NULL,9),(142,'2020-08-21 00:00:00',48,'PACKING CHARGE',1900,NULL,9),(143,'2020-08-21 00:00:00',2,'BATA',750,NULL,9),(144,'2020-08-21 00:00:00',6,'BATA',750,NULL,9),(156,'2020-08-25 00:00:00',4,'PACKING CHARGE',500,NULL,12),(157,'2020-08-25 00:00:00',2,'PACKING CHARGE',500,NULL,12),(158,'2020-08-25 00:00:00',6,'BATA',750,NULL,12),(159,'2020-08-25 00:00:00',2,'BATA',750,NULL,12),(160,'2020-08-25 00:00:00',48,'PACKING CHARGE',1800,NULL,12),(161,'2020-08-25 00:00:00',6,'BATA',400,NULL,12),(168,'2020-08-28 00:00:00',4,'PACKING CHARGE',500,NULL,13),(169,'2020-08-28 00:00:00',2,'PACKING CHARGE',500,NULL,13),(170,'2020-08-28 00:00:00',6,'PACKING CHARGE',500,NULL,13),(171,'2020-08-28 00:00:00',48,'PACKING CHARGE',1500,NULL,13),(172,'2020-08-28 00:00:00',4,'BATA',750,NULL,13),(173,'2020-08-28 00:00:00',6,'BATA',750,NULL,13),(174,'2020-08-31 00:00:00',9,'BATA',2000,NULL,14),(175,'2020-08-31 00:00:00',4,'BATA',2000,NULL,14),(176,'2020-08-31 00:00:00',4,'PACKING CHARGE',500,NULL,14),(177,'2020-08-31 00:00:00',9,'PACKING CHARGE',500,NULL,14),(178,'2020-08-31 00:00:00',21,'PACKING CHARGE',500,NULL,14),(179,'2020-08-31 00:00:00',48,'PACKING CHARGE',1800,NULL,14),(180,'2020-09-01 00:00:00',48,'PACKING CHARGE',1800,NULL,15),(181,'2020-09-01 00:00:00',21,'BATA',750,NULL,15),(182,'2020-09-01 00:00:00',4,'PACKING CHARGE',500,NULL,15),(183,'2020-09-01 00:00:00',9,'PACKING CHARGE',500,NULL,15),(184,'2020-09-01 00:00:00',21,'PACKING CHARGE',500,NULL,15),(190,'2020-09-05 00:00:00',48,'PACKING CHARGE',1500,NULL,16),(191,'2020-09-05 00:00:00',4,'PACKING CHARGE',500,NULL,16),(192,'2020-09-05 00:00:00',9,'PACKING CHARGE',500,NULL,16),(193,'2020-09-05 00:00:00',21,'PACKING CHARGE',500,NULL,16),(194,'2020-09-05 00:00:00',4,'BATA',750,NULL,16),(198,'2020-09-01 00:00:00',46,'Salary',10000,NULL,0),(199,'2020-08-01 00:00:00',46,'Salary',10000,NULL,0),(200,'2020-07-01 00:00:00',46,'Salary',10000,NULL,0),(201,'2020-09-12 00:00:00',4,'PACKING CHARGE',500,NULL,17),(202,'2020-09-12 00:00:00',9,'PACKING CHARGE',500,NULL,17),(203,'2020-09-12 00:00:00',21,'PACKING CHARGE',500,NULL,17),(204,'2020-09-12 00:00:00',48,'PACKING CHARGE',1500,NULL,17),(205,'2020-09-12 00:00:00',4,'BATA',750,NULL,17),(206,'2020-09-12 00:00:00',21,'BATA',750,NULL,17),(213,'2020-09-19 00:00:00',4,'PACKING CHARGE',500,NULL,19),(214,'2020-09-19 00:00:00',21,'PACKING CHARGE',500,NULL,19),(215,'2020-09-19 00:00:00',9,'PACKING CHARGE',500,NULL,19),(216,'2020-09-19 00:00:00',48,'PACKING CHARGE',1800,NULL,19),(217,'2020-09-19 00:00:00',4,'BATA',750,NULL,19),(221,'2020-09-17 00:00:00',4,'PACKING CHARGE',500,NULL,18),(222,'2020-09-17 00:00:00',48,'PACKING CHARGE',2100,NULL,18),(223,'2020-09-17 00:00:00',4,'BATA',750,NULL,18),(224,'2020-09-22 00:00:00',4,'PACKING CHARGE',500,NULL,20),(225,'2020-09-22 00:00:00',9,'PACKING CHARGE',500,NULL,20),(226,'2020-09-22 00:00:00',21,'PACKING CHARGE',500,NULL,20),(227,'2020-09-22 00:00:00',48,'PACKING CHARGE',1500,NULL,20),(228,'2020-09-22 00:00:00',4,'BATA',750,NULL,20),(235,'2020-09-29 00:00:00',9,'PACKING CHARGE',500,NULL,22),(236,'2020-09-29 00:00:00',2,'PACKING CHARGE',500,NULL,22),(237,'2020-09-29 00:00:00',6,'PACKING CHARGE',500,NULL,22),(238,'2020-09-29 00:00:00',21,'PACKING CHARGE',500,NULL,22),(239,'2020-09-29 00:00:00',48,'PACKING CHARGE',1500,NULL,22),(240,'2020-09-29 00:00:00',6,'BATA',750,NULL,22),(241,'2020-09-29 00:00:00',2,'BATA',750,NULL,22),(242,'2020-09-01 00:00:00',10,'Salary',12000,NULL,0),(243,'2020-09-30 00:00:00',10,'Salary',12000,NULL,0),(244,'2020-10-01 00:00:00',46,'Salary',10000,NULL,0),(257,'2020-10-02 00:00:00',4,'PACKING CHARGE',500,NULL,23),(258,'2020-10-02 00:00:00',3,'PACKING CHARGE',500,NULL,23),(259,'2020-10-02 00:00:00',2,'PACKING CHARGE',500,NULL,23),(260,'2020-10-02 00:00:00',48,'PACKING CHARGE',1500,NULL,23),(261,'2020-10-02 00:00:00',4,'BATA',750,NULL,23),(262,'2020-10-02 00:00:00',6,'BATA',750,NULL,23),(263,'2020-09-26 00:00:00',9,'PACKING CHARGE',500,NULL,21),(264,'2020-09-26 00:00:00',2,'PACKING CHARGE',500,NULL,21),(265,'2020-09-26 00:00:00',21,'PACKING CHARGE',500,NULL,21),(266,'2020-09-26 00:00:00',2,'BATA',750,NULL,21),(267,'2020-09-26 00:00:00',6,'BATA',750,NULL,21),(268,'2020-09-26 00:00:00',48,'PACKING CHARGE',1900,NULL,21),(269,'2020-10-12 00:00:00',2,'PACKING CHARGE',500,NULL,24),(270,'2020-10-12 00:00:00',21,'PACKING CHARGE',500,NULL,24),(271,'2020-10-12 00:00:00',48,'PACKING CHARGE',1500,NULL,24),(272,'2020-10-12 00:00:00',2,'BATA',2000,NULL,24),(273,'2020-10-12 00:00:00',21,'BATA',2000,NULL,24),(282,'2020-10-17 00:00:00',9,'PACKING CHARGE',500,NULL,25),(283,'2020-10-17 00:00:00',2,'PACKING CHARGE',500,NULL,25),(284,'2020-10-17 00:00:00',21,'PACKING CHARGE',500,NULL,25),(285,'2020-10-17 00:00:00',6,'PACKING CHARGE',500,NULL,25),(286,'2020-10-17 00:00:00',4,'PACKING CHARGE',500,NULL,25),(287,'2020-10-17 00:00:00',48,'PACKING CHARGE',1500,NULL,25),(288,'2020-10-17 00:00:00',21,'BATA',2500,NULL,25),(289,'2020-10-17 00:00:00',4,'BATA',2500,NULL,25),(296,'2020-10-21 00:00:00',4,'PACKING CHARGE',500,NULL,26),(297,'2020-10-21 00:00:00',9,'PACKING CHARGE',500,NULL,26),(298,'2020-10-21 00:00:00',21,'PACKING CHARGE',500,NULL,26),(299,'2020-10-21 00:00:00',48,'PACKING CHARGE',1800,NULL,26),(300,'2020-10-21 00:00:00',4,'BATA',2500,NULL,26),(301,'2020-10-21 00:00:00',21,'BATA',2500,NULL,26),(302,'2020-10-23 00:00:00',9,'PACKING CHARGE',500,NULL,27),(303,'2020-10-23 00:00:00',4,'PACKING CHARGE',500,NULL,27),(304,'2020-10-23 00:00:00',2,'PACKING CHARGE',500,NULL,27),(305,'2020-10-23 00:00:00',6,'PACKING CHARGE',500,NULL,27),(306,'2020-10-23 00:00:00',48,'PACKING CHARGE',1200,NULL,27),(307,'2020-10-23 00:00:00',4,'BATA',750,NULL,27),(308,'2020-10-23 00:00:00',6,'BATA',750,NULL,27),(315,'2020-10-26 00:00:00',4,'PACKING CHARGE',500,NULL,28),(316,'2020-10-26 00:00:00',3,'PACKING CHARGE',500,NULL,28),(317,'2020-10-26 00:00:00',2,'PACKING CHARGE',500,NULL,28),(318,'2020-10-26 00:00:00',48,'PACKING CHARGE',1500,NULL,28),(319,'2020-10-26 00:00:00',4,'BATA',750,NULL,28),(320,'2020-10-26 00:00:00',2,'BATA',750,NULL,28),(321,'2020-10-28 00:00:00',9,'PACKING CHARGE',500,NULL,29),(322,'2020-10-28 00:00:00',3,'PACKING CHARGE',500,NULL,29),(323,'2020-10-28 00:00:00',2,'PACKING CHARGE',500,NULL,29),(324,'2020-10-28 00:00:00',6,'PACKING CHARGE',500,NULL,29),(325,'2020-10-28 00:00:00',48,'PACKING CHARGE',1500,NULL,29),(326,'2020-10-28 00:00:00',2,'BATA',750,NULL,29),(327,'2020-10-28 00:00:00',4,'BATA',750,NULL,29),(328,'2020-11-01 00:00:00',9,'PACKING CHARGE',500,NULL,30),(329,'2020-11-01 00:00:00',3,'PACKING CHARGE',500,NULL,30),(330,'2020-11-01 00:00:00',48,'PACKING CHARGE',1500,NULL,30),(331,'2020-11-01 00:00:00',3,'BATA',500,NULL,30),(332,'2020-10-31 00:00:00',46,'Salary',10000,NULL,0),(333,'2020-11-06 00:00:00',9,'PACKING CHARGE',500,NULL,31),(334,'2020-11-06 00:00:00',3,'PACKING CHARGE',500,NULL,31),(335,'2020-11-06 00:00:00',2,'PACKING CHARGE',500,NULL,31),(336,'2020-11-06 00:00:00',6,'PACKING CHARGE',500,NULL,31),(337,'2020-11-06 00:00:00',48,'PACKING CHARGE',1500,NULL,31),(338,'2020-11-06 00:00:00',2,'BATA',1000,NULL,31),(339,'2020-11-06 00:00:00',3,'BATA',500,NULL,31),(340,'2020-11-12 00:00:00',9,'PACKING CHARGE',500,NULL,32),(341,'2020-11-12 00:00:00',3,'PACKING CHARGE',500,NULL,32),(342,'2020-11-12 00:00:00',2,'PACKING CHARGE',500,NULL,32),(343,'2020-11-12 00:00:00',48,'PACKING CHARGE',1500,NULL,32),(344,'2020-11-12 00:00:00',2,'BATA',1000,NULL,32),(345,'2020-11-12 00:00:00',3,'BATA',500,NULL,32),(346,'2020-11-16 00:00:00',4,'PACKING CHARGE',500,NULL,34),(347,'2020-11-16 00:00:00',9,'PACKING CHARGE',500,NULL,34),(348,'2020-11-16 00:00:00',3,'PACKING CHARGE',500,NULL,34),(349,'2020-11-16 00:00:00',2,'PACKING CHARGE',500,NULL,34),(350,'2020-11-16 00:00:00',48,'PACKING CHARGE',1500,NULL,34),(351,'2020-11-16 00:00:00',4,'BATA',750,NULL,34),(352,'2020-11-16 00:00:00',2,'BATA',750,NULL,34),(353,'2020-11-23 00:00:00',9,'PACKING CHARGE',500,NULL,35),(354,'2020-11-23 00:00:00',2,'PACKING CHARGE',500,NULL,35),(355,'2020-11-23 00:00:00',3,'PACKING CHARGE',500,NULL,35),(356,'2020-11-23 00:00:00',48,'PACKING CHARGE',1800,NULL,35),(357,'2020-11-23 00:00:00',2,'BATA',1000,NULL,35),(358,'2020-11-23 00:00:00',5,'BATA',500,NULL,35),(359,'2020-11-30 00:00:00',46,'Salary',10000,NULL,0),(360,'2020-11-30 00:00:00',9,'Salary',2400,NULL,0),(361,'2020-11-30 00:00:00',21,'Salary',10200,NULL,0),(362,'2020-11-30 00:00:00',10,'Salary',15000,NULL,0),(363,'2020-10-31 00:00:00',10,'Salary',12000,NULL,0),(364,'2020-12-02 00:00:00',4,'PACKING CHARGE',500,NULL,36),(365,'2020-12-02 00:00:00',3,'PACKING CHARGE',500,NULL,36),(366,'2020-12-02 00:00:00',21,'PACKING CHARGE',500,NULL,36),(367,'2020-12-02 00:00:00',4,'BATA',750,NULL,36),(368,'2020-12-12 00:00:00',3,'PACKING CHARGE',500,NULL,37),(369,'2020-12-12 00:00:00',4,'PACKING CHARGE',500,NULL,37),(370,'2020-12-12 00:00:00',21,'PACKING CHARGE',500,NULL,37),(371,'2020-12-12 00:00:00',4,'BATA',1000,NULL,37),(372,'2020-12-12 00:00:00',21,'BATA',500,NULL,37),(373,'2020-12-18 00:00:00',9,'PACKING CHARGE',500,NULL,38),(374,'2020-12-18 00:00:00',4,'PACKING CHARGE',500,NULL,38),(375,'2020-12-18 00:00:00',3,'PACKING CHARGE',500,NULL,38),(376,'2020-12-18 00:00:00',48,'PACKING CHARGE',1500,NULL,38),(377,'2020-12-18 00:00:00',4,'BATA',750,NULL,38),(378,'2020-12-28 00:00:00',9,'PACKING CHARGE',500,NULL,39),(379,'2020-12-28 00:00:00',4,'PACKING CHARGE',500,NULL,39),(380,'2020-12-28 00:00:00',3,'PACKING CHARGE',500,NULL,39),(381,'2020-12-28 00:00:00',48,'PACKING CHARGE',900,NULL,39),(382,'2020-12-28 00:00:00',4,'BATA',750,NULL,39),(383,'2021-01-07 00:00:00',9,'PACKING CHARGE',500,NULL,40),(384,'2021-01-07 00:00:00',3,'PACKING CHARGE',500,NULL,40),(385,'2021-01-07 00:00:00',21,'PACKING CHARGE',500,NULL,40),(386,'2021-01-07 00:00:00',21,'BATA',750,NULL,40),(387,'2021-01-01 00:00:00',46,'Salary',10000,NULL,0),(388,'2021-01-19 00:00:00',21,'PACKING CHARGE',500,NULL,41),(389,'2021-01-19 00:00:00',2,'PACKING CHARGE',500,NULL,41),(390,'2021-01-19 00:00:00',10,'PACKING CHARGE',500,NULL,41),(391,'2021-01-19 00:00:00',21,'BATA',1000,NULL,41),(402,'2021-02-01 00:00:00',4,'PACKING CHARGE',500,NULL,42),(403,'2021-02-01 00:00:00',9,'PACKING CHARGE',500,NULL,42),(404,'2021-02-01 00:00:00',2,'PACKING CHARGE',500,NULL,42),(405,'2021-02-01 00:00:00',10,'PACKING CHARGE',500,NULL,42),(406,'2021-02-01 00:00:00',48,'PACKING CHARGE',1550,NULL,42),(407,'2021-02-01 00:00:00',4,'BATA',750,NULL,42),(408,'2021-02-01 00:00:00',2,'BATA',750,NULL,42),(409,'2021-01-01 00:00:00',9,'Salary',15000,NULL,0),(410,'2021-01-01 00:00:00',10,'Salary',15000,NULL,0),(411,'2021-01-01 00:00:00',21,'Salary',15000,NULL,0),(412,'2021-02-01 00:00:00',9,'Salary',15000,NULL,0),(413,'2021-02-01 00:00:00',10,'Salary',15000,NULL,0),(414,'2021-02-01 00:00:00',21,'Salary',15000,NULL,0),(415,'2021-02-01 00:00:00',46,'Salary',10000,NULL,0),(416,'2020-11-30 00:00:00',9,'Allowance',3000,NULL,0),(418,'2021-02-01 00:00:00',9,'Salary',3000,NULL,0),(419,'2021-01-01 00:00:00',9,'Salary',3000,NULL,0),(420,'2020-10-31 00:00:00',9,'Salary',15000,NULL,0),(421,'2020-10-31 00:00:00',21,'Salary',15000,NULL,0),(422,'2020-08-01 00:00:00',10,'Salary',15000,NULL,0),(423,'2021-03-01 00:00:00',9,'Salary',18000,NULL,0),(424,'2021-03-01 00:00:00',10,'Salary',18000,NULL,0),(425,'2021-03-01 00:00:00',21,'Salary',18000,NULL,0),(426,'2021-03-01 00:00:00',46,'Salary',10000,NULL,0),(427,'2021-04-01 00:00:00',46,'Salary',10000,NULL,0);
/*!40000 ALTER TABLE `payroll` ENABLE KEYS */;
UNLOCK TABLES;

--
-- Table structure for table `product`
--

DROP TABLE IF EXISTS `product`;
/*!40101 SET @saved_cs_client     = @@character_set_client */;
/*!50503 SET character_set_client = utf8mb4 */;
CREATE TABLE `product` (
  `id_product` int NOT NULL AUTO_INCREMENT,
  `name` varchar(250) DEFAULT NULL,
  `unit` varchar(150) DEFAULT NULL,
  `purchase_price` double DEFAULT NULL,
  `selling_price` double DEFAULT NULL,
  `id_category` int DEFAULT NULL,
  `type` varchar(250) DEFAULT 'FISH',
  PRIMARY KEY (`id_product`)
) ENGINE=InnoDB AUTO_INCREMENT=61 DEFAULT CHARSET=latin1;
/*!40101 SET character_set_client = @saved_cs_client */;

--
-- Dumping data for table `product`
--

LOCK TABLES `product` WRITE;
/*!40000 ALTER TABLE `product` DISABLE KEYS */;
INSERT INTO `product` VALUES (1,'SPOTED GROUPER','KG',0,0,1,'FISH'),(2,'PARROT','KG',0,0,2,'FISH'),(3,'EMPEROR','KG',0,0,3,'FISH'),(4,'PLAIN GROUPER','KG',0,0,4,'FISH'),(5,'BAWALI WHITE','KG',0,0,12,'FISH'),(6,'RED GROUPER','KG',0,0,6,'FISH'),(7,'LITHIN','KG',0,0,1,'FISH'),(8,'BAWALI','KG',0,0,1,'FISH'),(9,'SUMMAN BLACK','KG',0,0,1,'FISH'),(10,'SUMMAN YELLOW','KG',0,0,1,'FISH'),(11,'BALOON','KG',0,0,1,'FISH'),(12,'MOOCHA','KG',0,0,12,'FISH'),(13,'BAGAL','KG',0,0,4,'FISH'),(14,'NAJIL','KG',0,0,6,'FISH'),(15,'BOX 32 LTR','PCS',160,160,15,'PACKING MATERIAL'),(16,'BOX 52 LTR','PCS',183,183,16,'PACKING MATERIAL'),(17,'BOX 100 LTR','PCS',305,305,17,'PACKING MATERIAL'),(18,'COVER OUT','KG',140,140,18,'PACKING MATERIAL'),(19,'COVER IN','KG',140,140,19,'PACKING MATERIAL'),(20,'TAPROLL','PCS',32,32,20,'PACKING MATERIAL'),(21,'THERMO METER','PCS',900,900,21,'PACKING MATERIAL'),(22,'DISCO','KG',0,0,22,'FISH'),(23,'COREL TRAUT','KG',0,0,23,'FISH'),(24,'TIGER','KG',0,0,24,'FISH'),(25,'ICE','PCS',85,85,25,'PACKING MATERIAL'),(26,'KOLI SECOND (MORAL)','KG',0,0,26,'FISH'),(27,'GROOPER  SECOND','KG',0,0,27,'FISH'),(28,'MODHA SECOND','KG',0,0,28,'FISH'),(29,'MAHI MAHI SECOND','KG',0,0,29,'FISH'),(30,'PARROT  SECOND','KG',0,0,30,'FISH'),(31,'PALAMEEN SECOND','KG',0,0,31,'FISH'),(32,'KURUVALA SECOND','KG',0,0,32,'FISH'),(33,'DR FISH SECOND','KG',0,0,33,'FISH'),(34,'ADAL  SECOND','KG',0,0,34,'FISH'),(35,'MACKERAL SECOND (AIYLA)','KG',0,0,35,'FISH'),(36,'BARRACUDA SECOND','KG',0,0,36,'FISH'),(37,'ROMIYO SECOND','KG',0,0,37,'FISH'),(38,'THIRANDI  SECOND (RAY FISH)','KG',0,0,38,'FISH'),(39,'SAFI FISH SECOND','KG',0,0,39,'FISH'),(40,'CHOORA SECOND','KG',0,0,40,'FISH'),(41,'RED GROOPER  SECOND','KG',0,0,41,'FISH'),(42,'THOLEN FISH SECOND','KG',0,0,42,'FISH'),(43,'NETHOLI SECOND','KG',0,0,43,'FISH'),(44,'TRAVELLY SECOND (VATTA PPARA)','',0,0,44,'FISH'),(45,'ORIYA SECOND','',0,0,45,'FISH'),(46,'KING FISH SECOND (SHEELA)','',0,0,46,'FISH'),(47,'POMFERT SECOND (VAVEL)','',0,0,47,'FISH'),(48,'EMPEROR SECOND (VI)','KG',0,0,48,'FISH'),(49,'PADAYAPPA SECOND','KG',0,0,49,'FISH'),(50,'KORA (?????????) SECOND','KG',0,0,50,'FISH'),(51,'TANNI PANNA SECOND','KG',0,0,51,'FISH'),(52,'NEDUVA SECOND','KG',0,0,52,'FISH'),(53,'REDSNAPER SECOND (CC)','KG',0,0,53,'FISH'),(54,'KERA SECOND (TUNA)','KG',0,0,54,'FISH'),(55,'PLACHI SECOND','KG',0,0,55,'FISH'),(56,'PARA SECOND (TRAVELLY)','KG',0,0,56,'FISH'),(57,'ANCHOVY','KG',0,0,57,'FISH'),(58,'PROWNS SECOND (RAAL)','KG',0,0,58,'FISH'),(59,'TAP ROLL CLEAR','PCS',0,0,59,'PACKING MATERIAL'),(60,'HDFC  BANK','ACCOUNT',0,0,60,'FISH');
/*!40000 ALTER TABLE `product` ENABLE KEYS */;
UNLOCK TABLES;

--
-- Table structure for table `rough_invoice`
--

DROP TABLE IF EXISTS `rough_invoice`;
/*!40101 SET @saved_cs_client     = @@character_set_client */;
/*!50503 SET character_set_client = utf8mb4 */;
CREATE TABLE `rough_invoice` (
  `id_rough_invoice` int NOT NULL AUTO_INCREMENT,
  `date` datetime NOT NULL,
  `port_load` int NOT NULL,
  `consigner` varchar(500) NOT NULL,
  `consignee` varchar(500) NOT NULL,
  `consigner_address` varchar(1000) CHARACTER SET utf8mb4 COLLATE utf8mb4_0900_ai_ci DEFAULT NULL,
  `consignee_address` varchar(1000) DEFAULT NULL,
  `invoice_no` varchar(500) DEFAULT NULL,
  PRIMARY KEY (`id_rough_invoice`)
) ENGINE=InnoDB AUTO_INCREMENT=12 DEFAULT CHARSET=utf8mb4 COLLATE=utf8mb4_0900_ai_ci;
/*!40101 SET character_set_client = @saved_cs_client */;

--
-- Dumping data for table `rough_invoice`
--

LOCK TABLES `rough_invoice` WRITE;
/*!40000 ALTER TABLE `rough_invoice` DISABLE KEYS */;
INSERT INTO `rough_invoice` VALUES (1,'2020-07-01 00:00:00',0,'10001','10002','MARIA STREET . KANYAKUMARI (DIST). TAMIL NADU KANYAKUMARI','RHS FOOD STUFF TRADING LLC.\nPO BOX NO: 39694\nDUBAI FISH MARKET \nUNITED ARAB EMIRATES','undefined'),(2,'2020-07-07 00:00:00',0,'10001','10002','MARIA STREET . KANYAKUMARI (DIST). TAMIL NADU KANYAKUMARI','RHS FOOD STUFF TRADING LLC.\nPO BOX NO: 39694\nDUBAI FISH MARKET \nUNITED ARAB EMIRATES','MA039/20-21'),(3,'2020-07-10 00:00:00',0,'10001','10002','MARIA STREET . KANYAKUMARI (DIST). TAMIL NADU KANYAKUMARI','RHS FOOD STUFF TRADING LLC.\nPO BOX NO: 39694\nDUBAI FISH MARKET \nUNITED ARAB EMIRATES','undefined'),(4,'2020-07-22 00:00:00',0,'10001','10002','MARIA STREET . KANYAKUMARI (DIST). TAMIL NADU KANYAKUMARI','RHS FOOD STUFF TRADING LLC.\nPO BOX NO: 39694\nDUBAI FISH MARKET \nUNITED ARAB EMIRATES','MA053/20-21'),(5,'2020-08-04 00:00:00',0,'10001','10002','MARIA STREET . KANYAKUMARI (DIST). TAMIL NADU KANYAKUMARI','RHS FOOD STUFF TRADING LLC.\nPO BOX NO: 39694\nDUBAI FISH MARKET \nUNITED ARAB EMIRATES','undefined'),(6,'2020-08-11 00:00:00',0,'10001','10002','MARIA STREET . KANYAKUMARI (DIST). TAMIL NADU KANYAKUMARI','RHS FOOD STUFF TRADING LLC.\nPO BOX NO: 39694\nDUBAI FISH MARKET \nUNITED ARAB EMIRATES','undefined'),(7,'2020-08-17 00:00:00',0,'10001','10002','MARIA STREET . KANYAKUMARI (DIST). TAMIL NADU KANYAKUMARI','RHS FOOD STUFF TRADING LLC.\nPO BOX NO: 39694\nDUBAI FISH MARKET \nUNITED ARAB EMIRATES','undefined'),(8,'2020-08-20 00:00:00',0,'10001','10002','MARIA STREET . KANYAKUMARI (DIST). TAMIL NADU KANYAKUMARI','RHS FOOD STUFF TRADING LLC.\nPO BOX NO: 39694\nDUBAI FISH MARKET \nUNITED ARAB EMIRATES','MA089/20-21'),(9,'2020-08-22 00:00:00',0,'10001','10002','MARIA STREET . KANYAKUMARI (DIST). TAMIL NADU KANYAKUMARI','RHS FOOD STUFF TRADING LLC.\nPO BOX NO: 39694\nDUBAI FISH MARKET \nUNITED ARAB EMIRATES','MA090'),(10,'2020-08-24 00:00:00',0,'10001','10028','MARIA STREET . KANYAKUMARI (DIST). TAMIL NADU KANYAKUMARI','PO BOX NO:1110.UMM AL QUAWIN \nUNITED ARAB EMIRATES\nPH:00971509213535','MA092/20-21'),(11,'2020-08-27 00:00:00',0,'10001','10028','MARIA STREET . KANYAKUMARI (DIST). TAMIL NADU KANYAKUMARI','PO BOX NO:1110.UMM AL QUAWIN \nUNITED ARAB EMIRATES\nPH:00971509213535','');
/*!40000 ALTER TABLE `rough_invoice` ENABLE KEYS */;
UNLOCK TABLES;

--
-- Table structure for table `rough_invoice_items`
--

DROP TABLE IF EXISTS `rough_invoice_items`;
/*!40101 SET @saved_cs_client     = @@character_set_client */;
/*!50503 SET character_set_client = utf8mb4 */;
CREATE TABLE `rough_invoice_items` (
  `id_rough_invoice_items` int NOT NULL AUTO_INCREMENT,
  `id_rough_invoice` int NOT NULL,
  `id_product` int NOT NULL,
  `kg` double NOT NULL,
  `box` int NOT NULL,
  `total` double NOT NULL,
  PRIMARY KEY (`id_rough_invoice_items`)
) ENGINE=InnoDB AUTO_INCREMENT=47 DEFAULT CHARSET=utf8mb4 COLLATE=utf8mb4_0900_ai_ci;
/*!40101 SET character_set_client = @saved_cs_client */;

--
-- Dumping data for table `rough_invoice_items`
--

LOCK TABLES `rough_invoice_items` WRITE;
/*!40000 ALTER TABLE `rough_invoice_items` DISABLE KEYS */;
INSERT INTO `rough_invoice_items` VALUES (10,1,3,30,20,600),(11,1,2,30,20,600),(12,1,1,30,40,1200),(19,2,3,30,10,300),(20,2,2,30,10,300),(21,2,1,30,60,1800),(24,3,2,30,10,300),(25,3,1,30,60,1800),(28,4,1,30,40,1200),(29,4,2,30,15,450),(32,5,2,30,70,2100),(33,5,1,30,15,450),(38,7,1,30,80,2400),(39,7,2,30,15,450),(40,6,1,30,70,2100),(41,6,2,30,15,450),(42,8,1,30,70,2100),(43,8,2,30,15,450),(44,10,1,25,80,2000),(45,11,2,20,20,400),(46,11,1,20,80,1600);
/*!40000 ALTER TABLE `rough_invoice_items` ENABLE KEYS */;
UNLOCK TABLES;

--
-- Table structure for table `users`
--

DROP TABLE IF EXISTS `users`;
/*!40101 SET @saved_cs_client     = @@character_set_client */;
/*!50503 SET character_set_client = utf8mb4 */;
CREATE TABLE `users` (
  `id_user` int NOT NULL AUTO_INCREMENT,
  `username` varchar(1000) DEFAULT NULL,
  `password` varchar(500) DEFAULT NULL,
  `access` varchar(1000) DEFAULT NULL,
  PRIMARY KEY (`id_user`)
) ENGINE=InnoDB AUTO_INCREMENT=3 DEFAULT CHARSET=latin1;
/*!40101 SET character_set_client = @saved_cs_client */;

--
-- Dumping data for table `users`
--

LOCK TABLES `users` WRITE;
/*!40000 ALTER TABLE `users` DISABLE KEYS */;
INSERT INTO `users` VALUES (1,'aquasign','aqua123','true');
/*!40000 ALTER TABLE `users` ENABLE KEYS */;
UNLOCK TABLES;

--
-- Table structure for table `z_account_head`
--

DROP TABLE IF EXISTS `z_account_head`;
/*!40101 SET @saved_cs_client     = @@character_set_client */;
/*!50503 SET character_set_client = utf8mb4 */;
CREATE TABLE `z_account_head` (
  `id_account_head` int NOT NULL AUTO_INCREMENT,
  `code` varchar(100) DEFAULT NULL,
  `name` varchar(100) DEFAULT NULL,
  `id_ledger_group` int DEFAULT NULL,
  `opening_balance` double DEFAULT NULL,
  `phone` varchar(250) DEFAULT NULL,
  `address` varchar(250) DEFAULT NULL,
  `modified_by` varchar(100) DEFAULT NULL,
  `modified_date` datetime DEFAULT NULL,
  `title` varchar(500) DEFAULT NULL,
  PRIMARY KEY (`id_account_head`)
) ENGINE=MyISAM AUTO_INCREMENT=10044 DEFAULT CHARSET=latin1;
/*!40101 SET character_set_client = @saved_cs_client */;

--
-- Dumping data for table `z_account_head`
--

LOCK TABLES `z_account_head` WRITE;
/*!40000 ALTER TABLE `z_account_head` DISABLE KEYS */;
INSERT INTO `z_account_head` VALUES (1,'','DESKTOP ACCOUNT',5,19491,NULL,NULL,'DESKTOP','2020-08-07 15:37:18',NULL),(2,'','JABIR.PARAYIL',3,-3204,NULL,NULL,'DESKTOP','2020-07-08 10:14:27',NULL),(3,'','ICHAVA(IRSHAD ALI).K',3,-8632,NULL,NULL,'DESKTOP','2020-07-08 10:14:27',NULL),(4,'','ANAS.MANUTHODIKA',3,8951,NULL,NULL,'DESKTOP','2020-07-08 10:14:27',NULL),(5,'','MUBASHIR.PAPPATU',3,4150,NULL,NULL,'DESKTOP','2020-07-08 10:14:27',NULL),(6,'','JAMAL.PAPATTU',3,-635,NULL,NULL,'DESKTOP','2020-07-08 10:14:27',NULL),(7,'','SARBAS(MANU).K',3,15769,NULL,NULL,'DESKTOP','2020-07-08 10:14:27',NULL),(8,'','RISWAN SHAREEF.VADAKKAN',3,-153,NULL,NULL,'DESKTOP','2020-07-08 10:14:27',NULL),(9,'','HANEEFA.N',3,-77475,NULL,NULL,'DESKTOP','2020-07-26 11:53:15',NULL),(10,'','SHAKEER.T',3,6225,NULL,NULL,'DESKTOP','2020-07-26 11:53:35',NULL),(11,'','YSF.TUTUCORIN',2,37948,NULL,NULL,'DESKTOP','2020-07-08 10:14:27',NULL),(12,'','AMMU SEAFOOD',2,500215,NULL,NULL,'DESKTOP','2020-07-08 10:14:27',NULL),(13,'','ANTONY ASR .KANYAKUMARI',2,88898,NULL,NULL,'DESKTOP','2020-10-24 09:05:09','ANTONY ASR .KANYAKUMARI'),(14,'','CKM  MERCHACHANT',2,50707,NULL,NULL,'DESKTOP','2020-07-08 10:14:27',NULL),(15,'','RSF (RAJ SEA FOOD)',2,530414,NULL,NULL,'DESKTOP','2020-07-08 10:14:27',NULL),(16,'','JEROM(SJF)',2,155583,NULL,NULL,'DESKTOP','2020-07-15 19:38:58',NULL),(17,'','JUSTUS.KANYAKUMARI',2,236730,NULL,NULL,'DESKTOP','2020-07-08 10:14:27',NULL),(18,'','OMF.KAMYAKUMARI',2,353147,NULL,NULL,'DESKTOP','2020-07-08 10:14:27',NULL),(19,'','VMA.KOOTAPULLI',2,101719,NULL,NULL,'DESKTOP','2020-07-08 10:14:27',NULL),(20,'','JMJ.KANYAKUMARI',2,386401,NULL,NULL,'DESKTOP','2020-07-08 10:14:27',NULL),(21,'','RASHEED.PAPATU',3,-93016,NULL,NULL,'DESKTOP','2020-07-26 11:54:06',NULL),(22,'','MUHAMMED.KELAKARAI',2,0,NULL,NULL,'DESKTOP','2020-07-08 10:14:27',NULL),(23,'','JAFAR.BEYPORE',2,0,NULL,NULL,'DESKTOP','2020-07-08 10:14:27',NULL),(24,'','JAYANTHI(ZION)',2,0,NULL,NULL,'DESKTOP','2020-07-08 10:14:27',NULL),(25,'','LESSLIN',2,0,NULL,NULL,'DESKTOP','2020-07-08 10:14:27',NULL),(26,'','MURALI KARAKKAD',2,-33425,NULL,NULL,'DESKTOP','2020-07-08 10:14:27',NULL),(27,'','AW SEAFOOD',2,0,NULL,NULL,'DESKTOP','2020-07-08 10:14:27',NULL),(28,'','BR SEAFOOD',2,0,NULL,NULL,'DESKTOP','2020-07-08 10:14:27',NULL),(29,'','HASHIM THOPPUMPADI',2,0,NULL,NULL,'DESKTOP','2020-07-08 10:14:27',NULL),(30,'','YAGAPPAN .SVP SEAFOOD',2,17994,NULL,NULL,'DESKTOP','2020-07-08 10:14:27',NULL),(31,'','KOVAI TRADERS',2,36977,NULL,NULL,'DESKTOP','2020-07-30 13:57:55',NULL),(32,'','SALEEM.THOPPUMPADI',2,-96350,NULL,NULL,'DESKTOP','2020-07-08 10:14:27',NULL),(33,'','MRS POLY PRINTERS',2,0,'','','ADMIN','2020-08-12 22:24:33',NULL),(34,'','OFFICE EXPENSES',11,0,'','','DESKTOP','2021-01-23 16:40:08','OFFICE EXPENSES'),(35,'','AST .NAGAPATTANAM',2,0,NULL,NULL,'DESKTOP','2020-07-08 10:14:27',NULL),(36,'','ESHWER ',2,0,NULL,NULL,'DESKTOP','2020-07-08 10:14:27',NULL),(37,'','MADHU ANDAMAN',2,-191200,NULL,NULL,'DESKTOP','2020-07-08 10:14:27',NULL),(38,'','COMMISION',4,0,NULL,NULL,'DESKTOP','2020-07-08 10:14:27',NULL),(39,'','LELAM',4,0,NULL,NULL,'DESKTOP','2020-07-08 10:14:27',NULL),(40,'','FREIGHT',4,0,NULL,NULL,'DESKTOP','2020-07-08 10:14:27',NULL),(41,'','OTHER EXPENSES',4,0,NULL,NULL,'DESKTOP','2020-07-08 10:14:27',NULL),(50,'','BS MERCHANT .VIYINJAM',2,135802,NULL,NULL,'DESKTOP','2021-01-20 16:19:37','BS MERCHANT .VIYINJAM'),(10000,'','DELETE',10001,0,'','9847585777','ADMIN','2021-01-23 03:27:22','DELETE'),(10032,'','AIRWAY FLIGHT CHARGE',6,0,'','','ADMIN','2020-09-12 08:41:07',NULL),(10001,'','MARIA AQUACON PRIVATE LIMITTED',7,0,'MARIA STREET . KANYAKUMARI (DIST). TAMIL NADU KANYAKUMARI','89490183511','ADMIN','2020-07-08 22:54:37',NULL),(10002,'','RHS FOOD AND STUFF TRADING LLC',8,-30795.87,'RHS FOOD STUFF TRADING LLC.\nPO BOX NO: 39694\nDUBAI FISH MARKET \nUNITED ARAB EMIRATES','0096656271184','ADMIN','2020-07-08 22:59:31',NULL),(10003,'','ICICI BANK  KOTAKKAL',5,-11975,'ICIC BANK \nKOTAKKAL BRANCH\nA/C NO:094205000631\nACCOUNT : CURRENT\nIFSC: ICIC0000942\nSWIFT :ICICNBBCTS\nICICI BANK .PLAZA TOWER.MAIN ROAD , KOTAKKAL ','','ADMIN','2020-07-08 23:50:08',NULL),(10004,'','CASH ACCOUNT',5,-30880,'CASH IN HAND','9847500599','ADMIN','2020-07-08 23:51:58',NULL),(10005,'','AKBAR EXPORESS   CARGO NEDUMBASSERY',6,0,'AKBAR EXPRESS CARGO .KOCHIN','9388112821','ADMIN','2020-07-09 01:00:00',NULL),(10006,'',' NAVKIASHAN CARGO  NEDUMBASSERY',6,0,'NAV KISHAN CARGO  CLEARING AND FORWARDING AGENCY . NEDUMBASSERY','9645913338','ADMIN','2020-07-09 01:00:12',NULL),(42,'','JUDE',2,0,NULL,NULL,'DESKTOP','2020-07-10 16:21:08',NULL),(10007,'','INDUS LOGISTICS TRIVANDRUM',6,0,'TRIVANDRUM INTERNATIONAL  AIRPORT.','9447176797','ADMIN','2020-07-13 07:32:20',NULL),(10008,'','STOP AND GO  MERCHANTS',8,-300000,'HEATHROW LONDON','','ADMIN','2020-07-14 23:00:26',NULL),(10009,'','MESHAL IBRAHIM AL JAHDALI TRADING EST',8,-84955.5,'CR NO: 4030156275\nPO BOX NO: 3026\nCENTRAL FISH MARKET.JEDDAH\nSAUDI  ARABIA\n','00966562671184','ADMIN','2020-07-14 23:15:03',NULL),(10010,'','CONVERSION ACCOUNT',5,0,'','','ADMIN','2020-07-14 23:20:01',NULL),(10011,'','CONVERSION ACCOUNT',5,0,'','','ADMIN','2020-07-14 23:22:34',NULL),(10012,'','BANK CHARGES',11,0,'','','ADMIN','2021-01-23 03:24:37','BANK CHARGES'),(43,'','FOOD EXPENSES',11,0,'','','ADMIN','2021-01-23 03:28:47','FOOD EXPENSES'),(44,'','PETROL EXPENSES',11,0,'','','ADMIN','2021-01-23 03:31:01','PETROL EXPENSES'),(45,'','OTHER EXPENSES',11,0,'','','ADMIN','2021-01-23 03:30:24','OTHER EXPENSES'),(10013,'','FREIGHT EXPENSE',10000,0,'','','ADMIN','2020-07-22 08:09:56',NULL),(10014,'','FREIGHT EXPENSE',10,0,'','','ADMIN','2020-07-22 08:46:49',NULL),(46,'','SHIHAS',3,0,NULL,NULL,'DESKTOP','2020-08-06 21:08:22',NULL),(47,'','VEHICLE MAINTENANCE',11,0,'','','ADMIN','2021-01-23 03:32:12','VEHICLE MAINTENANCE'),(48,'','PACKING CHARGE OUTSAID',3,0,NULL,NULL,'DESKTOP','2020-07-26 14:11:34',NULL),(49,'','BIKE PETROL',11,0,'','','DESKTOP','2021-01-23 16:44:48','BIKE PETROL'),(10015,'','HEALTH AND Q CERTIFICATES',6,0,'','','ADMIN','2020-08-29 03:33:33',NULL),(10017,'','DISCOUNT ALLOWED ACCOUNT',5,0,'','','ADMIN','2020-08-02 23:48:19',NULL),(10018,'','DISCOUNT RECIEVED ACCOUNT',5,0,'','','ADMIN','2020-08-02 23:48:39',NULL),(10019,'','HYBRID INTERNATIONAL CARGO .CALICUT',6,141940,'KARIPPPOOR  AIRPORT . CALICUT','9847585777','ADMIN','2020-08-03 05:10:47',NULL),(10020,'','NEYTHAL INDUSTRIES',2,2665,'KANYAKUMARI','','ADMIN','2020-08-03 05:10:10',NULL),(51,'','ICE PURCHASE',2,0,NULL,NULL,'DESKTOP','2020-08-05 20:54:49',NULL),(10029,'','SHARE DIVIDENT EXPENSES',11,0,'','','ADMIN','2021-01-22 07:46:15','SHARE DIVIDENT EXPENSES'),(10023,'','BANK DEPOSITS EXPENSES',11,0,'','','ADMIN','2021-01-23 03:25:01','BANK DEPOSITS EXPENSES'),(10024,'','MISCELLENIOUS EXPENSES',11,0,'','','ADMIN','2020-11-02 06:11:58','MISCELLENIOUS EXPENSES'),(10025,'','RECHARGES AND UPDATES EXPENSES',11,0,'','','ADMIN','2021-01-23 03:40:16','RECHARGES AND UPDATES EXPENSES'),(10026,'','JUSTIN COVER .THOOTHUKUDI',2,-6180,'Tutucorin','','ADMIN','2020-08-12 22:25:17',NULL),(10027,'','ROOM RENT',11,0,'AREETHALA . OFFICE','','ADMIN','2021-01-23 03:39:55','ROOM RENT'),(10028,'','AL NILE IMPORT & EXPORT OF FISH AND FOOD STUFF',8,0,'PO BOX NO:1110.UMM AL QUAWIN \nUNITED ARAB EMIRATES\nPH:00971509213535','00971509213535','ADMIN','2020-10-26 07:00:35','AL NILE IMPORT & EXPORT OF FISH AND FOOD STUFF'),(52,'','VEHICLE MAINTENANCE FORCE SHAKTIMAN',11,0,'','','ADMIN','2021-01-23 03:33:07','VEHICLE MAINTENANCE FORCE SHAKTIMAN'),(53,'','VEHICLE MAINTENANCE DOST SHABEEB',11,0,'','','ADMIN','2021-01-23 03:32:45','VEHICLE MAINTENANCE DOST SHABEEB'),(54,'','VEHICLE MAINTENANCE DOST CONTAINER',11,0,'','','ADMIN','2021-01-23 03:32:29','VEHICLE MAINTENANCE DOST CONTAINER'),(55,'','BIKE MAINTENANCE',11,0,'','','ADMIN','2021-01-23 03:25:33','BIKE MAINTENANCE'),(10030,'','SHARE TEMPORORY  INVESTMENT ',10002,62000,'','','ADMIN','2021-01-22 07:48:08','SHARE TEMPORORY  INVESTMENT '),(56,'','RAYYAN RAJA',2,0,NULL,NULL,'DESKTOP','2020-09-05 20:38:53',NULL),(10031,'','OTHER INCOME',10001,0,'','','ADMIN','2020-09-12 06:46:57',NULL),(57,'','TAPROLL PARCHASE',2,0,NULL,NULL,'DESKTOP','2020-09-14 22:35:54',NULL),(58,'','RAJA JEYAM',2,0,NULL,NULL,'DESKTOP','2020-09-16 22:49:37',NULL),(59,'','G KUMAR  KANNIYAKUMARI',2,0,NULL,NULL,'DESKTOP','2020-10-12 14:26:50',NULL),(60,'','MRM  NAGARAJ ',2,0,NULL,NULL,'DESKTOP','2020-10-17 10:42:47',NULL),(61,'','SSF IDINTHIKARAI',2,0,NULL,NULL,'DESKTOP','2020-09-18 20:28:03',NULL),(62,'','POWER PAX (TAPROLL)',2,0,NULL,NULL,'DESKTOP','2020-09-24 15:46:13',NULL),(63,'','BANGALORE MARKET',2,0,NULL,NULL,'DESKTOP','2021-01-24 12:05:29','BANGALORE MARKET'),(10033,'','TEST',3,-1000,'','','ADMIN','2020-09-26 01:28:08',NULL),(10034,'','VEHICHLE MAINTANANCE BOLERO PICK UP XL',11,0,'','','ADMIN','2020-11-02 06:09:44','VEHICHLE MAINTANANCE BOLERO PICK UP XL'),(64,'','SHORT CASH',1,0,NULL,NULL,'DESKTOP','2020-09-28 11:13:24',NULL),(65,'','DIESEL EXP',11,0,'','','ADMIN','2021-01-23 03:26:46','DIESEL EXP'),(66,'','BANGLORE EXPECE',1,0,NULL,NULL,'DESKTOP','2020-09-30 13:40:40',NULL),(67,'','ELECTRICITY BILL',11,0,'','','ADMIN','2021-01-23 03:27:50','ELECTRICITY BILL'),(10035,'','PARTNERS  DIVIDENT FOR INVOICE',6,80000,'shakeer told towards october to take care for each consignment','','ADMIN','2020-10-02 02:27:25',NULL),(10036,'','PRINTING AND MECHINARY EXP',11,0,'','','ADMIN','2021-01-23 03:39:32','PRINTING AND MECHINARY EXP'),(10037,'','COMPANY BUSINESS TRIP AND TRAVELL',11,0,'','','ADMIN','2021-01-23 03:26:09','COMPANY BUSINESS TRIP AND TRAVELL'),(68,'','DERRICK JUDE ',2,0,NULL,NULL,'DESKTOP','2020-10-21 12:51:05',NULL),(69,'','DERRICK ',2,0,NULL,NULL,'DESKTOP','2020-10-21 12:52:15',NULL),(10038,'','AK EXIM INC',7,0,'NO:49.BALAJI NAGAR 3rd STREET, KORATTUR, CHENNAI. 600 076.TAMIL NADU. INDIA','','ADMIN','2020-10-23 02:59:51','AkE'),(10039,'','AL NILE IMPORT AND EXPORTS (FAROOK) ',8,0,'FISH AND FOOD STUFF, PO BOX NO:1110.UMM AL QUAWIN. UNITED ARAB EMIRATES. ','','ADMIN','2020-10-29 00:47:38','AL NILE IMPORT AND EXPORTS'),(70,'','CREDIT CARD HDFC',5,0,NULL,NULL,'DESKTOP','2020-10-25 11:56:46','CREDIT CARD HDFC'),(71,'','OUTSAID SHARE',9,0,NULL,NULL,'DESKTOP','2020-10-25 12:51:36','OUTSAID SHARE'),(72,'','LABOUR & ICE',4,0,NULL,NULL,'DESKTOP','2020-11-09 17:21:44','LABOUR & ICE'),(73,'','LABOUR',4,0,NULL,NULL,'DESKTOP','2020-10-25 14:07:55','LABOUR'),(74,'','MARCKET FISH',2,0,NULL,NULL,'DESKTOP','2020-10-28 12:11:47','MARCKET FISH'),(10040,'','SAHAD KUNHU',3,4600,'','','ADMIN','2020-11-02 06:25:43','SAHAD KUNHU'),(75,'','SS TRADERS TAP',2,0,NULL,NULL,'DESKTOP','2020-11-06 12:20:23','SS TRADERS TAP'),(76,'','MARIA AQUA',2,0,NULL,NULL,'DESKTOP','2020-11-12 11:56:02','MARIA AQUA'),(10041,'','DB RETURN',1,0,'','','ADMIN','2020-11-17 00:39:04','DB RETURN'),(10042,'','AIRPORT CLEARING CHARGES',11,0,'','','ADMIN','2020-12-10 21:52:56','AIRPORT CLEARING CHARGES'),(10043,'','HDFC BANK CHEMMAD',5,0,'','','ADMIN','2020-12-12 07:51:19','HDFC BANK CHEMMAD'),(77,'','MARCOS COLACHEL',2,0,NULL,NULL,'DESKTOP','2020-12-18 07:07:24','MARCOS COLACHEL'),(78,'','MAINTANANCE TULAAS',11,0,'','','ADMIN','2021-01-23 03:29:42','MAINTANANCE TULAAS'),(79,'','GODOWN WORK KANYAKUMARI',11,0,'','','ADMIN','2021-01-23 03:29:06','GODOWN WORK KANYAKUMARI'),(80,'','ROTATION KANYAKUMARI',1,0,NULL,NULL,'DESKTOP','2021-01-20 12:45:28','ROTATION KANYAKUMARI');
/*!40000 ALTER TABLE `z_account_head` ENABLE KEYS */;
UNLOCK TABLES;

--
-- Table structure for table `z_account_voucher`
--

DROP TABLE IF EXISTS `z_account_voucher`;
/*!40101 SET @saved_cs_client     = @@character_set_client */;
/*!50503 SET character_set_client = utf8mb4 */;
CREATE TABLE `z_account_voucher` (
  `id_account_voucher` int NOT NULL AUTO_INCREMENT,
  `date` date NOT NULL,
  `ledger_type` int DEFAULT NULL,
  `id_ledger` int DEFAULT NULL,
  `id_account` int DEFAULT NULL,
  `amount` double DEFAULT NULL,
  `remarks` varchar(300) DEFAULT NULL,
  `type` varchar(80) DEFAULT NULL,
  `title` varchar(500) DEFAULT NULL,
  PRIMARY KEY (`id_account_voucher`)
) ENGINE=InnoDB AUTO_INCREMENT=2099 DEFAULT CHARSET=latin1;
/*!40101 SET character_set_client = @saved_cs_client */;

--
-- Dumping data for table `z_account_voucher`
--

LOCK TABLES `z_account_voucher` WRITE;
/*!40000 ALTER TABLE `z_account_voucher` DISABLE KEYS */;
INSERT INTO `z_account_voucher` VALUES (8,'2020-07-02',3,2,2,5750,'KANIYAKUMARI CASH','Payment',NULL),(9,'2020-07-02',3,21,2,6150,'KANIYAKUMARI CASH','Payment',NULL),(24,'2020-07-05',3,41,2,3270,'DIESEL ATL TO KANYAKUMARI','Payment',NULL),(25,'2020-07-05',3,43,2,246,'ATL TO CAPE EXP','Payment',NULL),(26,'2020-07-05',3,41,2,115,'ATL TO CAPE EXP','Payment',NULL),(43,'2020-07-08',3,43,2,338,'FOOD','Payment',NULL),(46,'2020-07-09',3,43,2,376,'FOOD','Payment',NULL),(47,'2020-07-09',3,41,2,210,'ICE ','Payment',NULL),(48,'2020-07-10',3,43,2,341,'FOOD','Payment',NULL),(49,'2020-07-10',3,41,2,440,'ICE EXP','Payment',NULL),(50,'2020-07-11',3,43,2,385,'FOOD','Payment',NULL),(51,'2020-07-11',3,41,2,750,'ICE','Payment',NULL),(52,'2020-07-11',3,43,2,230,'PACKING TEA','Payment',NULL),(53,'2020-07-11',3,41,2,100,'POLICE','Payment',NULL),(54,'2020-07-11',3,41,2,3500,'AIRPORT EXP','Payment',NULL),(55,'2020-07-11',3,48,2,2500,'PACKING CHRG','Payment',NULL),(56,'2020-07-11',3,41,2,1500,'DIESEL','Payment',NULL),(60,'2020-07-12',3,43,2,280,'FOOD','Payment',NULL),(61,'2020-07-12',3,49,2,100,'','Payment',NULL),(62,'2020-07-13',3,43,2,277,'FOOD','Payment',NULL),(65,'2020-07-14',3,43,2,422,'FOOD','Payment',NULL),(66,'2020-07-14',3,41,2,1800,'WASHING MECHINE REPAIR','Payment',NULL),(67,'2020-07-15',3,40,2,11300,'BOX LORRY RENT','Payment',NULL),(68,'2020-07-15',3,43,2,373,'FOOD','Payment',NULL),(69,'2020-07-15',3,49,2,100,'','Payment',NULL),(70,'2020-07-16',3,43,2,260,'FOOD AND SUPERMARKET','Payment',NULL),(71,'2020-07-16',3,41,2,210,'ICE EXP','Payment',NULL),(72,'2020-07-17',3,41,2,970,'ICE ','Payment',NULL),(73,'2020-07-17',3,43,2,560,'FOOD','Payment',NULL),(74,'2020-07-17',3,41,2,50,'MASKK','Payment',NULL),(75,'2020-07-17',3,48,2,2100,'PACKING','Payment',NULL),(76,'2020-07-17',3,41,2,2000,'AIRPORT EXP','Payment',NULL),(77,'2020-07-17',3,41,2,1500,'DIESEL','Payment',NULL),(78,'2020-07-17',3,41,2,100,'POLICE','Payment',NULL),(79,'2020-07-18',3,43,2,427,'FOOD AND SUPER MARKET ETC...','Payment',NULL),(80,'2020-07-20',3,21,2,750,'KANYAKUMARI CASH','Payment',NULL),(81,'2020-07-20',3,49,2,50,'PETROL','Payment',NULL),(82,'2020-07-20',3,43,2,608,'CAPE TO ATL RUNNING FOOD','Payment',NULL),(83,'2020-07-20',3,41,2,700,'LOCK AND GREEN NET','Payment',NULL),(84,'2020-07-20',3,41,2,1500,'DIESEL CAPE TO ATL EXP','Payment',NULL),(85,'2020-07-20',3,41,2,115,'TOLL  CAPE TO ATL','Payment',NULL),(87,'2020-07-27',3,41,2,4600,'ATL TO CAPE DIESEL EXP','Payment',NULL),(88,'2020-07-27',3,43,2,250,'ATL TO CAPE','Payment',NULL),(89,'2020-07-27',3,41,2,115,'TOLL ATL TO CAPE','Payment',NULL),(90,'2020-07-28',3,43,2,347,'FOOD','Payment',NULL),(91,'2020-07-28',3,49,2,200,'BIKE PETROL','Payment',NULL),(93,'2020-07-29',3,43,2,522,'ALL FOOD AND SUPERMARCKET','Payment',NULL),(100,'2020-07-07',3,43,2,457,'FOOD','Payment',NULL),(101,'2020-07-07',3,41,2,1120,'ICE','Payment',NULL),(102,'2020-07-07',3,41,2,350,'POLICE','Payment',NULL),(103,'2020-07-07',3,48,2,2500,'PACKING CHRGE','Payment',NULL),(104,'2020-07-07',3,41,2,1500,'DIESEL ','Payment',NULL),(105,'2020-07-07',3,41,2,3500,'AIRPORT EXPENCE TVC','Payment',NULL),(107,'2020-07-30',3,43,2,715,'FOOD AND GROCERY ITEM AND FROOTS','Payment',NULL),(108,'2020-07-31',3,43,2,315,'FOOD ','Payment',NULL),(111,'2020-08-03',3,43,2,50,'EGG','Payment',NULL),(121,'2020-08-01',3,43,2,323,'GROCERY AND FOOD','Payment',NULL),(122,'2020-08-01',3,51,2,375,'ICE','Payment',NULL),(126,'2020-08-04',3,43,2,480,'ALL FOOD INCLUDE PACKING','Payment',NULL),(127,'2020-08-04',3,41,2,151,'MODEM REACHARGE','Payment',NULL),(128,'2020-08-04',3,51,2,1125,'ICE','Payment',NULL),(129,'2020-08-04',3,48,2,1800,'5 LADY AND AUTO 300','Payment',NULL),(130,'2020-08-05',3,36,2,1470,'FISH CASH','Payment',NULL),(131,'2020-08-05',3,43,2,206,'FOOD & GROCERY','Payment',NULL),(133,'2020-07-01',3,16,2,500,'DRIVER','Payment',NULL),(134,'2020-07-01',3,43,2,939,'FOOD AND ','Payment',NULL),(135,'2020-07-01',3,41,2,150,'RASHEEDKA PHON REPAIRING','Payment',NULL),(136,'2020-07-01',3,41,2,500,'PANDI PACKING CHARGE','Payment',NULL),(137,'2020-07-01',3,41,2,1740,'DOSTN ELECRITION WORK','Payment',NULL),(138,'2020-08-06',3,51,2,375,'5 BLOCK ','Payment',NULL),(139,'2020-08-06',3,43,2,180,'FOOD & TEA & GROCERY','Payment',NULL),(141,'2020-08-07',3,43,2,78,'NOODLES & TEA','Payment',NULL),(147,'2020-08-08',3,43,2,877,'CHICKEN &GROCERY &POROTTA','Payment',NULL),(148,'2020-08-08',3,49,2,200,'','Payment',NULL),(149,'2020-08-08',3,51,2,450,'6 BLOCK ICE','Payment',NULL),(150,'2020-08-10',3,43,2,277,'TEA &GROCERY & FOOD','Payment',NULL),(151,'2020-08-11',3,43,2,135,'FOOD','Payment',NULL),(152,'2020-08-12',3,51,2,900,'12 BLOCK ICE','Payment',NULL),(153,'2020-08-12',3,48,2,1800,'5 AND AUTO ','Payment',NULL),(154,'2020-08-12',3,43,2,190,'PACKING TEA','Payment',NULL),(155,'2020-08-13',3,43,2,295,'FOOD &GROCERY ','Payment',NULL),(158,'2020-08-14',3,51,2,750,'10 BLOCK ICE','Payment',NULL),(159,'2020-08-14',3,41,2,20,'DOST AIR FILL','Payment',NULL),(160,'2020-08-15',3,43,2,408,'TEA & GROCERY ITEM','Payment',NULL),(164,'2020-08-17',3,51,2,400,'5 BLOCK  80PER PCS ','Payment',NULL),(165,'2020-08-17',3,43,2,422,'CHICKEN &FOOD &GROCERY','Payment',NULL),(167,'2020-08-18',3,51,2,1020,'12 BLOK ICE PER PCS 85','Payment',NULL),(168,'2020-08-18',3,43,2,162,'PACKING TEA','Payment',NULL),(169,'2020-08-18',3,48,2,2200,'2100+100 PANDI ','Payment',NULL),(170,'2020-08-18',3,16,2,1000,'DIESEL CASH','Payment',NULL),(186,'2020-08-21',3,41,2,200,'Q TIPS','Payment',NULL),(187,'2020-08-21',3,43,2,305,'PACKING TEA & FOOD','Payment',NULL),(188,'2020-08-21',3,51,2,1190,'14 BAR ICE','Payment',NULL),(189,'2020-08-21',3,48,2,1900,'1800+100','Payment',NULL),(191,'2020-08-22',3,41,2,4000,'PRINTER BALANCE TOTAL 5000','Payment',NULL),(192,'2020-08-22',3,43,2,441,'GROCERY &FOOD','Payment',NULL),(193,'2020-08-22',3,51,2,590,'7 BLOCK ICE','Payment',NULL),(213,'2020-08-25',3,51,2,1130,'15 BAR ICE','Payment',NULL),(214,'2020-08-25',3,48,2,1800,'5 LADYIES','Payment',NULL),(215,'2020-08-25',3,43,2,298,'PACKING TEA & FOOD','Payment',NULL),(219,'2020-08-26',3,43,2,499,'FOOD & GROCERY ITEM','Payment',NULL),(220,'2020-08-26',3,41,2,48,'HEADACHE TABLET MEDICINE','Payment',NULL),(221,'2020-08-26',3,51,2,400,'4 BAR ICE','Payment',NULL),(222,'2020-08-26',3,41,2,1900,'DIESEL EXP MADURAI','Payment',NULL),(223,'2020-08-26',3,4,2,360,'CHAPPAL','Payment',NULL),(224,'2020-08-26',3,43,2,360,'EXP FOR MADURAI','Payment',NULL),(225,'2020-08-26',3,41,2,1030,'TOLL EXP MADURAI','Payment',NULL),(236,'2020-07-06',3,43,2,370,'FOOD','Payment',NULL),(237,'2020-07-06',3,43,2,204,'SUPER MARKET BALANCE CASH','Payment',NULL),(238,'2020-07-06',3,41,2,280,'ICE EXP','Payment',NULL),(239,'2020-07-06',3,55,2,550,'BIKE WORKSHOPE','Payment',NULL),(243,'2020-08-19',3,43,2,543,'FOOD &GROCERY&ETC..','Payment',NULL),(244,'2020-08-19',3,2,2,352,'INNER WARE BUYING NCJ','Payment',NULL),(245,'2020-08-19',3,6,2,357,'INNER WARE BUYING NCJ','Payment',NULL),(246,'2020-08-19',3,54,2,1000,'KOTTA ADVANCE','Payment',NULL),(247,'2020-08-20',3,49,2,200,'BIKE','Payment',NULL),(248,'2020-08-20',3,41,2,1000,'PRINTER ADVANCE','Payment',NULL),(249,'2020-08-20',3,43,2,70,'FOOD & EGG','Payment',NULL),(250,'2020-08-20',3,2,2,330,'CHAPPAL','Payment',NULL),(251,'2020-08-20',3,6,2,200,'POTHEES PURCHASE','Payment',NULL),(252,'2020-08-20',3,55,2,100,'PUNCHAR','Payment',NULL),(261,'2020-08-24',3,41,2,320,'BIKE CEAT COVER','Payment',NULL),(262,'2020-08-24',3,43,2,207,'GROCERY &TEA','Payment',NULL),(263,'2020-08-24',3,49,2,160,'BIKE PETROL FROM ATL','Payment',NULL),(264,'2020-08-24',3,43,2,2130,'SUHRA MILL & NOVALTY PATRAM','Payment',NULL),(265,'2020-08-24',3,41,2,4265,'DIESEL4150  & TOLL 115. ATL TO CAPE ','Payment',NULL),(266,'2020-08-24',3,4,2,170,'ATL TO CAPE  ','Payment',NULL),(267,'2020-08-24',3,52,2,150,'POLLUTION','Payment',NULL),(268,'2020-08-24',3,52,2,7000,'TAX ','Payment',NULL),(272,'2020-08-27',3,51,2,800,'10 BAR ICE','Payment',NULL),(273,'2020-08-27',3,43,2,112,'TEA & SUPER MRKT','Payment',NULL),(274,'2020-08-27',3,52,2,400,'BREAK ADJUST','Payment',NULL),(275,'2020-08-27',3,43,2,475,'THOOTHUKUDI RUNNING FOOD','Payment',NULL),(276,'2020-08-27',3,41,2,2610,'DIESEL THOOTHUKUDI','Payment',NULL),(277,'2020-08-27',3,41,2,250,'TOLL THOOTHUKUDI','Payment',NULL),(278,'2020-08-28',3,49,2,300,'','Payment',NULL),(279,'2020-08-28',3,51,2,1280,'15 BAR','Payment',NULL),(280,'2020-08-28',3,48,2,1500,'4 LADIES','Payment',NULL),(281,'2020-08-28',3,43,2,669,'FOOD&PACK TEA &GROCERY','Payment',NULL),(292,'2020-08-29',3,6,2,1500,'NATTIL POKUMBOL','Payment',NULL),(293,'2020-08-29',3,2,2,1500,'NATTIL POKUMBOL','Payment',NULL),(294,'2020-08-29',3,51,2,400,'5 BOX','Payment',NULL),(295,'2020-08-29',3,43,2,230,'MEALS & TEA','Payment',NULL),(296,'2020-08-29',3,41,2,177,'SUPERMARKET','Payment',NULL),(297,'2020-08-29',3,41,2,470,'KANIYAKUMARI TO ATL FOOD TOLL TEA','Payment',NULL),(298,'2020-08-29',3,2,2,30,'EXPENCE BALANCE','Payment',NULL),(299,'2020-08-30',3,43,2,62,'EAVANING TEA','Payment',NULL),(300,'2020-08-31',3,51,2,1200,'15 BAR ','Payment',NULL),(301,'2020-08-31',3,48,2,1800,'5 LADIES  +AUTO','Payment',NULL),(302,'2020-08-31',3,41,2,1250,'DIESEL & FOOD &POLICE JEROM FISH PICK EXP','Payment',NULL),(303,'2020-08-31',3,43,2,351,'FOOD & PACING TEA  ETC.....','Payment',NULL),(309,'2020-09-01',3,41,2,1300,'DIESEL&PAINTING 08 AZ 4026','Payment',NULL),(310,'2020-09-01',3,51,2,850,'10 BAR','Payment',NULL),(311,'2020-09-01',3,43,2,312,'TEA&SUPERMARKET','Payment',NULL),(312,'2020-09-01',3,48,2,1800,'5 LEDIES','Payment',NULL),(313,'2020-09-02',3,43,2,165,'EAVANING.MORNING TEA','Payment',NULL),(314,'2020-09-02',3,41,2,491,'SUPERMARKET','Payment',NULL),(315,'2020-09-02',3,41,2,4060,'SAKTHIMAN WORK SHOP','Payment',NULL),(316,'2020-09-02',3,8,2,200,'LUNKI','Payment',NULL),(317,'2020-09-02',3,4,2,250,'INNER','Payment',NULL),(318,'2020-09-03',3,51,2,300,'4 BAR','Payment',NULL),(319,'2020-09-03',3,43,2,1007,'FOOD & TEA','Payment',NULL),(320,'2020-09-03',3,41,2,1500,'SAKTHIMAN DIESEL (TRICHANDUR)','Payment',NULL),(321,'2020-09-04',3,51,2,530,'6 BAR','Payment',NULL),(322,'2020-09-04',3,43,2,52,'TEA','Payment',NULL),(323,'2020-09-04',3,49,2,100,'HANEFA,RASEED','Payment',NULL),(324,'2020-09-04',3,41,2,505,'SUPERMARKET','Payment',NULL),(325,'2020-09-05',3,51,2,1200,'12 BAR','Payment',NULL),(326,'2020-09-05',3,43,2,275,'PACKING TEA &NIGHT FOOD','Payment',NULL),(327,'2020-09-05',3,48,2,1500,'4 LEDIES','Payment',NULL),(328,'2020-09-05',3,41,2,96,'SUPERMARKET','Payment',NULL),(329,'2020-09-06',3,43,2,72,'EAVANING TEA','Payment',NULL),(330,'2020-09-07',3,41,2,619,'SUPERMARKET','Payment',NULL),(331,'2020-09-07',3,43,2,164,'TEA FOOD','Payment',NULL),(334,'2020-09-08',3,40,2,11500,'LORRY RENT','Payment',NULL),(335,'2020-09-08',3,43,2,72,'EAVANING TEA','Payment',NULL),(336,'2020-09-08',3,41,2,315,'SUPERMARKET','Payment',NULL),(337,'2020-09-09',3,43,2,132,'MILK&SNACKS','Payment',NULL),(338,'2020-09-09',3,53,2,120,'AC PIPE SOUND /SHOWROOM','Payment',NULL),(339,'2020-09-10',3,43,2,32,'MILK','Payment',NULL),(340,'2020-09-10',3,49,2,350,'FULL TANK','Payment',NULL),(341,'2020-09-10',3,41,2,451,'SUPER MARKET','Payment',NULL),(342,'2020-09-10',3,53,2,370,'ALGNMENT','Payment',NULL),(346,'2020-09-12',3,43,2,32,'MILK','Payment',NULL),(347,'2020-09-12',3,43,2,490,'NOON&NIGHT','Payment',NULL),(348,'2020-09-12',3,43,2,100,'PACKING TEA','Payment',NULL),(349,'2020-09-12',3,48,2,1500,'4 LADIES','Payment',NULL),(350,'2020-09-12',3,51,2,950,'12 BAR','Payment',NULL),(351,'2020-09-12',3,41,2,50,'THENGAPATANUM HARBAR PASS','Payment',NULL),(352,'2020-09-12',3,41,2,2366,'THOOTUKUDI DIESEL (RASEED.HANEEFA)','Payment',NULL),(353,'2020-09-12',3,41,2,500,'TOLL THOOTUKUDI','Payment',NULL),(354,'2020-09-12',3,43,2,280,'THOOTHUKUDI RUNNING','Payment',NULL),(355,'2020-09-12',3,41,2,100,'SATHEESH TIP','Payment',NULL),(359,'2020-09-11',3,10031,2,3800,'MARIA TVM FRIGHT CHARGE','Receipt',NULL),(360,'2020-09-11',3,51,2,160,'2 BAR','Payment',NULL),(361,'2020-09-11',3,43,2,32,'MILK','Payment',NULL),(362,'2020-09-11',3,41,2,264,'SUPERMARKET','Payment',NULL),(363,'2020-09-11',3,41,2,1500,'DIESL MARIA TVM','Payment',NULL),(364,'2020-09-11',3,43,2,200,'TVM','Payment',NULL),(365,'2020-09-13',3,43,2,119,'TIFFIN','Payment',NULL),(366,'2020-09-13',3,41,2,50,'SUPERMARKET','Payment',NULL),(367,'2020-09-13',3,53,2,200,'PANCHAR','Payment',NULL),(368,'2020-09-13',3,41,2,1300,'GAS SYLUNDER','Payment',NULL),(378,'2020-09-14',3,41,2,471,'SUPERMARKET','Payment',NULL),(379,'2020-09-14',3,51,2,400,'5 BAR','Payment',NULL),(380,'2020-09-14',3,43,2,124,'TEA&FOOD','Payment',NULL),(381,'2020-09-14',3,57,2,91,'COVER EXCHANGE','Payment',NULL),(382,'2020-09-15',3,54,2,200,'PANCHAR','Payment',NULL),(383,'2020-09-15',3,43,2,140,'NIGHT','Payment',NULL),(384,'2020-09-15',3,41,2,90,'MILK&TAP ROLL WATERPROOF','Payment',NULL),(389,'2020-09-16',3,41,2,550,'DIESEL&HARBOUR PASS','Payment',NULL),(390,'2020-09-16',3,43,2,20,'TEA','Payment',NULL),(391,'2020-09-16',3,41,2,375,'SUPERMARKET','Payment',NULL),(392,'2020-09-16',3,51,2,310,'4 BAR','Payment',NULL),(393,'2020-09-16',3,43,2,228,'TEA&FOOD','Payment',NULL),(394,'2020-09-16',3,51,2,400,'5 BAR','Payment',NULL),(395,'2020-09-17',3,43,2,350,'FOOD&PACKING TEA','Payment',NULL),(396,'2020-09-17',3,48,2,2100,'6 LEDIES','Payment',NULL),(397,'2020-09-17',3,51,2,1200,'15 BAR','Payment',NULL),(402,'2020-09-18',3,41,2,423,'SUPERMARCKET','Payment',NULL),(403,'2020-09-18',3,43,2,360,'TEA &FOOD','Payment',NULL),(404,'2020-09-18',3,51,2,600,'6 BAR','Payment',NULL),(405,'2020-09-18',3,51,2,800,'10 BAR','Payment',NULL),(406,'2020-09-18',3,43,2,32,'MILK','Payment',NULL),(410,'2020-09-19',3,43,2,470,'PACKING TEA FOOD','Payment',NULL),(411,'2020-09-19',3,48,2,1800,'5 LEDIES','Payment',NULL),(412,'2020-09-19',3,4,2,100,'APPLE FRUITS','Payment',NULL),(413,'2020-09-19',3,21,2,200,'PATTU','Payment',NULL),(414,'2020-09-19',3,9,2,1000,'PATTU','Payment',NULL),(415,'2020-09-19',3,43,2,2060,'FOOD','Payment',NULL),(416,'2020-09-19',3,43,2,514,'TEA','Payment',NULL),(417,'2020-09-19',3,43,2,470,'JUICE','Payment',NULL),(418,'2020-09-19',3,41,2,1460,'TOLL','Payment',NULL),(419,'2020-09-19',3,41,2,200,'ROOM','Payment',NULL),(420,'2020-09-19',3,41,2,3550,'FASTAG','Payment',NULL),(421,'2020-09-19',3,41,2,5660,'DIESEL','Payment',NULL),(422,'2020-09-19',3,41,2,1000,'ROOM ADVANCE','Payment',NULL),(423,'2020-09-19',3,41,2,100,'WATER','Payment',NULL),(424,'2020-09-19',3,41,2,920,'AUTO CHARGE','Payment',NULL),(425,'2020-09-20',3,43,2,30,'MILK','Payment',NULL),(426,'2020-09-20',3,4,2,500,'BIRIYANI','Payment',NULL),(427,'2020-09-20',3,49,2,200,'','Payment',NULL),(428,'2020-09-20',3,41,2,89,'SUPERMARKET','Payment',NULL),(432,'2020-09-21',3,43,2,197,'TEA&MILK ','Payment',NULL),(433,'2020-09-21',3,51,2,400,'5 BAR','Payment',NULL),(434,'2020-09-21',3,41,2,54,'SUPERMARKET','Payment',NULL),(435,'2020-09-21',3,51,2,1600,'20 BAR','Payment',NULL),(436,'2020-09-22',3,48,2,1500,'4 LEDIES','Payment',NULL),(437,'2020-09-22',3,43,2,549,'PACKING TEA&NIGHT FOOD','Payment',NULL),(438,'2020-09-22',3,41,2,500,'DIESEL','Payment',NULL),(439,'2020-09-23',3,49,2,351,'FULL TANK','Payment',NULL),(440,'2020-09-23',3,51,2,800,'10 BAR','Payment',NULL),(441,'2020-09-23',3,41,2,300,'FIRE&SAFETY','Payment',NULL),(442,'2020-09-23',3,41,2,550,'CLIP&BELT','Payment',NULL),(443,'2020-09-23',3,43,2,540,'FOOD','Payment',NULL),(444,'2020-09-23',3,41,2,857,'CHICKEN&SUPERMARKET','Payment',NULL),(445,'2020-09-24',3,43,2,321,'TEA &FOOD','Payment',NULL),(446,'2020-09-24',3,51,2,400,'5 BAR','Payment',NULL),(447,'2020-09-24',3,41,2,500,'DIESEL','Payment',NULL),(448,'2020-09-24',3,41,2,182,'GROSSERY','Payment',NULL),(470,'2020-09-25',3,43,2,1200,'FOOD &MILK&ETC','Payment',NULL),(471,'2020-09-25',3,51,2,560,'7 BAR ICE','Payment',NULL),(472,'2020-09-25',3,21,2,100,'TARPAYA BUYING','Payment',NULL),(473,'2020-09-25',3,8,2,1500,'NATTIL POKUMBOL','Payment',NULL),(474,'2020-09-25',3,4,2,1500,'NATTIL POKUMBOL','Payment',NULL),(475,'2020-09-25',3,2,2,3300,'ATL TO CAPE EXP','Payment',NULL),(476,'2020-09-25',3,6,2,3000,'JAMAL PATTU','Payment',NULL),(477,'2020-09-25',3,41,2,360,'CASH SHORT  ','Payment',NULL),(494,'2020-09-26',3,9,2,3000,'ATM HANEEFA TIRINCHADU','Receipt',NULL),(502,'2020-09-26',3,43,2,360,'FOOD & PACKING TEA','Payment',NULL),(503,'2020-09-26',3,51,2,1600,'20 BAR ICE','Payment',NULL),(504,'2020-09-26',3,41,2,151,'MODEM RECHARGE 3/9/2020','Payment',NULL),(505,'2020-09-26',3,48,2,1900,'4 ','Payment',NULL),(506,'2020-09-26',3,65,2,1000,'AMALIPURAM JEROM FISH TAKE','Payment',NULL),(507,'2020-09-26',3,43,2,65,'AMALIPURAM JEROM FISH','Payment',NULL),(508,'2020-09-26',3,2,2,470,'FOOD ITEM FAMILY','Payment',NULL),(509,'2020-09-26',3,51,2,1450,'15 BAR ICE','Payment',NULL),(510,'2020-09-27',3,43,2,577,'GROCERY & TEA  ETC.....','Payment',NULL),(511,'2020-09-27',3,6,2,150,'CAPPAL','Payment',NULL),(512,'2020-09-27',3,2,2,213,'FAMILY EXP','Payment',NULL),(514,'2020-09-28',3,63,2,31605,'BANGLORE CASH  RECIVED','Receipt',NULL),(540,'2020-09-29',3,49,2,300,'petrol','Payment',NULL),(541,'2020-09-29',3,51,2,2000,'20 bar ice','Payment',NULL),(542,'2020-09-29',3,48,2,1500,'4','Payment',NULL),(543,'2020-09-29',3,41,2,200,'Q TIPS','Payment',NULL),(544,'2020-09-29',3,52,2,680,'BRIKE OIL PUMB LEAK','Payment',NULL),(545,'2020-09-29',3,43,2,646,'FOOD&PACKING TEA&GROCERY ETC..','Payment',NULL),(546,'2020-09-29',3,2,2,50,'F0R FMLY','Payment',NULL),(578,'2020-09-30',3,67,2,9420,'CURENT BILL 4 MONT BILL','Payment',NULL),(579,'2020-09-30',3,9,2,3000,'26/9/20 TIRINJADU RETERN KODUTTU','Payment',NULL),(580,'2020-09-30',3,51,2,570,'6 bar ice','Payment',NULL),(581,'2020-09-30',3,43,2,296,'GROCERY  &TEA &','Payment',NULL),(582,'2020-09-30',3,41,2,100,'TNEB FUES MAN TIPS','Payment',NULL),(583,'2020-09-30',3,41,2,3120,'DIESEL 2500& FOOD .CAPE TO ATL /NMH &RASHED','Payment',NULL),(584,'2020-09-30',3,9,2,6325,'NATTIL POYA BALANCE CASH PATTU','Payment',NULL),(594,'2020-10-01',3,63,2,5550,'BANGLORE CASH HANEEFA A/C RECIVED','Receipt',NULL),(595,'2020-10-01',3,55,2,335,'BIKE OIL CHAING 28900 KM','Payment',NULL),(596,'2020-10-01',3,41,2,1617,'ICHAVA ANAS EXP FOR ATL TO CAPE BIKE','Payment',NULL),(597,'2020-10-01',3,43,2,618,'GROCERY & TEA','Payment',NULL),(598,'2020-10-01',3,65,2,5500,'RAMESWARAM & AMALIPURAM & TUTICORN','Payment',NULL),(599,'2020-10-01',3,43,2,550,'RAMSWRM &  FOOD 70+480','Payment',NULL),(600,'2020-10-01',3,41,2,500,'PANDI DRIVER ','Payment',NULL),(601,'2020-10-01',3,9,2,5550,'BANGLORE CASH RECIVED','Payment',NULL),(602,'2020-10-01',3,6,2,200,'GLAMOUR BIKE MAINTENANCE ','Payment',NULL),(603,'2020-10-02',3,51,2,1900,'20 BAR ICE','Payment',NULL),(604,'2020-10-02',3,48,2,1500,'4 + AUTO','Payment',NULL),(605,'2020-10-02',3,43,2,1168,'FOOD &PACKING TEA &GROCERY','Payment',NULL),(606,'2020-10-02',3,2,2,190,'FMLY FOOD','Payment',NULL),(613,'2020-10-03',3,49,2,200,'','Payment',NULL),(614,'2020-10-03',3,4,2,400,'RECHARGE & TOOTH BRUSH ','Payment',NULL),(615,'2020-10-03',3,43,2,961,'TEA &CASAROL& GROCERY','Payment',NULL),(616,'2020-10-03',3,53,2,100,'ALIGNMENT DOST','Payment',NULL),(617,'2020-10-04',3,43,2,472,'GROCERY & CHICKEN','Payment',NULL),(618,'2020-10-04',3,2,2,200,'FOR FMLY','Payment',NULL),(628,'2020-10-06',3,43,2,566,'GROCERY &FOOD &','Payment',NULL),(629,'2020-10-06',3,16,2,4000,'MARCOS BY HAND CHINNAMUTTOM','Payment',NULL),(630,'2020-10-06',3,4,2,50,'OINT MENT ','Payment',NULL),(657,'2020-10-08',3,43,2,576,'GROCERY & FOOD','Payment',NULL),(658,'2020-10-08',3,41,2,100,'CHARCKOL (KARI)','Payment',NULL),(659,'2020-10-08',3,65,2,1700,'DIESEL AMALIPURAM','Payment',NULL),(660,'2020-10-08',3,43,2,182,'AMALIPURAM FOOD EXP','Payment',NULL),(677,'2020-10-10',3,43,2,509,'FOOD&GROCERY&TEA...','Payment',NULL),(678,'2020-10-10',3,51,2,680,'8 BAR ICE','Payment',NULL),(679,'2020-10-09',3,49,2,200,'PETROL','Payment',NULL),(680,'2020-10-09',3,43,2,424,'FOOD&GROCERY&TEA','Payment',NULL),(681,'2020-10-09',3,51,2,1280,'15 BAR ICE','Payment',NULL),(682,'2020-10-09',3,43,2,2847,'YARA &SUHRA MILL FOR NADU','Payment',NULL),(683,'2020-10-09',3,65,2,4000,'ATL TO CAPE RUNNING DIESEL','Payment',NULL),(684,'2020-10-09',3,43,2,300,'FOOD ATL TO CAPE','Payment',NULL),(685,'2020-10-09',3,54,2,1500,'SPEAKER new buy','Payment',NULL),(686,'2020-10-09',3,53,2,500,'SET FITTING &CABLE &BRIKE LIGHT ETC....','Payment',NULL),(687,'2020-10-09',3,65,2,7557,'DIESEL FOR BANGLORE','Payment',NULL),(688,'2020-10-09',3,43,2,1011,'BANGLORE FOOD ETC...','Payment',NULL),(689,'2020-10-09',3,53,2,800,'PERMIT FOR KARNADAKA','Payment',NULL),(690,'2020-10-09',3,41,2,340,'POLICE & ICE & ETC.....','Payment',NULL),(691,'2020-10-09',3,4,2,50,'BANGLORE ','Payment',NULL),(692,'2020-10-09',3,6,2,3000,'KSEB BILL ONLINE','Payment',NULL),(698,'2020-10-05',3,63,2,17100,'RECIVED CASH FOR MARCKET FISH /NMH A/C','Receipt',NULL),(699,'2020-10-11',3,43,2,833,'GROCERY &CHICKEN &TEA ETC...','Payment',NULL),(700,'2020-10-11',3,49,2,300,'FULL TANK','Payment',NULL),(701,'2020-10-11',3,2,2,218,'PAMPERS & OIL ETC...','Payment',NULL),(702,'2020-10-11',3,51,2,425,'5 BAR','Payment',NULL),(714,'2020-10-12',3,63,2,45000,'NMH A/C CASH RECIVED','Receipt',NULL),(715,'2020-10-12',3,63,2,3000,'NMH A/C CASH RECIVED BNGLR','Receipt',NULL),(717,'2020-10-13',3,43,2,1511,'GROCERY & FOOD & CHICKEN GUEST','Payment',NULL),(720,'2020-10-14',3,63,2,35600,'NMH A/C RECIVED BNGLR CASH','Receipt',NULL),(721,'2020-10-13',3,63,2,10000,'BAVA BY HAND JAMAL BNGLR ','Receipt',NULL),(722,'2020-10-05',3,43,2,185,'POROTA & TEA','Payment',NULL),(723,'2020-10-05',3,2,2,1037,'JML CASH & FOA FMLY','Payment',NULL),(724,'2020-10-05',3,6,2,220,'TAPPU BUY','Payment',NULL),(725,'2020-10-05',3,49,2,300,'BIKE FULL TANK','Payment',NULL),(726,'2020-10-05',3,63,2,4000,'BAVAS SALARY','Payment',NULL),(727,'2020-10-07',3,3,2,1120,'NATTIL POYAPPOL','Payment',NULL),(728,'2020-10-07',3,51,2,450,'5 BAR ICE','Payment',NULL),(729,'2020-10-07',3,43,2,463,'GROCERY & TEA','Payment',NULL),(730,'2020-10-07',3,63,2,11300,'NEW BOX BUYING( MARCKET)','Payment',NULL),(731,'2020-10-12',3,10012,2,2420,'CASH DEPOSITE CHARGE ICICI','Payment',NULL),(732,'2020-10-12',3,51,2,1200,'15 BAR ICE','Payment',NULL),(733,'2020-10-12',3,48,2,1500,'4 LADY & AUTO','Payment',NULL),(734,'2020-10-12',3,43,2,954,'FOOD &GROCERY &PACKING TEA','Payment',NULL),(735,'2020-10-12',3,65,2,3500,'TUTICORN TRIP DIESEL','Payment',NULL),(736,'2020-10-12',3,41,2,1800,'1400ICE& FOOD 400','Payment',NULL),(737,'2020-10-12',3,65,2,7380,'LOCAL MARCKET 2580 ATM CARD','Payment',NULL),(738,'2020-10-12',3,43,2,715,'BANGLORE FO0OD','Payment',NULL),(739,'2020-10-12',3,6,2,300,'EARPHON BALANCE CASH','Payment',NULL),(740,'2020-10-12',3,16,2,40000,'TRANSFER MARCKET FISH PAYMNT ','Payment',NULL),(741,'2020-10-14',3,43,2,1147,'GROCERY & TEA FOR GUEST','Payment',NULL),(742,'2020-10-14',3,51,2,595,'7 BAR ICE','Payment',NULL),(743,'2020-10-14',3,43,2,60,'WATER CAN 3','Payment',NULL),(744,'2020-10-15',3,43,2,1024,'FOOD &GROCERY &','Payment',NULL),(745,'2020-10-15',3,53,2,1616,'BRAIKE PAD CHAING','Payment',NULL),(746,'2020-10-15',3,9,2,620,'FROOT & FMLY ITEM','Payment',NULL),(747,'2020-10-15',3,6,2,320,'OLD CAN','Payment',NULL),(748,'2020-10-15',3,16,2,35000,'TRANSFER MARCKET CASH ','Payment',NULL),(749,'2020-10-15',3,65,2,1000,'TRICHENDUR  DIESEL','Payment',NULL),(750,'2020-10-15',3,4,2,250,'RECHARGE','Payment',NULL),(751,'2020-10-15',3,49,2,100,'','Payment',NULL),(752,'2020-10-15',3,2,2,200,'FOR HOUSE','Payment',NULL),(753,'2020-10-15',3,63,2,10980,'RECVD NMH A/C ','Receipt',NULL),(770,'2020-10-16',3,43,2,615,'GROCERY &TEA','Payment',NULL),(771,'2020-10-16',3,9,2,1260,'HEAD SET','Payment',NULL),(772,'2020-10-16',3,65,2,1000,'TRICHENDUR GOING','Payment',NULL),(773,'2020-10-16',3,51,2,850,'10 bar ice','Payment',NULL),(774,'2020-10-16',3,43,2,350,'FOOD ','Payment',NULL),(775,'2020-10-16',3,41,2,300,'SAMPLE BOX 2 TERMOCOL','Payment',NULL),(776,'2020-10-16',3,41,2,50,'TNGPTNM GATE PASS','Payment',NULL),(797,'2020-10-17',3,51,2,850,'10 BAR ICE','Payment',NULL),(798,'2020-10-17',3,51,2,1275,'15 BAR ICE','Payment',NULL),(799,'2020-10-17',3,53,2,3400,'GPS FITTING ','Payment',NULL),(800,'2020-10-17',3,48,2,1500,'4 LADIES & AUTO','Payment',NULL),(801,'2020-10-17',3,54,2,200,'POLLUTION ','Payment',NULL),(802,'2020-10-17',3,65,2,500,'DIESEL KOOTAPPULI  ETC....','Payment',NULL),(803,'2020-10-17',3,49,2,300,'PETROL ','Payment',NULL),(804,'2020-10-17',3,2,2,132,'FROOTS ','Payment',NULL),(805,'2020-10-17',3,43,2,1103,'TEA &GROCERY ETC...','Payment',NULL),(806,'2020-10-17',3,54,2,5300,'TAMILNADU 4000 +KARNDKA 1300 PERMIT','Payment',NULL),(807,'2020-10-17',3,54,2,2500,'FAST TAG  RECHARGE','Payment',NULL),(808,'2020-10-17',3,53,2,2500,'FAST TAG REACHAGE','Payment',NULL),(809,'2020-10-17',3,65,2,1500,'PUNNAKKAYAL DIESL','Payment',NULL),(810,'2020-10-17',3,41,2,295,'TOLL & FOOD PUNNAKAYAL','Payment',NULL),(811,'2020-10-17',3,65,2,9830,'BANGLORE DIESEL','Payment',NULL),(812,'2020-10-17',3,43,2,1340,'BANGLORE FOOD','Payment',NULL),(813,'2020-10-17',3,41,2,450,'SHAWWAL BUYING','Payment',NULL),(814,'2020-10-18',3,43,2,780,'GROCERY & FOOD ETC....','Payment',NULL),(815,'2020-10-18',3,63,2,49000,'BNTGLR CASH TRANSFER NMH A/C','Receipt',NULL),(816,'2020-10-18',3,63,2,25000,'BNGLR CASH BY HAND JAMAL&NMH','Receipt',NULL),(824,'2020-10-19',3,10034,2,50000,'TRANSFR CHACHU A/C BOLERO BOADY CASH','Payment',NULL),(825,'2020-10-19',3,9,2,2600,'200 NOTS','Payment',NULL),(826,'2020-10-19',3,43,2,44,'TEA','Payment',NULL),(827,'2020-10-19',3,51,2,1700,'20 BAR ICE','Payment',NULL),(828,'2020-10-19',3,43,2,724,'GROCERY &FOOD ETC....','Payment',NULL),(829,'2020-10-19',3,65,2,1500,'TRICHENDUR DIESE','Payment',NULL),(830,'2020-10-19',3,43,2,240,'TRICHENDR FOOD','Payment',NULL),(831,'2020-10-19',3,65,2,8322,'BANGLORE DIESEL','Payment',NULL),(832,'2020-10-19',3,43,2,1215,'BANGLORE FOODS','Payment',NULL),(833,'2020-10-19',3,2,2,50,'BISCUT','Payment',NULL),(834,'2020-10-19',3,6,2,50,'BISCUTS','Payment',NULL),(835,'2020-10-19',3,9,2,50,'BIS','Payment',NULL),(843,'2020-10-20',3,43,2,665,'FOOD & PACKING TEA ETC.......','Payment',NULL),(844,'2020-10-20',3,65,2,2500,'TOOTUKUDI ','Payment',NULL),(845,'2020-10-20',3,54,2,200,'BELT ADJUSTMNT','Payment',NULL),(846,'2020-10-20',3,48,2,2000,'200 BALANCE ','Payment',NULL),(847,'2020-10-20',3,54,2,70,'PUNCHAR ','Payment',NULL),(848,'2020-10-20',3,10007,2,150000,'NMH A/C TRANSFER','Payment',NULL),(849,'2020-10-20',3,51,2,2210,'20+6 BAR ICE','Payment',NULL),(850,'2020-10-20',3,2,2,2317,'PAMPERS & HEAD SET','Payment',NULL),(857,'2020-10-21',3,43,2,2850,'GROCERY & FOOD & CHICKEN ETC... GUST','Payment',NULL),(858,'2020-10-21',3,49,2,100,'','Payment',NULL),(859,'2020-10-21',3,43,2,465,'NASTA  GUST','Payment',NULL),(860,'2020-10-22',3,43,2,1217,'GROCERY  &FOOD &TEA ETC...','Payment',NULL),(861,'2020-10-22',3,41,2,300,'HOSPITAL RISWAN','Payment',NULL),(862,'2020-10-22',3,51,2,2130,'25 BAR','Payment',NULL),(863,'2020-10-22',3,2,2,100,'FROOTS','Payment',NULL),(864,'2020-10-22',3,49,2,200,'','Payment',NULL),(865,'2020-10-22',3,54,2,150,'PUNCHAR','Payment',NULL),(866,'2020-10-22',3,21,2,2000,'NATTIL POKUMBOL','Payment',NULL),(867,'2020-10-22',3,8,2,100,'','Payment',NULL),(868,'2020-10-22',3,9,2,50,'PAYAM ','Payment',NULL),(893,'2020-10-24',3,70,2,1000,'TNGPTNM  DIESEL','Receipt',NULL),(897,'2020-10-24',3,51,2,1100,'13 ICE','Payment',NULL),(898,'2020-10-24',3,65,2,1137,'TNGPTNM TOLL HARBOUR &DIESEL','Payment',NULL),(899,'2020-10-24',3,43,2,785,'FOOD &GROCERY &ETC.,.,,','Payment',NULL),(900,'2020-10-24',3,41,2,110,'AYALA SALE LOADING ','Payment',NULL),(903,'2020-10-23',3,70,2,1500,'AIRPORT DIESEL','Receipt',NULL),(904,'2020-10-23',3,71,2,100000,'CAPITAL FOR MARCKET FISH','Receipt',NULL),(905,'2020-10-23',3,43,2,2010,'FOOD &PACKING TEA &GROCERY .....','Payment',NULL),(906,'2020-10-23',3,2,2,126,'TIDE &SOAP','Payment',NULL),(907,'2020-10-23',3,9,2,26,'VIM KATTA','Payment',NULL),(908,'2020-10-23',3,51,2,2125,'25 BAR','Payment',NULL),(909,'2020-10-23',3,55,2,150,'PANCHAR BIKE','Payment',NULL),(910,'2020-10-23',3,49,2,320,' FULL TANK','Payment',NULL),(911,'2020-10-23',3,65,2,1500,'PUNNAKKAYAL','Payment',NULL),(912,'2020-10-23',3,11,2,1000,'DRIVER BY HAND','Payment',NULL),(913,'2020-10-23',3,41,2,855,'FOOD &ICE& PANDI DRIVER 100','Payment',NULL),(914,'2020-10-23',3,16,2,100000,'HANEEFA A/C TRANSFER MARCKET FISH','Payment',NULL),(915,'2020-10-25',3,71,2,100000,'CAPITAL FOR MARCKET FISH	','Receipt',NULL),(919,'2020-10-25',3,43,2,89,'GROCERY','Payment',NULL),(920,'2020-10-25',3,51,2,850,'10 ICE','Payment',NULL),(921,'2020-10-25',3,16,2,100000,'TRANSFER HANEEFA A/C','Payment',NULL),(922,'2020-10-25',3,4,2,100,'MEDICINE','Payment',NULL),(923,'2020-10-25',3,43,2,347,'GROCERY ','Payment',NULL),(938,'2020-10-20',3,63,2,22000,'BAVA CASH BY HAND JAMAL','Receipt',NULL),(939,'2020-10-20',3,63,2,99000,'BNGLR CASH TRANSFER NMH A/C ','Receipt',NULL),(940,'2020-10-20',3,8,2,25000,'ROTATION FOR AIRWAYS PAYMENT','Receipt',NULL),(941,'2020-10-20',3,21,2,30000,'ROTATION FOR AIRWAYS PAYMENT','Receipt',NULL),(945,'2020-10-28',3,43,2,562,'ALL','Payment',NULL),(946,'2020-10-28',3,65,2,1690,'DIESEL & TEA','Payment',NULL),(962,'2020-10-26',3,70,2,2000,'PUNNAKKAYAL DIESEL','Receipt',NULL),(963,'2020-10-26',3,70,2,5250,'BNGLR DIESEL','Receipt',NULL),(964,'2020-10-28',3,63,2,25000,'NMH A/C RECIVED','Receipt',NULL),(981,'2020-10-26',3,4,2,1000,'NATTIL POYAPPOL','Payment',NULL),(982,'2020-10-26',3,43,2,448,'FOOD &PACKING TEA ','Payment',NULL),(983,'2020-10-26',3,48,2,2500,'1500+1000 OLD CASH','Payment',NULL),(984,'2020-10-26',3,51,2,1700,'20 ICE','Payment',NULL),(985,'2020-10-27',3,43,2,982,'FOOD &GROCERY & CHICKEN ETC.....','Payment',NULL),(986,'2020-10-27',3,41,2,17,'PEN','Payment',NULL),(987,'2020-10-27',3,8,2,10,'','Payment',NULL),(988,'2020-10-27',3,54,2,4650,'TYRE CHAINGE 4400+150+100','Payment',NULL),(989,'2020-10-27',3,2,2,1730,'PHON REPARING & REACHARGE','Payment',NULL),(990,'2020-10-27',3,55,2,350,'PETROL','Payment',NULL),(991,'2020-10-27',3,48,2,1500,'4 AALUKAL','Payment',NULL),(992,'2020-10-27',3,51,2,1270,'15 ICE','Payment',NULL),(993,'2020-10-27',3,67,2,4969,'KARAENT BILL','Payment',NULL),(1003,'2020-10-30',3,41,2,440,'GLOVES & BANDAGE & WIPER KAMBI','Payment',NULL),(1004,'2020-10-30',3,6,2,270,'HOME APPOL','Payment',NULL),(1005,'2020-10-30',3,2,2,190,'PASTE ETC..','Payment',NULL),(1006,'2020-10-30',3,43,2,514,'TEA &GROCERY','Payment',NULL),(1007,'2020-10-30',3,41,2,200,'HOSPITAL EXP','Payment',NULL),(1008,'2020-10-31',3,40,2,11500,'BOX  LORRY FRIGHT CHARGE','Payment',NULL),(1009,'2020-10-31',3,48,2,1500,'4 LADY','Payment',NULL),(1010,'2020-10-31',3,51,2,850,'10 ICE','Payment',NULL),(1011,'2020-10-31',3,49,2,350,'FULL TANK','Payment',NULL),(1012,'2020-10-31',3,54,2,200,'PUNCHAR ','Payment',NULL),(1013,'2020-10-31',3,43,2,867,'FOOD &PACKING TEA & GROCERY','Payment',NULL),(1020,'2020-11-01',3,43,2,1402,'GROCERY & FOOD &ETC...','Payment',NULL),(1021,'2020-11-01',3,9,2,2582,'ROOM RENT &GROCERY ITEM','Payment',NULL),(1022,'2020-11-01',3,41,2,250,'MARKER','Payment',NULL),(1023,'2020-11-01',3,6,2,2625,'ROOM RENT','Payment',NULL),(1024,'2020-11-01',3,6,2,2091,'PURCHASE FAMILY','Payment',NULL),(1025,'2020-11-01',3,2,2,2683,'ROOM RENT & GROCERY ','Payment',NULL),(1028,'2020-11-02',3,49,2,250,'PETROL','Payment',NULL),(1029,'2020-11-02',3,54,2,100,'PUNCHAR','Payment',NULL),(1030,'2020-11-02',3,55,2,100,'PUNCHAR','Payment',NULL),(1031,'2020-11-02',3,51,2,680,' 8','Payment',NULL),(1032,'2020-11-02',3,8,2,400,'NATTIL POKUMBOL','Payment',NULL),(1033,'2020-11-02',3,43,2,300,'GROCERY  & FOOD','Payment',NULL),(1039,'2020-11-03',3,43,2,89,'GROCEY','Payment',NULL),(1040,'2020-11-03',3,49,2,100,'PETROL','Payment',NULL),(1041,'2020-11-03',3,43,2,381,'SUPERMARCKRT','Payment',NULL),(1042,'2020-11-03',3,2,2,51,'SURF PODI','Payment',NULL),(1043,'2020-11-03',3,41,2,9,'STAPLAIR PIN','Payment',NULL),(1044,'2020-11-03',3,43,2,1250,'VELICHENNA NAADU','Payment',NULL),(1045,'2020-11-04',3,2,2,150,'','Payment',NULL),(1046,'2020-11-04',3,43,2,430,'GROCERY & FOOD','Payment',NULL),(1047,'2020-11-04',3,6,2,400,'CHERUPU &TISSU ETC...','Payment',NULL),(1048,'2020-11-04',3,41,2,70,'MEDICINE','Payment',NULL),(1049,'2020-11-04',3,54,2,10,'AIR FILLING','Payment',NULL),(1050,'2020-11-04',3,43,2,1420,'YARA BILL NAD','Payment',NULL),(1051,'2020-11-04',3,51,2,850,'10 ICE','Payment',NULL),(1085,'2020-11-05',3,4,2,178,'TRAIN TICKET JAMAL A/C','Payment',NULL),(1086,'2020-11-05',3,41,2,270,'MANU TRAVELING EXP','Payment',NULL),(1087,'2020-11-05',3,51,2,680,'8 ICE','Payment',NULL),(1088,'2020-11-05',3,2,2,60,'CA','Payment',NULL),(1089,'2020-11-05',3,9,2,91,'VELLAM','Payment',NULL),(1090,'2020-11-05',3,41,2,800,'TULAAS REPAIR BIG BATTERY CHAING ETC....','Payment',NULL),(1091,'2020-11-05',3,51,2,1000,'10 BAR ICE','Payment',NULL),(1092,'2020-11-05',3,43,2,125,'GROCERY &','Payment',NULL),(1093,'2020-11-05',3,54,2,1500,'TYRE CHAING & ALIGNMENT','Payment',NULL),(1094,'2020-11-05',3,53,2,4300,'TYRE  CHINGE APPOLO','Payment',NULL),(1095,'2020-11-05',3,65,2,200,'NAGERCOIL ','Payment',NULL),(1096,'2020-11-05',3,43,2,75,'TEA NAGER COIL ','Payment',NULL),(1153,'2020-11-08',3,51,2,510,'6 ICE','Payment',NULL),(1154,'2020-11-08',3,43,2,485,'GROCERY & ','Payment',NULL),(1155,'2020-11-08',3,41,2,428,'TIDE & ','Payment',NULL),(1156,'2020-11-08',3,2,2,402,'FMLY EXP','Payment',NULL),(1157,'2020-11-08',3,2,2,26,'SOAP','Payment',NULL),(1190,'2020-11-07',3,43,2,872,'CHICKEN &GROCERY  & food etc...+','Payment',NULL),(1191,'2020-11-07',3,49,2,200,'PETROL','Payment',NULL),(1192,'2020-11-07',3,51,2,850,'10 BAR','Payment',NULL),(1193,'2020-11-07',3,41,2,2480,'NET PURCHASE NAD','Payment',NULL),(1194,'2020-11-10',3,51,2,680,'8 ICE','Payment',NULL),(1195,'2020-11-10',3,43,2,784,'GROCERY & TEA','Payment',NULL),(1196,'2020-11-10',3,2,2,106,'SOAP ITEM','Payment',NULL),(1209,'2020-11-11',3,21,2,3000,'EMERGENCY NATTIL POYADU','Payment',NULL),(1210,'2020-11-11',3,51,2,1275,'15 ICE','Payment',NULL),(1211,'2020-11-11',3,43,2,441,'FOOD & PACKING TEA &TEA','Payment',NULL),(1212,'2020-11-11',3,48,2,1500,'4 LADY & AUTO','Payment',NULL),(1213,'2020-11-11',3,10007,2,15000,'PRATHAB PERSONAL AC BY HANEEFA','Payment',NULL),(1215,'2020-10-29',3,43,2,1751,'GROCERY &CHICKEN &ETC...','Payment',NULL),(1216,'2020-10-29',3,54,2,80,'PANCHAR','Payment',NULL),(1217,'2020-10-29',3,53,2,4747,'40000 KM SERVICE OIL CHAING BARIBG ETC..','Payment',NULL),(1218,'2020-10-29',3,41,2,1550,'TOOL EQUPMENT AIR','Payment',NULL),(1219,'2020-10-29',3,41,2,850,'WEIGHT MECHINE SERVICE','Payment',NULL),(1220,'2020-10-29',3,41,2,50,'MEDICINE','Payment',NULL),(1221,'2020-10-29',3,2,2,20,'COURIYAR CHARGE','Payment',NULL),(1222,'2020-10-29',3,41,2,40,'PARKING NCJ DOST','Payment',NULL),(1223,'2020-11-06',3,6,2,7000,'BALANCE CASH','Payment',NULL),(1224,'2020-11-06',3,9,2,50,'MUTTAYI BNGLR','Payment',NULL),(1225,'2020-11-06',3,43,2,436,'GROCERY','Payment',NULL),(1226,'2020-11-06',3,43,2,912,'FOOD & PACKING TEA & ETC....','Payment',NULL),(1227,'2020-11-06',3,49,2,200,'PETROL','Payment',NULL),(1228,'2020-11-06',3,48,2,1500,'4 LADYES','Payment',NULL),(1229,'2020-11-06',3,51,2,850,'10 ICE','Payment',NULL),(1230,'2020-11-12',3,43,2,611,'GTROCERY & TEA','Payment',NULL),(1231,'2020-11-12',3,41,2,289,'WATER CAN NEW & KATRIKA','Payment',NULL),(1232,'2020-11-12',3,2,2,1060,'FOR FMLY','Payment',NULL),(1240,'2020-11-13',3,2,2,700,'PURCHASE','Payment',NULL),(1241,'2020-11-13',3,43,2,382,'CHICKEN & GROCERY & TEA','Payment',NULL),(1242,'2020-11-13',3,6,2,99,'FROOTS GOING TIME','Payment',NULL),(1243,'2020-11-13',3,49,2,200,'PETROL','Payment',NULL),(1244,'2020-11-14',3,51,2,850,'10 ICE','Payment',NULL),(1245,'2020-11-14',3,65,2,1000,'BOLERO ','Payment',NULL),(1246,'2020-11-14',3,43,2,105,'TEA  EXP','Payment',NULL),(1247,'2020-11-14',3,65,2,3850,'ATL TO KANYAKUMARI  ANAS','Payment',NULL),(1248,'2020-11-14',3,54,2,2100,'FOR NAD ANAS ','Payment',NULL),(1249,'2020-11-14',3,43,2,403,'ATL TO CAPE  FOOD EXP','Payment',NULL),(1250,'2020-11-14',3,43,2,770,'SUHRA MILL NAD ARI PODI','Payment',NULL),(1251,'2020-11-14',3,3,2,570,'TRACK PANT FOR NAD','Payment',NULL),(1252,'2020-11-14',3,4,2,1757,'SHOPPING THESNI HOME','Payment',NULL),(1253,'2020-11-14',3,41,2,850,'CHARCHOL NAD','Payment',NULL),(1254,'2020-11-14',3,41,2,5700,'15 MEEN BOX BUYING CLT','Payment',NULL),(1255,'2020-11-15',3,43,2,797,'CHICKEN & GROCERY & TEA ....','Payment',NULL),(1256,'2020-11-15',3,6,2,120,'ONLINE PURCHASE SPRAY','Payment',NULL),(1257,'2020-11-15',3,6,2,180,'ONLINE PURCHASE WATCH GASE','Payment',NULL),(1263,'2020-11-17',3,43,2,200,'TEA','Payment',NULL),(1264,'2020-11-17',3,9,2,332,'TEA FOR RAYAN PACK','Payment',NULL),(1265,'2020-11-17',3,2,2,400,'TISSU &BOATLE','Payment',NULL),(1266,'2020-11-17',3,4,2,560,'TISSU &PURCHASE NAD','Payment',NULL),(1267,'2020-11-17',3,9,2,160,'TISSU','Payment',NULL),(1268,'2020-11-17',3,6,2,160,'TISSUE','Payment',NULL),(1269,'2020-11-17',3,41,2,393,'KATTI &MARKER INK TISSU & BOOK','Payment',NULL),(1270,'2020-11-18',3,43,2,950,'GROCERY & TEA','Payment',NULL),(1271,'2020-11-18',3,65,2,100,'','Payment',NULL),(1272,'2020-11-19',3,43,2,243,'TEA &GROCERY','Payment',NULL),(1273,'2020-11-19',3,41,2,900,'TRAAS SERVICE','Payment',NULL),(1274,'2020-11-19',3,51,2,680,' 8 ICE','Payment',NULL),(1275,'2020-11-19',3,41,2,450,' water stand dost','Payment',NULL),(1276,'2020-11-19',3,41,2,20,'PVC PAIPE TEA','Payment',NULL),(1277,'2020-11-19',3,4,2,20,'BRUSH','Payment',NULL),(1284,'2020-11-20',3,43,2,998,'GROCERY','Payment',NULL),(1285,'2020-11-20',3,9,2,800,'ONLINE PURCHASE','Payment',NULL),(1286,'2020-11-20',3,49,2,200,'','Payment',NULL),(1287,'2020-11-20',3,2,2,100,'FOR FMLY','Payment',NULL),(1295,'2020-11-16',3,41,2,600,'PRINTER SERVICE','Payment',NULL),(1296,'2020-11-16',3,51,2,1700,'20 ICE','Payment',NULL),(1297,'2020-11-16',3,43,2,1380,'GAS FILLING','Payment',NULL),(1298,'2020-11-16',3,43,2,368,'FOOD','Payment',NULL),(1299,'2020-11-16',3,41,2,18000,'MEEN BOX PAYMENT CLT','Payment',NULL),(1300,'2020-11-16',3,48,2,1500,'4 LADIES & AUTO','Payment',NULL),(1301,'2020-11-21',3,43,2,448,'CHICKEN &WATER CAN','Payment',NULL),(1302,'2020-11-21',3,51,2,680,'8 ICE','Payment',NULL),(1303,'2020-11-21',3,43,2,717,'FOOD & GROCERY','Payment',NULL),(1312,'2020-11-22',3,49,2,100,'','Payment',NULL),(1313,'2020-11-22',3,2,2,20,'choclate','Payment',NULL),(1314,'2020-11-22',3,41,2,200,'SALT ','Payment',NULL),(1315,'2020-11-22',3,43,2,120,'TEA','Payment',NULL),(1316,'2020-11-22',3,43,2,360,'FODD','Payment',NULL),(1322,'2020-11-23',3,2,2,280,'FOR FMLY','Payment',NULL),(1323,'2020-11-23',3,41,2,500,'GLOVES','Payment',NULL),(1324,'2020-11-23',3,51,2,1275,'15 ICE','Payment',NULL),(1325,'2020-11-23',3,48,2,1800,'5 LADIES ','Payment',NULL),(1326,'2020-11-23',3,43,2,524,'PACKING TEA &FOOD ','Payment',NULL),(1330,'2020-11-24',3,43,2,1036,'GROCERY','Payment',NULL),(1331,'2020-11-24',3,41,2,114,'BLEACHING POWDER','Payment',NULL),(1332,'2020-11-24',3,43,2,520,'FOOD ','Payment',NULL),(1339,'2020-11-25',3,43,2,310,'GROCERY & TEA','Payment',NULL),(1340,'2020-11-25',3,41,2,10,'BOLT WELDING','Payment',NULL),(1341,'2020-11-25',3,49,2,240,'PETROL','Payment',NULL),(1344,'2020-11-17',3,9,2,17550,'ROTATION FOR EXPENCES ','Receipt',NULL),(1359,'2020-11-27',3,43,2,955,'FOOD &GROCERY &ETC...','Payment',NULL),(1360,'2020-11-27',3,51,2,400,'5 ICE','Payment',NULL),(1361,'2020-11-27',3,65,2,500,'','Payment',NULL),(1362,'2020-11-27',3,4,2,100,'MEDICINE','Payment',NULL),(1363,'2020-11-27',3,3,2,370,'PARTY CHICKEN','Payment',NULL),(1366,'2020-11-28',3,43,2,400,'GROCERY &FOOD','Payment',NULL),(1367,'2020-11-28',3,51,2,560,'7 ICE','Payment',NULL),(1370,'2020-11-30',3,43,2,659,'GROCERY & FOOD ','Payment',NULL),(1379,'2020-12-02',3,43,2,1260,'GROCERY&TEA&SUPER MARKET','Payment',NULL),(1380,'2020-12-02',3,51,2,1020,'','Payment',NULL),(1381,'2020-12-02',3,65,2,500,'DIESEL','Payment',NULL),(1385,'2020-12-05',3,43,2,224,'TEA&GROCERY','Payment',NULL),(1396,'2020-12-10',3,7,2,200,'MANU','Payment',NULL),(1397,'2020-12-10',3,43,2,104,'TEA&FOOD','Payment',NULL),(1398,'2020-12-10',3,7,2,160,'FOOD','Payment',NULL),(1399,'2020-12-10',3,4,2,270,'HEADSET&FOOD','Payment',NULL),(1400,'2020-12-10',3,5,2,100,'FOOD','Payment',NULL),(1401,'2020-12-10',3,3,2,100,'FOOD','Payment',NULL),(1402,'2020-12-10',3,8,2,100,'FOOD','Payment',NULL),(1416,'2020-12-07',3,43,2,648,'TEA&GROCERY&FOOD','Payment',NULL),(1417,'2020-12-07',3,7,2,255,'','Payment',NULL),(1418,'2020-12-07',3,65,2,1000,'DIESEL','Payment',NULL),(1419,'2020-12-07',3,41,2,144,'HOSPITAL','Payment',NULL),(1420,'2020-12-04',3,43,2,822,'SUPERMARKET&TEA&GROCERY','Payment',NULL),(1421,'2020-12-04',3,48,2,2250,'PACKING CHARGE&DRIVER','Payment',NULL),(1422,'2020-12-04',3,21,2,800,'','Payment',NULL),(1423,'2020-12-03',3,43,2,691,'SUPERMARKET&TEA','Payment',NULL),(1424,'2020-12-03',3,41,2,38,'TAG PAIPE','Payment',NULL),(1431,'2020-12-13',3,43,2,355,'SUPERMARKET','Payment',NULL),(1438,'2020-12-16',3,43,2,149,'TEA','Payment',NULL),(1439,'2020-12-16',3,43,2,100,'CHARITTY','Payment',NULL),(1440,'2020-12-17',3,51,2,1700,'20BAR','Payment',NULL),(1441,'2020-12-17',3,43,2,422,'TEA&SUPERMARKET','Payment',NULL),(1446,'2020-12-19',3,43,2,238,'TEA&FOOD','Payment',NULL),(1447,'2020-12-20',3,43,2,1185,'SUPERMARKET&TEA&FOOD','Payment',NULL),(1448,'2020-12-20',3,43,2,80,'JUICE CUP','Payment',NULL),(1449,'2020-12-20',3,43,2,1560,'COCONUT PURCHASE','Payment',NULL),(1457,'2020-12-21',3,43,2,829,'FOOD&SUPERMARKET&TEA','Payment',NULL),(1458,'2020-12-21',3,41,2,80,'RAYILWAY STATION','Payment',NULL),(1459,'2020-12-21',3,9,2,500,'','Payment',NULL),(1470,'2020-12-23',3,43,2,311,'SUPERMARKET&TEA','Payment',NULL),(1471,'2020-12-22',3,43,2,611,'SUPERMARKET','Payment',NULL),(1472,'2020-12-22',3,49,2,300,'PETROL','Payment',NULL),(1473,'2020-12-22',3,51,2,510,'ICE PURCHASE','Payment',NULL),(1474,'2020-12-22',3,41,2,10,'ENDCAP','Payment',NULL),(1475,'2020-12-22',3,7,2,70,'','Payment',NULL),(1476,'2020-12-06',3,49,2,350,'BIKE PETROL ','Payment',NULL),(1477,'2020-12-06',3,43,2,1374,'TEA&GROCERY&FOOD','Payment',NULL),(1478,'2020-12-06',3,8,2,60,'','Payment',NULL),(1479,'2020-12-06',3,4,2,140,'medical ','Payment',NULL),(1480,'2020-12-14',3,51,2,510,'ICE','Payment',NULL),(1481,'2020-12-14',3,43,2,132,'TEA&FOOD','Payment',NULL),(1491,'2020-12-24',3,43,2,556,'TEA&SUPERMARKET&NIGHT FOOD','Payment',NULL),(1492,'2020-12-24',3,9,2,100,'','Payment',NULL),(1493,'2020-12-24',3,51,2,595,'7 block','Payment',NULL),(1494,'2020-12-25',3,43,2,530,'BEEF','Payment',NULL),(1495,'2020-12-25',3,43,2,1102,'SUPERMARKET&GROCERY&FOOD','Payment',NULL),(1496,'2020-12-25',3,9,2,140,'','Payment',NULL),(1497,'2020-12-25',3,49,2,360,'','Payment',NULL),(1498,'2020-12-25',3,7,2,1600,'','Payment',NULL),(1499,'2020-12-25',3,65,2,500,'','Payment',NULL),(1506,'2020-12-27',3,51,2,680,'8 BAR','Payment',NULL),(1507,'2020-12-27',3,43,2,1139,'SUPER MARKET&TEA','Payment',NULL),(1508,'2020-12-27',3,65,2,1500,'','Payment',NULL),(1509,'2020-12-27',3,43,2,510,'CHIKEN','Payment',NULL),(1510,'2020-12-27',3,8,2,200,'','Payment',NULL),(1533,'2020-12-29',3,43,2,547,'GROCERY&FOOD','Payment',NULL),(1543,'2020-12-30',3,49,2,350,'','Payment',NULL),(1544,'2020-12-30',3,43,2,1032,'FOOD&SUPERMARKET&GROCERY','Payment',NULL),(1545,'2020-12-30',3,51,2,510,'6BAR','Payment',NULL),(1546,'2020-12-30',3,8,2,200,'','Payment',NULL),(1557,'2020-12-31',3,43,2,350,'CHICKEN','Payment',NULL),(1558,'2020-12-31',3,43,2,1036,'GROCERY&SUPERMARKET&FOOD','Payment',NULL),(1559,'2020-12-31',3,51,2,680,'8BAR','Payment',NULL),(1560,'2021-01-01',3,49,2,200,'','Payment',NULL),(1561,'2021-01-01',3,21,2,300,'','Payment',NULL),(1562,'2021-01-01',3,3,2,500,'','Payment',NULL),(1563,'2021-01-01',3,43,2,832,'FOOD&TEA&SUPERMARKET','Payment',NULL),(1564,'2021-01-01',3,4,2,630,'CAKE PURCHASED','Payment',NULL),(1567,'2021-01-02',3,43,2,1017,'SUPERMARKET&TEA&FOOD','Payment',NULL),(1568,'2021-01-02',3,51,2,510,'6BAR','Payment',NULL),(1569,'2021-01-02',3,43,2,325,'NIGHT FOOD','Payment',NULL),(1570,'2021-01-03',3,4,2,30,'','Payment',NULL),(1571,'2021-01-03',3,43,2,419,'FOOD&SUPERMARKET','Payment',NULL),(1572,'2021-01-03',3,7,2,100,'','Payment',NULL),(1573,'2021-01-03',3,43,2,20,'TEA','Payment',NULL),(1574,'2021-01-03',3,7,2,1000,'','Payment',NULL),(1575,'2021-01-03',3,9,2,230,'','Payment',NULL),(1576,'2021-01-03',3,3,2,150,'','Payment',NULL),(1577,'2021-01-04',3,21,2,100,'','Payment',NULL),(1578,'2021-01-04',3,49,2,200,'BIKE','Payment',NULL),(1579,'2021-01-04',3,9,2,700,'','Payment',NULL),(1580,'2021-01-04',3,43,2,2586,'TEA&SUPERMARKET&FOOD','Payment',NULL),(1581,'2021-01-04',3,51,2,510,'6BAR','Payment',NULL),(1582,'2021-01-05',3,51,2,850,'10BAR','Payment',NULL),(1583,'2021-01-05',3,43,2,886,'TEA&SUPERMARKET&FOOD','Payment',NULL),(1584,'2021-01-05',3,8,2,650,'','Payment',NULL),(1585,'2021-01-06',3,43,2,581,'FOOD&TEA&SUPERMARKET','Payment',NULL),(1586,'2021-01-06',3,7,2,40,'','Payment',NULL),(1601,'2021-01-07',3,43,2,660,'FOOD','Payment',NULL),(1602,'2021-01-07',3,51,2,600,'8BAR','Payment',NULL),(1603,'2021-01-07',3,51,2,600,'8BAR','Payment',NULL),(1611,'2021-01-08',3,43,2,1203,'FOOD & grocery item','Payment',NULL),(1612,'2021-01-08',3,49,2,350,'PETROL','Payment',NULL),(1613,'2021-01-08',3,8,2,2000,'NATTIL POKUMBOL','Payment',NULL),(1614,'2021-01-08',3,41,2,240,'SPANNER (TOOLS)','Payment',NULL),(1617,'2021-01-09',3,43,2,695,'GROCERY & FOOD','Payment',NULL),(1619,'2021-01-10',3,43,2,1527,'FOOD & GROCERY & CHICKEN','Payment',NULL),(1631,'2021-01-11',3,43,2,1037,'GROCERY & FOOD','Payment',NULL),(1632,'2021-01-11',3,51,2,500,'6 BAR','Payment',NULL),(1633,'2021-01-11',3,65,2,500,'SHABEEB DOST','Payment',NULL),(1634,'2021-01-11',3,7,2,50,'**********','Payment',NULL),(1653,'2021-01-14',3,10,2,1000,'ROTATION FOR EXPENCE','Receipt',NULL),(1676,'2021-01-14',3,2,2,195,'SENSODINE PASTE','Payment',NULL),(1677,'2021-01-14',3,9,2,165,'SENSODINE PASTE','Payment',NULL),(1678,'2021-01-14',3,9,2,100,'PETROL MANAKKUDI','Payment',NULL),(1679,'2021-01-14',3,43,2,503,'FOOD & TEA &GROCERY ','Payment',NULL),(1680,'2021-01-14',3,51,2,340,'4 BAR ICE','Payment',NULL),(1681,'2021-01-14',3,9,2,80,'ICE 1 BAR  RAYAN PACKING.','Payment',NULL),(1682,'2021-01-15',3,10,2,1000,'ROTATION  FOR  DAILY EXP','Receipt',NULL),(1685,'2021-01-15',3,43,2,422,'GROCERYN & FOOD & TEA','Payment',NULL),(1686,'2021-01-15',3,41,2,495,'PAIPE & TAP ','Payment',NULL),(1687,'2021-01-15',3,7,2,200,'RECHARGE  ','Payment',NULL),(1693,'2021-01-17',3,43,2,240,'FOOD & GROCERY','Payment',NULL),(1694,'2021-01-17',3,51,2,340,'4 BAR ICE','Payment',NULL),(1696,'2021-01-17',3,10,2,500,'ROTATION FOR DAILY EXP','Receipt',NULL),(1698,'2021-01-18',3,51,2,680,'8 BAR ICE','Payment',NULL),(1699,'2021-01-18',3,43,2,256,'TEA & FOOD','Payment',NULL),(1704,'2021-01-19',3,43,2,678,'FOOD & GROCERY & TEA','Payment',NULL),(1705,'2021-01-19',3,49,2,200,'RAY ','Payment',NULL),(1706,'2021-01-19',3,21,2,1500,'BATA & PACKING CHARGE PATTU','Payment',NULL),(1707,'2021-01-19',3,5,2,100,'CORN ','Payment',NULL),(1709,'2021-01-12',3,43,2,1105,'FOOD & CHICKEN & GROCERY ','Payment',NULL),(1710,'2021-01-12',3,41,2,65,'GLOVES & ELBOW','Payment',NULL),(1711,'2021-01-12',3,79,2,37000,'MARBLE','Payment',NULL),(1712,'2021-01-12',3,79,2,3670,'PLYWOOD','Payment',NULL),(1713,'2021-01-12',3,79,2,500,'DIESEL','Payment',NULL),(1714,'2021-01-12',3,79,2,1293,'PLUMBING ITEMS','Payment',NULL),(1715,'2021-01-12',3,79,2,5000,'MESRI ADVANCE','Payment',NULL),(1723,'2021-01-12',3,10,2,500,'ROTATION CASH','Receipt',NULL),(1724,'2021-01-12',3,10,2,42463,'ROTATION FOR GODOWN WORK CASH','Receipt',NULL),(1725,'2021-01-12',3,80,2,5000,'SHAREEF KA ROTATION  FOR MESRI ADVANCE','Receipt',NULL),(1726,'2021-01-10',3,80,2,1259,'SHAREEF KA ROTATION FOR DAILY EXP','Receipt',NULL),(1728,'2021-01-09',3,80,2,595,'SHAREEF KA ROTATION FOR DAILY EXP','Receipt',NULL),(1729,'2021-01-07',3,80,2,600,'SHAREEF KA ROTATION FOR DAILY EXP','Receipt',NULL),(1730,'2021-01-06',3,80,2,505,'SHAREEF KA ROTATION FOR DAILY EXP','Receipt',NULL),(1731,'2021-01-05',3,80,2,2366,'SHAREEFKA ROTATION FOR DAILY EXP','Receipt',NULL),(1732,'2021-01-04',3,80,2,3006,'SHAREEF KA ROTATION FOR DAILY EXP','Receipt',NULL),(1734,'2021-01-03',3,80,2,419,'SHAREEF KA ROTATION FOR DAILY EXP','Receipt',NULL),(1735,'2021-01-01',3,80,2,430,'SHAREEFKA ROTATION FOR DAILY EXP','Receipt',NULL),(1736,'2020-12-31',3,80,2,1386,'SHAREEF KA ROTATION FOR DAILY EXP ','Receipt',NULL),(1737,'2021-01-02',3,80,2,806,'SHAREEF KA ROTATION FOR DAILY EX[','Receipt',NULL),(1744,'2021-01-13',3,10,2,8000,'ROTATION FOR ELECTRICITY BILL&OTHER EXP.....','Receipt',NULL),(1745,'2021-01-13',3,10,2,10000,'ROTATION FOR WORK  MESRI ','Receipt',NULL),(1746,'2021-01-16',3,10,2,1000,'ROTATION FOR DAILY EXP','Receipt',NULL),(1747,'2021-01-16',3,10,2,1500,'ROTATION FOR DIESEL TOOTUKUDI ','Receipt',NULL),(1748,'2021-01-16',3,10,2,560,'ROTATION FOR GODWN WORK (KADAPPA) ','Receipt',NULL),(1753,'2021-01-16',3,43,2,551,'FOOD & GROCERY ','Payment',NULL),(1754,'2021-01-16',3,2,2,100,'HOSPITAL BY HAND','Payment',NULL),(1755,'2021-01-16',3,79,2,560,'KADAPPA BUYING','Payment',NULL),(1756,'2021-01-16',3,65,2,1500,'TOOTUKUDI GONE ','Payment',NULL),(1757,'2021-01-13',3,67,2,6482,'ELECRICITY  BILL 6382+100 LAINMAN TIPS ','Payment',NULL),(1758,'2021-01-13',3,44,2,300,'PETROL','Payment',NULL),(1759,'2021-01-13',3,51,2,420,'5 BAR ICE','Payment',NULL),(1760,'2021-01-13',3,43,2,623,'GROCERY &FOOD &TEA &','Payment',NULL),(1761,'2021-01-13',3,41,2,345,'BUCKET & NILE & CIMENT','Payment',NULL),(1762,'2021-01-13',3,79,2,10000,'MESRI ','Payment',NULL),(1768,'2021-01-20',3,78,2,800,'6 MONTH WARRANTY BATTERY & MAIN CABLE CHAINGE','Payment',NULL),(1769,'2021-01-20',3,43,2,385,'GROCERY & TEA & FOOD','Payment',NULL),(1770,'2021-01-20',3,44,2,300,'RAY','Payment',NULL),(1771,'2021-01-20',3,5,2,200,'RECHARGE','Payment',NULL),(1772,'2021-01-20',3,21,2,500,'NATTIL POKUMBOL','Payment',NULL),(1773,'2020-12-15',3,43,2,175,'FOOD&TEA','Payment',NULL),(1774,'2020-12-15',3,49,2,100,'BIKE','Payment',NULL),(1775,'2020-12-15',3,2,2,800,'TRIMMER ONLINE','Payment',NULL),(1776,'2020-12-15',3,51,2,960,'12BLOCK','Payment',NULL),(1782,'2020-11-29',3,49,2,390,'by atm  ','Payment',NULL),(1783,'2020-11-29',3,43,2,650,'TEA &GROCERY& ','Payment',NULL),(1784,'2020-12-01',3,51,2,480,'','Payment',NULL),(1785,'2020-12-01',3,43,2,320,'FOOD ','Payment',NULL),(1786,'2020-12-01',3,7,2,100,'','Payment',NULL),(1787,'2020-12-01',3,41,2,1900,'GAS & REGULATOR','Payment',NULL),(1797,'2020-12-11',3,5,2,600,'','Payment',NULL),(1798,'2020-12-11',3,21,2,350,'','Payment',NULL),(1799,'2020-12-11',3,43,2,374,'TEA&FOOD','Payment',NULL),(1800,'2020-12-11',3,7,2,700,'','Payment',NULL),(1801,'2020-12-11',3,65,2,1000,'ATM','Payment',NULL),(1802,'2020-12-11',3,41,2,300,'TOLL','Payment',NULL),(1803,'2020-12-11',3,43,2,220,'FOOD&TEA','Payment',NULL),(1804,'2020-12-11',3,65,2,500,'DIESEL','Payment',NULL),(1805,'2020-12-11',3,10034,2,4134,'BOLERO SERVICE SHOWROOM ATM','Payment',NULL),(1807,'2020-12-11',3,9,2,5000,'ROTATION BOLERO SERVICE EXP','Receipt',NULL),(1809,'2020-12-08',3,43,2,376,'TEA & FOOD','Payment',NULL),(1813,'2020-12-09',3,43,2,870,'GROCERY&FOOD&TEA','Payment',NULL),(1814,'2020-12-09',3,51,2,480,'ICE','Payment',NULL),(1815,'2020-12-09',3,43,2,153,'TEA & GROCERY','Payment',NULL),(1823,'2020-12-12',3,51,2,560,'','Payment',NULL),(1824,'2020-12-12',3,1,2,562,'FOOD & GROCERY','Payment',NULL),(1825,'2020-12-12',3,21,2,2800,'NATTIL POKUMPOL','Payment',NULL),(1832,'2020-12-18',3,43,2,240,'FOOD&SUPERMAKET','Payment',NULL),(1833,'2020-12-18',3,48,2,1500,'PACKING CHARGE&TEA','Payment',NULL),(1834,'2020-12-18',3,51,2,1700,'20 BAR','Payment',NULL),(1835,'2020-12-18',3,2,2,2000,'EMERGENCY NAATTIL POKUMBOL','Payment',NULL),(1836,'2020-12-18',3,43,2,235,'PACKING TEA','Payment',NULL),(1837,'2020-12-18',3,49,2,440,'2 BIKE','Payment',NULL),(1838,'2020-12-28',3,43,2,1603,'GROCERY&FOOD&SUPERMARKET','Payment',NULL),(1839,'2020-12-28',3,48,2,900,'2 LABOUR & AUTO CHARGE','Payment',NULL),(1840,'2020-12-28',3,8,2,400,'','Payment',NULL),(1841,'2020-12-28',3,51,2,1105,'13BAR','Payment',NULL),(1842,'2020-12-28',3,9,2,420,'','Payment',NULL),(1849,'2021-01-21',3,55,2,330,'PUNCHAR & TUBE CHAINGE RAY','Payment',NULL),(1850,'2021-01-21',3,43,2,578,'FOOD & GROCERY &TEA MESRI WORKERS','Payment',NULL),(1851,'2021-01-21',3,79,2,300,'FOOD ','Payment',NULL),(1852,'2021-01-21',3,79,2,410,'CEMENT','Payment',NULL),(1853,'2021-01-21',3,51,2,425,'5 BAR ICE','Payment',NULL),(1854,'2021-01-21',3,7,2,500,'ELYAS VANNA TIME','Payment',NULL),(1855,'2021-01-22',3,43,2,771,'TEA & GROCERY && CHICKEN','Payment',NULL),(1856,'2021-01-22',3,79,2,500,'300 FOOD & 200 GOING TIME','Payment',NULL),(1857,'2021-01-22',3,2,2,455,'TICKET & FOOD','Payment',NULL),(1858,'2021-01-22',3,7,2,200,'KATTA ','Payment',NULL),(1859,'2021-01-22',3,5,2,100,'KATTA','Payment',NULL),(1860,'2021-01-22',3,79,2,10000,'CASH KODUTTU','Payment',NULL),(1861,'2021-01-22',3,79,2,95,'KALLU','Payment',NULL),(1862,'2021-01-22',3,10,2,10000,'ROTATION CASH FOR WORK GODOWN ','Receipt',NULL),(1869,'2021-01-23',3,51,2,425,'5 BAR','Payment',NULL),(1870,'2021-01-23',3,49,2,200,'RAY ','Payment',NULL),(1871,'2021-01-23',3,43,2,139,'TEA & GROCERY','Payment',NULL),(1872,'2021-01-23',3,43,2,184,'NIGHT FOOD','Payment',NULL),(1873,'2020-09-28',3,43,2,407,'FOOD &GROCERY &MILK','Payment',NULL),(1874,'2020-09-28',3,53,2,3205,'CO SERVICE','Payment',NULL),(1875,'2020-09-28',3,21,2,2500,'BATA FOR BANGLORE','Payment',NULL),(1876,'2020-09-28',3,9,2,2500,'BATA FOR BANGLORE','Payment',NULL),(1877,'2020-09-28',3,65,2,1000,'DOST SHBEEB ','Payment',NULL),(1878,'2020-09-28',3,63,2,11700,'RUNNIG BANGLORE  FOOD DIESEL&TOLL ETC...	','Payment',NULL),(1879,'2020-09-28',3,63,2,910,'ICE BANGALORE','Payment',NULL),(1880,'2020-09-28',3,63,2,8050,'RENT CAR & PETROL & ETC....','Payment',NULL),(1892,'2020-11-11',3,63,2,15000,'FOR PRATHAB PERSONAL AC FROM MARCKET FISH 	','Receipt',NULL),(1893,'2020-11-26',3,43,2,520,'CHICKEN & GROCERY','Payment',NULL),(1894,'2020-11-26',3,41,2,370,'PIPE PLUMBING ITEM','Payment',NULL),(1895,'2020-11-26',3,41,2,653,'CLAMB &PIPE ETC...','Payment',NULL),(1896,'2020-11-26',3,43,2,360,'YARA BILL NAD','Payment',NULL),(1897,'2020-11-26',3,43,2,310,'FOOD NIGHT','Payment',NULL),(1898,'2020-11-26',3,9,2,5000,'FOR CRETA VANNA EXP FOR RISWAN &RAFEEKH','Payment',NULL),(1899,'2020-12-26',3,43,2,480,'SUPERMARKET&GROCERY&TEA','Payment',NULL),(1900,'2020-12-26',3,51,2,400,'5BLOCK','Payment',NULL),(1901,'2020-12-26',3,65,2,2000,'TUTUKUDI RISWAN&ANAS','Payment',NULL),(1902,'2020-12-26',3,43,2,2400,'RICE BUY FOR NAD SHEREEFKA','Payment',NULL),(1913,'2020-11-09',3,43,2,104,'TEA','Payment',NULL),(1914,'2020-11-09',3,41,2,6404,'ATL TO CAPE EXP ALL ','Payment',NULL),(1915,'2020-11-09',3,10034,2,1650,'TAMIL NADU PERMIT','Payment',NULL),(1916,'2020-11-09',3,41,2,595,'HOSPITAL HANEEFA','Payment',NULL),(1917,'2020-11-09',3,49,2,200,'PETROL','Payment',NULL),(1918,'2020-11-09',3,10034,2,113,' HORN FITTING','Payment',NULL),(1919,'2020-11-09',3,4,2,1600,'FOOD FOR MARRIAGE PARTY','Payment',NULL),(1920,'2020-11-09',3,43,2,100,'JUICE ','Payment',NULL),(1921,'2020-11-09',3,63,2,100000,'JEROM MARCKET FISH PAYMENT','Payment',NULL),(1922,'2020-11-09',3,2,2,50,'FMLY','Payment',NULL),(1923,'2021-01-24',3,7,2,500,'SPRAY ETCC','Payment',NULL),(1924,'2021-01-24',3,43,2,290,'TEA & GROCERY','Payment',NULL),(1925,'2021-01-25',3,51,2,320,'4 BAR ICE','Payment',NULL),(1926,'2021-01-25',3,7,2,2000,'NATTIL POKUMBOL','Payment',NULL),(1927,'2021-01-25',3,65,2,1000,'DOST TNGPTNM','Payment',NULL),(1928,'2021-01-25',3,51,2,400,' 5 ICE','Payment',NULL),(1929,'2021-01-25',3,43,2,614,'GROCERY & FOOD','Payment',NULL),(1930,'2021-01-26',3,51,2,680,'8 BAR ICE','Payment',NULL),(1931,'2021-01-26',3,41,2,35,'MEDICINE','Payment',NULL),(1932,'2021-01-26',3,43,2,783,'GROCERY & FOOD ','Payment',NULL),(1937,'2021-01-27',3,51,2,680,'8 BAR ICE','Payment',NULL),(1938,'2021-01-27',3,49,2,200,'','Payment',NULL),(1939,'2021-01-27',3,43,2,834,'FOOD & GROCERY','Payment',NULL),(1940,'2021-01-27',3,9,2,1000,'RISWAN NATTIL POKUMBOL WITH TNGL','Payment',NULL),(1943,'2021-01-28',3,43,2,337,'GROCERY & TEA','Payment',NULL),(1944,'2021-01-28',3,51,2,850,'10 BAR ICE','Payment',NULL),(1947,'2021-01-29',3,43,2,189,'GROCERY & TEA','Payment',NULL),(1948,'2021-01-29',3,51,2,680,'8 BAR ICE','Payment',NULL),(1952,'2021-01-31',3,43,2,80,'TEA','Payment',NULL),(1965,'2021-02-01',3,49,2,200,'','Payment',NULL),(1966,'2021-02-01',3,51,2,2295,'27 ICE','Payment',NULL),(1967,'2021-02-01',3,43,2,625,'GROCERY & FOOD','Payment',NULL),(1968,'2021-02-01',3,48,2,1550,'PACKING CHARGE 4 & AUTO','Payment',NULL),(1969,'2021-02-01',3,52,2,20,'AIR CHECK','Payment',NULL),(1970,'2021-02-01',3,41,2,200,'JEROM DRIVER','Payment',NULL),(1974,'2021-01-30',3,41,2,280,'SALT','Payment',NULL),(1975,'2021-01-30',3,43,2,634,'GROCERY & TEA & FOOD','Payment',NULL),(1976,'2021-01-30',3,51,2,1700,'20 ICE','Payment',NULL),(1977,'2021-02-02',3,43,2,1205,'CHICKEN &GROCERY & FOOD','Payment',NULL),(1978,'2021-02-02',3,41,2,1140,'GLOVES','Payment',NULL),(1979,'2021-02-02',3,41,2,412,'PLASTER OF PARIS & GUN SOCKET','Payment',NULL),(1980,'2021-02-02',3,41,2,100,'WELDER PATTU','Payment',NULL),(1981,'2021-02-02',3,51,2,850,'10 ICE BAR','Payment',NULL),(1984,'2021-02-02',3,10,2,5000,'ROTATION CASH DAILY EXP','Receipt',NULL),(1985,'2021-02-02',3,80,2,2117,'SHAREEFKA ROTATE','Receipt',NULL),(1991,'2021-02-03',3,49,2,200,'','Payment',NULL),(1992,'2021-02-03',3,43,2,832,'GROCERY & FOOD ','Payment',NULL),(1993,'2021-02-03',3,79,2,13795,'WELDING ITEMS  ','Payment',NULL),(1999,'2021-02-03',3,10,2,10000,'ROTATION  WELDING ITEMS','Receipt',NULL),(2011,'2021-02-04',3,51,2,510,'6 BAR ICE','Payment',NULL),(2012,'2021-02-04',3,43,2,437,'grocery  & TEA','Payment',NULL),(2013,'2021-02-04',3,65,2,1000,'BOLERO','Payment',NULL),(2014,'2021-02-04',3,79,2,130,'WELDING ITEM','Payment',NULL),(2015,'2021-02-04',3,41,2,1150,'LIVER HYTROLIK ','Payment',NULL),(2016,'2021-02-04',3,44,2,100,'BIKE','Payment',NULL),(2017,'2021-02-04',3,5,2,20,'','Payment',NULL),(2018,'2021-02-04',3,79,2,50,'WELDER RAFEEKH PATTU','Payment',NULL),(2035,'2021-02-05',3,43,2,1064,'FOOD & GROCERY &CHICKEN','Payment',NULL),(2036,'2021-02-05',3,79,2,14736,'WELDING  ITEM ','Payment',NULL),(2037,'2021-02-05',3,44,2,200,'BIKE PETROL','Payment',NULL),(2038,'2021-02-05',3,79,2,50,'WELDER RAFEEKH  PATTU ','Payment',NULL),(2039,'2021-02-05',3,21,2,250,'TRAIN TICKET CASH','Payment',NULL),(2040,'2021-02-05',3,4,2,1000,'NATTIL POKUMBOL HANEEFA TRANSFER','Payment',NULL),(2041,'2021-02-05',3,8,2,1000,'NATTIL POKUMBOL HANEEFA TRANSFER','Payment',NULL),(2050,'2021-02-06',3,43,2,1031,'FOOD & GROCERY & ETC...','Payment',NULL),(2051,'2021-02-06',3,79,2,15160,'WELDING ITEM & WAIRING ITEM','Payment',NULL),(2052,'2021-02-06',3,41,2,400,'HOSPITAL MUBASHIR DENTAL','Payment',NULL),(2053,'2021-02-06',3,5,2,100,'RECHARGE MAY BE','Payment',NULL),(2054,'2021-02-07',3,43,2,1274,'GROCERY & FOOD & ETC...','Payment',NULL),(2055,'2021-02-07',3,79,2,100,'WELDING ITEM SCREW','Payment',NULL),(2056,'2021-02-07',3,5,2,500,'NATTIL POKUMPOL','Payment',NULL),(2057,'2021-02-07',3,9,2,1000,'NATTIL POKUMPOL','Payment',NULL),(2058,'2021-02-07',3,65,2,500,'DOST SHABEEB DIESEL','Payment',NULL),(2059,'2021-02-07',3,21,2,153,'TRAIN TICKET','Payment',NULL),(2060,'2021-02-07',3,41,2,305,'TRAIN TICKET RAFEEKH & MUBASHIR','Payment',NULL),(2061,'2021-02-07',3,51,2,850,'10 ICE','Payment',NULL),(2062,'2021-02-07',3,9,2,458,'TRAIN TICKET  ONLINE','Receipt',NULL),(2065,'2021-02-08',3,43,2,248,'GROCERY & FOOD','Payment',NULL),(2066,'2021-02-08',3,51,2,425,'5 ice','Payment',NULL),(2067,'2021-02-08',3,10,2,200,'ROTATION DAILY EXP','Receipt',NULL),(2069,'2021-02-09',3,43,2,38,'TEA','Payment',NULL),(2070,'2021-02-09',3,10,2,38,'ROTATION CASH DAILY EXP','Receipt',NULL),(2072,'2021-02-10',3,43,2,169,'GROCERY','Payment',NULL),(2073,'2021-02-10',3,49,2,200,'','Payment',NULL),(2074,'2021-02-10',3,51,2,510,'6 BAR ICE','Payment',NULL),(2075,'2021-02-10',3,10,2,200,'ROTATOIN PETROL BIKE','Receipt',NULL),(2076,'2021-02-10',3,10,2,1000,'ROTATION WITHDRAW SAKEER BANK AC ','Receipt',NULL),(2079,'2021-02-05',3,10,2,920,'ROTATION CASH DAILY EXP','Receipt',NULL),(2080,'2021-02-05',3,9,2,100,'ROTATION DAILY EXP','Receipt',NULL),(2083,'2021-02-11',3,43,2,275,'GROCERY & FOOD','Payment',NULL),(2084,'2021-02-11',3,43,2,122,'GROCERY','Payment',NULL),(2094,'2021-02-12',3,51,2,590,'7 BAR ICE','Payment',NULL),(2095,'2021-02-12',3,43,2,330,'FOOD','Payment',NULL),(2096,'2021-02-12',3,65,2,1500,'DIESEL VIZHINJAM','Payment',NULL),(2097,'2021-02-12',3,41,2,50,'POLICE VIZHINJAM','Payment',NULL),(2098,'2021-02-12',3,41,2,151,'MODEM RECHARGE','Payment',NULL);
/*!40000 ALTER TABLE `z_account_voucher` ENABLE KEYS */;
UNLOCK TABLES;

--
-- Table structure for table `z_ledger_group`
--

DROP TABLE IF EXISTS `z_ledger_group`;
/*!40101 SET @saved_cs_client     = @@character_set_client */;
/*!50503 SET character_set_client = utf8mb4 */;
CREATE TABLE `z_ledger_group` (
  `id_ledger_group` int NOT NULL AUTO_INCREMENT,
  `name` varchar(100) NOT NULL,
  PRIMARY KEY (`id_ledger_group`)
) ENGINE=MyISAM AUTO_INCREMENT=10004 DEFAULT CHARSET=latin1;
/*!40101 SET character_set_client = @saved_cs_client */;

--
-- Dumping data for table `z_ledger_group`
--

LOCK TABLES `z_ledger_group` WRITE;
/*!40000 ALTER TABLE `z_ledger_group` DISABLE KEYS */;
INSERT INTO `z_ledger_group` VALUES (1,'OTHER'),(2,'SUPPLIER'),(3,'STAFF'),(4,'PURCHASE EXPENSES'),(5,'ACCOUNT'),(6,'INVOICE EXPENSES'),(7,'CONSIGNER'),(8,'CONSIGNEE'),(9,'PARTNER'),(10000,'AIRWAYS'),(10,'FREIGHT EXPENSES'),(11,'DAILY EXPENSES'),(10001,'OTHER INCOME'),(10002,'CAPITAL'),(10003,'CAPITAL');
/*!40000 ALTER TABLE `z_ledger_group` ENABLE KEYS */;
UNLOCK TABLES;

--
-- Table structure for table `z_payroll`
--

DROP TABLE IF EXISTS `z_payroll`;
/*!40101 SET @saved_cs_client     = @@character_set_client */;
/*!50503 SET character_set_client = utf8mb4 */;
CREATE TABLE `z_payroll` (
  `id_payroll` int NOT NULL AUTO_INCREMENT,
  `id_account_head` int NOT NULL,
  `type` varchar(100) DEFAULT NULL,
  `date` datetime DEFAULT NULL,
  `amount` double DEFAULT NULL,
  `remarks` varchar(250) DEFAULT NULL,
  PRIMARY KEY (`id_payroll`)
) ENGINE=MyISAM AUTO_INCREMENT=1257 DEFAULT CHARSET=latin1;
/*!40101 SET character_set_client = @saved_cs_client */;

--
-- Dumping data for table `z_payroll`
--

LOCK TABLES `z_payroll` WRITE;
/*!40000 ALTER TABLE `z_payroll` DISABLE KEYS */;
INSERT INTO `z_payroll` VALUES (13,21,'SALERY','2020-06-29 00:00:00',600,''),(25,21,'ALLOWANCE','2020-06-30 00:00:00',1250,''),(9,21,'SALARY','2020-07-01 00:00:00',600,''),(11,21,'SALARY','2020-07-02 00:00:00',600,''),(24,2,'ALLOWANCE','2020-06-30 00:00:00',1250,''),(10,2,'SALARY','2020-07-01 00:00:00',500,''),(12,2,'SALARY','2020-07-02 00:00:00',500,''),(14,2,'SALARY','2020-06-29 00:00:00',500,''),(23,2,'SALARY','2020-06-30 00:00:00',500,''),(22,21,'SALERY','2020-06-30 00:00:00',600,''),(27,2,'SALARY','2020-07-20 00:00:00',7500,''),(28,21,'SALARY','2020-07-20 00:00:00',9000,''),(49,21,'ALLOWANCE','2020-07-11 00:00:00',750,NULL),(48,21,'ALLOWANCE','2020-07-11 00:00:00',500,NULL),(47,2,'ALLOWANCE','2020-07-11 00:00:00',750,NULL),(46,2,'ALLOWANCE','2020-07-11 00:00:00',500,NULL),(44,21,'ALLOWANCE','2020-07-07 00:00:00',750,NULL),(43,21,'ALLOWANCE','2020-07-07 00:00:00',500,NULL),(42,2,'ALLOWANCE','2020-07-07 00:00:00',750,NULL),(41,2,'ALLOWANCE','2020-07-07 00:00:00',500,NULL),(45,48,'SALARY','2020-07-07 00:00:00',2500,NULL),(50,48,'SALARY','2020-07-11 00:00:00',2500,NULL),(74,21,'ALLOWANCE','2020-07-17 00:00:00',750,NULL),(73,21,'ALLOWANCE','2020-07-17 00:00:00',500,NULL),(72,2,'ALLOWANCE','2020-07-17 00:00:00',750,NULL),(71,2,'ALLOWANCE','2020-07-17 00:00:00',500,NULL),(75,48,'SALARY','2020-07-17 00:00:00',2100,NULL),(76,2,'SALARY','2020-07-28 00:00:00',500,NULL),(77,6,'SALARY','2020-07-28 00:00:00',300,NULL),(78,2,'SALARY','2020-07-29 00:00:00',500,NULL),(79,6,'SALARY','2020-07-29 00:00:00',300,NULL),(80,2,'SALARY','2020-07-30 00:00:00',500,NULL),(81,6,'SALARY','2020-07-30 00:00:00',300,NULL),(82,2,'SALARY','2020-07-31 00:00:00',500,NULL),(83,6,'SALARY','2020-07-31 00:00:00',300,NULL),(84,2,'SALARY','2020-08-01 00:00:00',500,NULL),(85,6,'SALARY','2020-08-01 00:00:00',300,NULL),(86,6,'SALARY','2020-08-02 00:00:00',300,NULL),(87,2,'SALARY','2020-08-02 00:00:00',500,NULL),(88,2,'SALARY','2020-08-03 00:00:00',500,NULL),(89,6,'SALARY','2020-08-03 00:00:00',300,NULL),(93,6,'SALARY','2020-08-04 00:00:00',300,NULL),(92,2,'SALARY','2020-08-04 00:00:00',500,NULL),(94,2,'SALARY','2020-08-05 00:00:00',500,NULL),(95,6,'SALARY','2020-08-05 00:00:00',300,NULL),(99,6,'SALARY','2020-08-06 00:00:00',300,NULL),(98,2,'SALARY','2020-08-06 00:00:00',500,NULL),(100,2,'SALARY','2020-08-07 00:00:00',500,NULL),(101,6,'SALARY','2020-08-07 00:00:00',300,NULL),(105,2,'SALARY','2020-08-08 00:00:00',500,NULL),(104,6,'SALARY','2020-08-08 00:00:00',300,NULL),(106,2,'SALARY','2020-07-27 00:00:00',500,NULL),(107,6,'SALARY','2020-07-27 00:00:00',300,NULL),(108,2,'SALARY','2020-08-09 00:00:00',500,NULL),(109,6,'SALARY','2020-08-09 00:00:00',300,NULL),(113,2,'SALARY','2020-08-10 00:00:00',500,NULL),(112,6,'SALARY','2020-08-10 00:00:00',300,NULL),(114,2,'SALARY','2020-08-11 00:00:00',500,NULL),(115,6,'SALARY','2020-08-11 00:00:00',300,NULL),(116,6,'SALARY','2020-08-12 00:00:00',300,NULL),(117,2,'SALARY','2020-08-12 00:00:00',500,NULL),(118,2,'SALARY','2020-08-13 00:00:00',500,NULL),(119,6,'SALARY','2020-08-13 00:00:00',300,NULL),(120,2,'SALARY','2020-08-15 00:00:00',500,NULL),(121,6,'SALARY','2020-08-15 00:00:00',300,NULL),(122,2,'SALARY','2020-08-14 00:00:00',500,NULL),(123,6,'SALARY','2020-08-14 00:00:00',300,NULL),(124,2,'SALARY','2020-08-16 00:00:00',500,NULL),(125,6,'SALARY','2020-08-16 00:00:00',300,NULL),(126,2,'SALARY','2020-08-17 00:00:00',500,NULL),(127,6,'SALARY','2020-08-17 00:00:00',300,NULL),(128,2,'SALARY','2020-08-18 00:00:00',500,NULL),(129,6,'SALARY','2020-08-18 00:00:00',300,NULL),(130,2,'SALARY','2020-08-19 00:00:00',500,NULL),(131,6,'SALARY','2020-08-19 00:00:00',300,NULL),(135,6,'SALARY','2020-08-20 00:00:00',300,NULL),(134,2,'SALARY','2020-08-20 00:00:00',500,NULL),(136,2,'SALARY','2020-08-21 00:00:00',500,NULL),(137,6,'SALARY','2020-08-21 00:00:00',300,NULL),(138,2,'SALARY','2020-08-22 00:00:00',500,NULL),(139,6,'SALARY','2020-08-22 00:00:00',300,NULL),(148,2,'SALARY','2020-08-24 00:00:00',500,NULL),(149,6,'SALARY','2020-08-24 00:00:00',300,NULL),(150,4,'SALARY','2020-08-24 00:00:00',300,NULL),(151,8,'SALARY','2020-08-24 00:00:00',500,NULL),(152,2,'SALARY','2020-08-23 00:00:00',500,NULL),(153,6,'SALARY','2020-08-23 00:00:00',300,NULL),(161,8,'SALARY','2020-08-25 00:00:00',500,NULL),(160,4,'SALARY','2020-08-25 00:00:00',300,NULL),(159,6,'SALARY','2020-08-25 00:00:00',300,NULL),(158,2,'SALARY','2020-08-25 00:00:00',500,NULL),(162,6,'ALLOWANCE','2020-08-25 00:00:00',5800,NULL),(163,2,'SALARY','2020-08-26 00:00:00',500,NULL),(164,6,'SALARY','2020-08-26 00:00:00',300,NULL),(165,4,'SALARY','2020-08-26 00:00:00',300,NULL),(166,8,'SALARY','2020-08-26 00:00:00',500,NULL),(174,8,'SALARY','2020-08-27 00:00:00',500,NULL),(173,6,'SALARY','2020-08-27 00:00:00',300,NULL),(172,4,'SALARY','2020-08-27 00:00:00',300,NULL),(171,2,'SALARY','2020-08-27 00:00:00',500,NULL),(175,6,'ALLOWANCE','2020-08-27 00:00:00',500,NULL),(176,2,'SALARY','2020-08-28 00:00:00',500,NULL),(177,4,'SALARY','2020-08-28 00:00:00',300,NULL),(178,6,'SALARY','2020-08-28 00:00:00',300,NULL),(179,8,'SALARY','2020-08-28 00:00:00',500,NULL),(180,2,'SALARY','2020-08-29 00:00:00',500,NULL),(181,6,'SALARY','2020-08-29 00:00:00',300,NULL),(182,4,'SALARY','2020-08-29 00:00:00',300,NULL),(183,8,'SALARY','2020-08-29 00:00:00',500,NULL),(184,4,'SALARY','2020-08-30 00:00:00',300,NULL),(185,8,'SALARY','2020-08-30 00:00:00',500,NULL),(186,21,'SALARY','2020-08-30 00:00:00',600,NULL),(187,9,'SALARY','2020-08-30 00:00:00',600,NULL),(203,21,'SALARY','2020-08-31 00:00:00',600,NULL),(202,8,'SALARY','2020-08-31 00:00:00',500,NULL),(201,4,'SALARY','2020-08-31 00:00:00',300,NULL),(200,9,'SALARY','2020-08-31 00:00:00',600,NULL),(204,4,'SALARY','2020-09-01 00:00:00',300,NULL),(205,9,'SALARY','2020-09-01 00:00:00',600,NULL),(206,21,'SALARY','2020-09-01 00:00:00',600,NULL),(207,8,'SALARY','2020-09-01 00:00:00',500,NULL),(208,8,'SALARY','2020-09-02 00:00:00',500,NULL),(209,21,'SALARY','2020-09-02 00:00:00',600,NULL),(210,9,'SALARY','2020-09-02 00:00:00',600,NULL),(211,4,'SALARY','2020-09-02 00:00:00',300,NULL),(223,9,'SALARY','2020-09-03 00:00:00',600,NULL),(222,21,'SALARY','2020-09-03 00:00:00',600,NULL),(221,8,'SALARY','2020-09-03 00:00:00',500,NULL),(220,4,'SALARY','2020-09-03 00:00:00',300,NULL),(216,4,'SALARY','2020-09-04 00:00:00',300,NULL),(217,8,'SALARY','2020-09-04 00:00:00',500,NULL),(218,21,'SALARY','2020-09-04 00:00:00',600,NULL),(219,9,'SALARY','2020-09-04 00:00:00',600,NULL),(224,4,'ALLOWANCE','2020-09-03 00:00:00',300,NULL),(225,8,'ALLOWANCE','2020-09-03 00:00:00',100,NULL),(226,4,'SALARY','2020-09-05 00:00:00',300,NULL),(227,8,'SALARY','2020-09-05 00:00:00',500,NULL),(228,21,'SALARY','2020-09-05 00:00:00',600,NULL),(229,9,'SALARY','2020-09-05 00:00:00',600,NULL),(230,4,'SALARY','2020-09-06 00:00:00',300,NULL),(231,9,'SALARY','2020-09-06 00:00:00',600,NULL),(232,8,'SALARY','2020-09-06 00:00:00',500,NULL),(233,21,'SALARY','2020-09-06 00:00:00',600,NULL),(234,4,'SALARY','2020-09-07 00:00:00',300,NULL),(235,8,'SALARY','2020-09-07 00:00:00',500,NULL),(236,21,'SALARY','2020-09-07 00:00:00',600,NULL),(237,9,'SALARY','2020-09-07 00:00:00',600,NULL),(238,4,'SALARY','2020-09-08 00:00:00',300,NULL),(239,9,'SALARY','2020-09-08 00:00:00',600,NULL),(240,8,'SALARY','2020-09-08 00:00:00',500,NULL),(241,21,'SALARY','2020-09-08 00:00:00',600,NULL),(242,4,'SALARY','2020-09-09 00:00:00',300,NULL),(243,8,'SALARY','2020-09-09 00:00:00',500,NULL),(244,9,'SALARY','2020-09-09 00:00:00',600,NULL),(245,21,'SALARY','2020-09-09 00:00:00',600,NULL),(246,4,'SALARY','2020-09-10 00:00:00',300,NULL),(247,21,'SALARY','2020-09-10 00:00:00',600,NULL),(248,8,'SALARY','2020-09-10 00:00:00',500,NULL),(249,9,'SALARY','2020-09-10 00:00:00',600,NULL),(293,9,'SALARY','2020-09-11 00:00:00',600,NULL),(292,21,'SALARY','2020-09-11 00:00:00',600,NULL),(291,8,'SALARY','2020-09-11 00:00:00',500,NULL),(290,4,'SALARY','2020-09-11 00:00:00',300,NULL),(261,9,'SALARY','2020-09-12 00:00:00',600,NULL),(260,21,'SALARY','2020-09-12 00:00:00',600,NULL),(259,8,'SALARY','2020-09-12 00:00:00',500,NULL),(258,4,'SALARY','2020-09-12 00:00:00',300,NULL),(262,4,'ALLOWANCE','2020-09-12 00:00:00',300,NULL),(263,9,'ALLOWANCE','2020-09-12 00:00:00',250,NULL),(264,21,'ALLOWANCE','2020-09-12 00:00:00',250,NULL),(265,4,'SALARY','2020-09-13 00:00:00',300,NULL),(266,9,'SALARY','2020-09-13 00:00:00',600,NULL),(267,21,'SALARY','2020-09-13 00:00:00',600,NULL),(268,8,'SALARY','2020-09-13 00:00:00',500,NULL),(269,4,'SALARY','2020-09-14 00:00:00',300,NULL),(270,8,'SALARY','2020-09-14 00:00:00',500,NULL),(271,9,'SALARY','2020-09-14 00:00:00',600,NULL),(272,21,'SALARY','2020-09-14 00:00:00',600,NULL),(273,8,'SALARY','2020-09-15 00:00:00',500,NULL),(274,4,'SALARY','2020-09-15 00:00:00',300,NULL),(275,9,'SALARY','2020-09-15 00:00:00',600,NULL),(276,21,'SALARY','2020-09-15 00:00:00',600,NULL),(277,21,'SALARY','2020-09-16 00:00:00',600,NULL),(278,9,'SALARY','2020-09-16 00:00:00',600,NULL),(279,8,'SALARY','2020-09-16 00:00:00',500,NULL),(280,4,'SALARY','2020-09-16 00:00:00',300,NULL),(281,4,'ALLOWANCE','2020-09-16 00:00:00',300,NULL),(282,4,'SALARY','2020-09-17 00:00:00',300,NULL),(283,8,'SALARY','2020-09-17 00:00:00',500,NULL),(284,9,'SALARY','2020-09-17 00:00:00',600,NULL),(285,21,'SALARY','2020-09-17 00:00:00',600,NULL),(286,4,'SALARY','2020-09-18 00:00:00',300,NULL),(287,8,'SALARY','2020-09-18 00:00:00',500,NULL),(288,9,'SALARY','2020-09-18 00:00:00',600,NULL),(289,21,'SALARY','2020-09-18 00:00:00',600,NULL),(294,4,'ALLOWANCE','2020-09-11 00:00:00',750,NULL),(295,4,'SALARY','2020-09-19 00:00:00',300,NULL),(296,8,'SALARY','2020-09-19 00:00:00',500,NULL),(297,9,'SALARY','2020-09-19 00:00:00',600,NULL),(298,21,'SALARY','2020-09-19 00:00:00',600,NULL),(299,4,'SALARY','2020-09-20 00:00:00',300,NULL),(300,8,'SALARY','2020-09-20 00:00:00',500,NULL),(301,21,'SALARY','2020-09-20 00:00:00',600,NULL),(302,9,'SALARY','2020-09-20 00:00:00',600,NULL),(303,4,'SALARY','2020-09-21 00:00:00',300,NULL),(304,8,'SALARY','2020-09-21 00:00:00',500,NULL),(305,21,'SALARY','2020-09-21 00:00:00',600,NULL),(306,9,'SALARY','2020-09-21 00:00:00',600,NULL),(307,4,'SALARY','2020-09-22 00:00:00',300,NULL),(308,8,'SALARY','2020-09-22 00:00:00',500,NULL),(309,21,'SALARY','2020-09-22 00:00:00',600,NULL),(310,9,'SALARY','2020-09-22 00:00:00',600,NULL),(311,4,'SALARY','2020-09-23 00:00:00',300,NULL),(312,8,'SALARY','2020-09-23 00:00:00',500,NULL),(313,21,'SALARY','2020-09-23 00:00:00',600,NULL),(314,9,'SALARY','2020-09-23 00:00:00',600,NULL),(315,4,'SALARY','2020-09-24 00:00:00',300,NULL),(316,21,'SALARY','2020-09-24 00:00:00',600,NULL),(317,9,'SALARY','2020-09-24 00:00:00',600,NULL),(318,8,'SALARY','2020-09-24 00:00:00',500,NULL),(335,6,'SALARY','2020-09-25 00:00:00',300,NULL),(334,2,'SALARY','2020-09-25 00:00:00',500,NULL),(333,8,'SALARY','2020-09-25 00:00:00',500,NULL),(332,4,'SALARY','2020-09-25 00:00:00',300,NULL),(331,21,'SALARY','2020-09-25 00:00:00',600,NULL),(330,9,'SALARY','2020-09-25 00:00:00',600,NULL),(353,6,'SALARY','2020-09-26 00:00:00',300,NULL),(352,2,'SALARY','2020-09-26 00:00:00',500,NULL),(351,5,'SALARY','2020-09-26 00:00:00',400,NULL),(350,21,'SALARY','2020-09-26 00:00:00',600,NULL),(336,5,'SALARY','2020-09-25 00:00:00',400,NULL),(354,6,'ALLOWANCE','2020-09-26 00:00:00',400,NULL),(349,9,'SALARY','2020-09-26 00:00:00',600,NULL),(355,21,'ALLOWANCE','2020-09-26 00:00:00',2500,NULL),(356,9,'ALLOWANCE','2020-09-26 00:00:00',2500,NULL),(357,2,'SALARY','2020-09-27 00:00:00',500,NULL),(358,9,'SALARY','2020-09-27 00:00:00',600,NULL),(359,21,'SALARY','2020-09-27 00:00:00',600,NULL),(360,6,'SALARY','2020-09-27 00:00:00',300,NULL),(361,5,'SALARY','2020-09-27 00:00:00',400,NULL),(362,9,'SALARY','2020-09-28 00:00:00',600,NULL),(363,21,'SALARY','2020-09-28 00:00:00',600,NULL),(364,2,'SALARY','2020-09-28 00:00:00',500,NULL),(365,5,'SALARY','2020-09-28 00:00:00',400,NULL),(366,6,'SALARY','2020-09-28 00:00:00',300,NULL),(376,6,'SALARY','2020-09-29 00:00:00',300,NULL),(375,5,'SALARY','2020-09-29 00:00:00',400,NULL),(374,21,'SALARY','2020-09-29 00:00:00',600,NULL),(373,9,'SALARY','2020-09-29 00:00:00',600,NULL),(372,2,'SALARY','2020-09-29 00:00:00',500,NULL),(377,9,'SALARY','2020-09-30 00:00:00',600,NULL),(378,21,'SALARY','2020-09-30 00:00:00',600,NULL),(379,6,'SALARY','2020-09-30 00:00:00',300,NULL),(380,2,'SALARY','2020-09-30 00:00:00',500,NULL),(381,5,'SALARY','2020-09-30 00:00:00',400,NULL),(382,3,'SALARY','2020-09-30 00:00:00',500,NULL),(383,4,'SALARY','2020-09-30 00:00:00',300,NULL),(394,2,'SALARY','2020-10-01 00:00:00',500,NULL),(395,3,'SALARY','2020-10-01 00:00:00',500,NULL),(396,4,'SALARY','2020-10-01 00:00:00',300,NULL),(397,6,'SALARY','2020-10-01 00:00:00',300,NULL),(398,5,'SALARY','2020-10-01 00:00:00',400,NULL),(399,6,'ALLOWANCE','2020-10-01 00:00:00',1000,NULL),(400,2,'SALARY','2020-10-02 00:00:00',500,NULL),(401,6,'SALARY','2020-10-02 00:00:00',300,NULL),(402,4,'SALARY','2020-10-02 00:00:00',300,NULL),(403,3,'SALARY','2020-10-02 00:00:00',500,NULL),(404,5,'SALARY','2020-10-02 00:00:00',400,NULL),(405,2,'SALARY','2020-10-03 00:00:00',500,NULL),(406,6,'SALARY','2020-10-03 00:00:00',300,NULL),(407,4,'SALARY','2020-10-03 00:00:00',300,NULL),(408,3,'SALARY','2020-10-03 00:00:00',500,NULL),(409,5,'SALARY','2020-10-03 00:00:00',400,NULL),(419,5,'SALARY','2020-10-04 00:00:00',400,NULL),(418,3,'SALARY','2020-10-04 00:00:00',500,NULL),(417,4,'SALARY','2020-10-04 00:00:00',300,NULL),(416,6,'SALARY','2020-10-04 00:00:00',300,NULL),(415,2,'SALARY','2020-10-04 00:00:00',500,NULL),(420,2,'SALARY','2020-10-05 00:00:00',500,NULL),(421,6,'SALARY','2020-10-05 00:00:00',300,NULL),(422,4,'SALARY','2020-10-05 00:00:00',300,NULL),(423,5,'SALARY','2020-10-05 00:00:00',400,NULL),(424,3,'SALARY','2020-10-05 00:00:00',500,NULL),(425,2,'SALARY','2020-10-06 00:00:00',500,NULL),(426,3,'SALARY','2020-10-06 00:00:00',500,NULL),(427,6,'SALARY','2020-10-06 00:00:00',300,NULL),(428,4,'SALARY','2020-10-06 00:00:00',300,NULL),(429,5,'SALARY','2020-10-06 00:00:00',400,NULL),(438,5,'SALARY','2020-10-07 00:00:00',400,NULL),(437,4,'SALARY','2020-10-07 00:00:00',300,NULL),(436,6,'SALARY','2020-10-07 00:00:00',300,NULL),(435,2,'SALARY','2020-10-07 00:00:00',500,NULL),(449,6,'ALLOWANCE','2020-10-08 00:00:00',200,NULL),(448,4,'SALARY','2020-10-08 00:00:00',300,NULL),(447,6,'SALARY','2020-10-08 00:00:00',300,NULL),(446,5,'SALARY','2020-10-08 00:00:00',400,NULL),(445,2,'SALARY','2020-10-08 00:00:00',500,NULL),(450,4,'ALLOWANCE','2020-10-08 00:00:00',200,NULL),(451,2,'SALARY','2020-10-09 00:00:00',500,NULL),(452,21,'SALARY','2020-10-09 00:00:00',600,NULL),(453,5,'SALARY','2020-10-09 00:00:00',400,NULL),(454,8,'SALARY','2020-10-09 00:00:00',500,NULL),(455,4,'SALARY','2020-10-09 00:00:00',300,NULL),(456,6,'SALARY','2020-10-09 00:00:00',300,NULL),(457,4,'ALLOWANCE','2020-10-09 00:00:00',2500,NULL),(458,6,'ALLOWANCE','2020-10-09 00:00:00',2500,NULL),(459,2,'SALARY','2020-10-10 00:00:00',500,NULL),(460,21,'SALARY','2020-10-10 00:00:00',600,NULL),(461,5,'SALARY','2020-10-10 00:00:00',400,NULL),(462,8,'SALARY','2020-10-10 00:00:00',500,NULL),(463,6,'SALARY','2020-10-10 00:00:00',300,NULL),(464,4,'SALARY','2020-10-10 00:00:00',300,NULL),(465,21,'SALARY','2020-10-11 00:00:00',600,NULL),(466,2,'SALARY','2020-10-11 00:00:00',500,NULL),(467,5,'SALARY','2020-10-11 00:00:00',400,NULL),(468,8,'SALARY','2020-10-11 00:00:00',500,NULL),(469,6,'SALARY','2020-10-11 00:00:00',300,NULL),(470,4,'SALARY','2020-10-11 00:00:00',300,NULL),(482,4,'SALARY','2020-10-12 00:00:00',300,NULL),(481,6,'SALARY','2020-10-12 00:00:00',300,NULL),(480,5,'SALARY','2020-10-12 00:00:00',400,NULL),(479,8,'SALARY','2020-10-12 00:00:00',500,NULL),(478,2,'SALARY','2020-10-12 00:00:00',500,NULL),(477,21,'SALARY','2020-10-12 00:00:00',600,NULL),(483,6,'ALLOWANCE','2020-10-12 00:00:00',250,NULL),(484,4,'ALLOWANCE','2020-10-12 00:00:00',250,NULL),(485,6,'ALLOWANCE','2020-10-12 00:00:00',2500,NULL),(486,4,'ALLOWANCE','2020-10-12 00:00:00',2500,NULL),(487,21,'SALARY','2020-10-13 00:00:00',600,NULL),(488,2,'SALARY','2020-10-13 00:00:00',500,NULL),(489,8,'SALARY','2020-10-13 00:00:00',500,NULL),(490,5,'SALARY','2020-10-13 00:00:00',400,NULL),(491,6,'SALARY','2020-10-13 00:00:00',300,NULL),(492,4,'SALARY','2020-10-13 00:00:00',300,NULL),(493,21,'SALARY','2020-10-14 00:00:00',600,NULL),(494,9,'SALARY','2020-10-14 00:00:00',600,NULL),(495,2,'SALARY','2020-10-14 00:00:00',500,NULL),(496,8,'SALARY','2020-10-14 00:00:00',500,NULL),(497,5,'SALARY','2020-10-14 00:00:00',400,NULL),(498,6,'SALARY','2020-10-14 00:00:00',300,NULL),(499,4,'SALARY','2020-10-14 00:00:00',300,NULL),(525,4,'ALLOWANCE','2020-10-15 00:00:00',300,NULL),(524,4,'SALARY','2020-10-15 00:00:00',300,NULL),(523,6,'SALARY','2020-10-15 00:00:00',300,NULL),(522,5,'SALARY','2020-10-15 00:00:00',400,NULL),(521,8,'SALARY','2020-10-15 00:00:00',500,NULL),(520,21,'SALARY','2020-10-15 00:00:00',600,NULL),(519,9,'SALARY','2020-10-15 00:00:00',600,NULL),(518,2,'SALARY','2020-10-15 00:00:00',500,NULL),(509,9,'SALARY','2020-10-16 00:00:00',600,NULL),(510,21,'SALARY','2020-10-16 00:00:00',600,NULL),(511,2,'SALARY','2020-10-16 00:00:00',500,NULL),(512,8,'SALARY','2020-10-16 00:00:00',500,NULL),(513,5,'SALARY','2020-10-16 00:00:00',400,NULL),(514,6,'SALARY','2020-10-16 00:00:00',300,NULL),(515,4,'SALARY','2020-10-16 00:00:00',300,NULL),(516,9,'ALLOWANCE','2020-10-16 00:00:00',150,NULL),(517,21,'ALLOWANCE','2020-10-16 00:00:00',150,NULL),(526,8,'ALLOWANCE','2020-10-15 00:00:00',100,NULL),(527,2,'SALARY','2020-10-17 00:00:00',500,NULL),(528,21,'SALARY','2020-10-17 00:00:00',600,NULL),(529,9,'SALARY','2020-10-17 00:00:00',600,NULL),(530,8,'SALARY','2020-10-17 00:00:00',500,NULL),(531,5,'SALARY','2020-10-17 00:00:00',400,NULL),(532,6,'SALARY','2020-10-17 00:00:00',300,NULL),(533,4,'SALARY','2020-10-17 00:00:00',300,NULL),(534,6,'ALLOWANCE','2020-10-17 00:00:00',350,NULL),(535,8,'ALLOWANCE','2020-10-17 00:00:00',150,NULL),(536,9,'ALLOWANCE','2020-10-17 00:00:00',2500,NULL),(537,6,'ALLOWANCE','2020-10-17 00:00:00',2500,NULL),(538,9,'SALARY','2020-10-18 00:00:00',600,NULL),(539,21,'SALARY','2020-10-18 00:00:00',600,NULL),(540,2,'SALARY','2020-10-18 00:00:00',500,NULL),(541,8,'SALARY','2020-10-18 00:00:00',500,NULL),(542,5,'SALARY','2020-10-18 00:00:00',400,NULL),(543,6,'SALARY','2020-10-18 00:00:00',300,NULL),(544,4,'SALARY','2020-10-18 00:00:00',300,NULL),(545,2,'SALARY','2020-10-19 00:00:00',500,NULL),(546,9,'SALARY','2020-10-19 00:00:00',600,NULL),(547,21,'SALARY','2020-10-19 00:00:00',600,NULL),(548,8,'SALARY','2020-10-19 00:00:00',500,NULL),(549,5,'SALARY','2020-10-19 00:00:00',400,NULL),(550,6,'SALARY','2020-10-19 00:00:00',300,NULL),(551,4,'SALARY','2020-10-19 00:00:00',300,NULL),(552,4,'ALLOWANCE','2020-10-19 00:00:00',300,NULL),(553,8,'ALLOWANCE','2020-10-19 00:00:00',100,NULL),(554,2,'ALLOWANCE','2020-10-19 00:00:00',2500,NULL),(555,6,'ALLOWANCE','2020-10-19 00:00:00',2500,NULL),(556,9,'SALARY','2020-10-20 00:00:00',600,NULL),(557,21,'SALARY','2020-10-20 00:00:00',600,NULL),(558,2,'SALARY','2020-10-20 00:00:00',500,NULL),(559,8,'SALARY','2020-10-20 00:00:00',500,NULL),(560,5,'SALARY','2020-10-20 00:00:00',400,NULL),(561,6,'SALARY','2020-10-20 00:00:00',300,NULL),(562,4,'SALARY','2020-10-20 00:00:00',300,NULL),(563,4,'ALLOWANCE','2020-10-20 00:00:00',500,NULL),(564,2,'SALARY','2020-10-21 00:00:00',500,NULL),(565,9,'SALARY','2020-10-21 00:00:00',600,NULL),(566,8,'SALARY','2020-10-21 00:00:00',500,NULL),(567,5,'SALARY','2020-10-21 00:00:00',400,NULL),(568,6,'SALARY','2020-10-21 00:00:00',300,NULL),(569,4,'SALARY','2020-10-21 00:00:00',300,NULL),(570,21,'SALARY','2020-10-21 00:00:00',600,NULL),(571,9,'SALARY','2020-10-22 00:00:00',600,NULL),(572,21,'SALARY','2020-10-22 00:00:00',600,NULL),(573,8,'SALARY','2020-10-22 00:00:00',500,NULL),(574,5,'SALARY','2020-10-22 00:00:00',400,NULL),(575,6,'SALARY','2020-10-22 00:00:00',300,NULL),(576,4,'SALARY','2020-10-22 00:00:00',300,NULL),(577,2,'SALARY','2020-10-22 00:00:00',500,NULL),(590,9,'SALARY','2020-10-23 00:00:00',600,NULL),(591,2,'SALARY','2020-10-23 00:00:00',500,NULL),(592,8,'SALARY','2020-10-23 00:00:00',500,NULL),(593,5,'SALARY','2020-10-23 00:00:00',400,NULL),(594,6,'SALARY','2020-10-23 00:00:00',300,NULL),(595,4,'SALARY','2020-10-23 00:00:00',300,NULL),(596,6,'ALLOWANCE','2020-10-23 00:00:00',250,NULL),(597,4,'ALLOWANCE','2020-10-23 00:00:00',250,NULL),(598,9,'SALARY','2020-10-24 00:00:00',600,NULL),(599,2,'SALARY','2020-10-24 00:00:00',500,NULL),(600,8,'SALARY','2020-10-24 00:00:00',500,NULL),(601,5,'SALARY','2020-10-24 00:00:00',400,NULL),(602,6,'SALARY','2020-10-24 00:00:00',300,NULL),(603,4,'SALARY','2020-10-24 00:00:00',300,NULL),(604,6,'ALLOWANCE','2020-10-24 00:00:00',300,NULL),(605,9,'SALARY','2020-10-25 00:00:00',600,NULL),(606,2,'SALARY','2020-10-25 00:00:00',500,NULL),(607,8,'SALARY','2020-10-25 00:00:00',500,NULL),(608,5,'SALARY','2020-10-25 00:00:00',400,NULL),(609,6,'SALARY','2020-10-25 00:00:00',300,NULL),(610,4,'SALARY','2020-10-25 00:00:00',300,NULL),(611,2,'SALARY','2020-10-26 00:00:00',500,NULL),(612,8,'SALARY','2020-10-26 00:00:00',500,NULL),(613,5,'SALARY','2020-10-26 00:00:00',400,NULL),(614,3,'SALARY','2020-10-26 00:00:00',500,NULL),(615,2,'SALARY','2020-10-27 00:00:00',500,NULL),(616,9,'SALARY','2020-10-27 00:00:00',600,NULL),(617,3,'SALARY','2020-10-27 00:00:00',500,NULL),(618,8,'SALARY','2020-10-27 00:00:00',500,NULL),(619,5,'SALARY','2020-10-27 00:00:00',400,NULL),(620,6,'SALARY','2020-10-27 00:00:00',300,NULL),(621,9,'SALARY','2020-10-28 00:00:00',600,NULL),(622,2,'SALARY','2020-10-28 00:00:00',500,NULL),(623,3,'SALARY','2020-10-28 00:00:00',500,NULL),(624,8,'SALARY','2020-10-28 00:00:00',500,NULL),(625,5,'SALARY','2020-10-28 00:00:00',400,NULL),(626,6,'SALARY','2020-10-28 00:00:00',300,NULL),(627,6,'ALLOWANCE','2020-10-28 00:00:00',200,NULL),(628,8,'ALLOWANCE','2020-10-28 00:00:00',200,NULL),(629,9,'SALARY','2020-10-29 00:00:00',600,NULL),(630,2,'SALARY','2020-10-29 00:00:00',500,NULL),(631,3,'SALARY','2020-10-29 00:00:00',500,NULL),(632,8,'SALARY','2020-10-29 00:00:00',500,NULL),(633,5,'SALARY','2020-10-29 00:00:00',400,NULL),(634,6,'SALARY','2020-10-29 00:00:00',300,NULL),(635,9,'SALARY','2020-10-31 00:00:00',600,NULL),(636,3,'SALARY','2020-10-31 00:00:00',500,NULL),(637,8,'SALARY','2020-10-31 00:00:00',500,NULL),(638,5,'SALARY','2020-10-31 00:00:00',400,NULL),(639,2,'SALARY','2020-11-01 00:00:00',500,NULL),(640,8,'SALARY','2020-11-01 00:00:00',500,NULL),(641,9,'SALARY','2020-11-01 00:00:00',600,NULL),(642,3,'SALARY','2020-11-01 00:00:00',500,NULL),(643,5,'SALARY','2020-11-01 00:00:00',400,NULL),(644,6,'SALARY','2020-11-01 00:00:00',300,NULL),(650,5,'SALARY','2020-11-03 00:00:00',400,NULL),(649,3,'SALARY','2020-11-03 00:00:00',500,NULL),(648,2,'SALARY','2020-11-03 00:00:00',500,NULL),(662,6,'SALARY','2020-11-04 00:00:00',300,NULL),(661,5,'SALARY','2020-11-04 00:00:00',400,NULL),(660,7,'SALARY','2020-11-04 00:00:00',334,NULL),(659,9,'SALARY','2020-11-04 00:00:00',600,NULL),(658,3,'SALARY','2020-11-04 00:00:00',500,NULL),(657,2,'SALARY','2020-11-04 00:00:00',500,NULL),(663,2,'SALARY','2020-11-05 00:00:00',500,NULL),(664,9,'SALARY','2020-11-05 00:00:00',600,NULL),(665,3,'SALARY','2020-11-05 00:00:00',500,NULL),(666,5,'SALARY','2020-11-05 00:00:00',400,NULL),(667,7,'SALARY','2020-11-05 00:00:00',334,NULL),(668,6,'SALARY','2020-11-05 00:00:00',300,NULL),(680,6,'SALARY','2020-11-06 00:00:00',300,NULL),(679,7,'SALARY','2020-11-06 00:00:00',334,NULL),(678,5,'SALARY','2020-11-06 00:00:00',400,NULL),(677,3,'SALARY','2020-11-06 00:00:00',500,NULL),(676,9,'SALARY','2020-11-06 00:00:00',600,NULL),(675,2,'SALARY','2020-11-06 00:00:00',500,NULL),(681,21,'SALARY','2020-11-08 00:00:00',600,NULL),(682,2,'SALARY','2020-11-08 00:00:00',500,NULL),(683,3,'SALARY','2020-11-08 00:00:00',500,NULL),(684,5,'SALARY','2020-11-08 00:00:00',400,NULL),(685,7,'SALARY','2020-11-08 00:00:00',334,NULL),(699,6,'SALARY','2020-11-09 00:00:00',300,NULL),(698,7,'SALARY','2020-11-09 00:00:00',334,NULL),(697,5,'SALARY','2020-11-09 00:00:00',400,NULL),(696,3,'SALARY','2020-11-09 00:00:00',500,NULL),(695,2,'SALARY','2020-11-09 00:00:00',500,NULL),(694,21,'SALARY','2020-11-09 00:00:00',600,NULL),(693,9,'SALARY','2020-11-09 00:00:00',600,NULL),(700,9,'SALARY','2020-11-10 00:00:00',600,NULL),(701,21,'SALARY','2020-11-10 00:00:00',600,NULL),(702,2,'SALARY','2020-11-10 00:00:00',500,NULL),(703,3,'SALARY','2020-11-10 00:00:00',500,NULL),(704,5,'SALARY','2020-11-10 00:00:00',400,NULL),(705,7,'SALARY','2020-11-10 00:00:00',334,NULL),(706,6,'SALARY','2020-11-10 00:00:00',300,NULL),(707,2,'SALARY','2020-11-11 00:00:00',500,NULL),(708,5,'SALARY','2020-11-11 00:00:00',400,NULL),(709,7,'SALARY','2020-11-11 00:00:00',334,NULL),(717,7,'SALARY','2020-11-12 00:00:00',334,NULL),(716,5,'SALARY','2020-11-12 00:00:00',400,NULL),(715,3,'SALARY','2020-11-12 00:00:00',500,NULL),(714,2,'SALARY','2020-11-12 00:00:00',500,NULL),(727,7,'SALARY','2020-11-13 00:00:00',334,NULL),(726,5,'SALARY','2020-11-13 00:00:00',400,NULL),(725,3,'SALARY','2020-11-13 00:00:00',500,NULL),(724,2,'SALARY','2020-11-13 00:00:00',500,NULL),(723,9,'SALARY','2020-11-13 00:00:00',600,NULL),(728,3,'SALARY','2020-10-30 00:00:00',500,NULL),(729,9,'SALARY','2020-10-30 00:00:00',600,NULL),(730,5,'SALARY','2020-10-30 00:00:00',400,NULL),(734,5,'SALARY','2020-11-02 00:00:00',400,NULL),(733,2,'SALARY','2020-11-02 00:00:00',500,NULL),(742,7,'SALARY','2020-11-07 00:00:00',334,NULL),(741,5,'SALARY','2020-11-07 00:00:00',400,NULL),(740,3,'SALARY','2020-11-07 00:00:00',500,NULL),(739,2,'SALARY','2020-11-07 00:00:00',500,NULL),(743,2,'SALARY','2020-11-14 00:00:00',500,NULL),(744,9,'SALARY','2020-11-14 00:00:00',600,NULL),(745,5,'SALARY','2020-11-14 00:00:00',400,NULL),(746,3,'SALARY','2020-11-14 00:00:00',500,NULL),(747,7,'SALARY','2020-11-14 00:00:00',334,NULL),(748,4,'SALARY','2020-11-14 00:00:00',300,NULL),(749,9,'SALARY','2020-11-15 00:00:00',600,NULL),(750,2,'SALARY','2020-11-15 00:00:00',500,NULL),(751,3,'SALARY','2020-11-15 00:00:00',500,NULL),(752,5,'SALARY','2020-11-15 00:00:00',400,NULL),(753,7,'SALARY','2020-11-15 00:00:00',334,NULL),(754,4,'SALARY','2020-11-15 00:00:00',300,NULL),(755,9,'SALARY','2020-11-16 00:00:00',600,NULL),(756,2,'SALARY','2020-11-16 00:00:00',500,NULL),(757,3,'SALARY','2020-11-16 00:00:00',500,NULL),(758,7,'SALARY','2020-11-16 00:00:00',334,NULL),(759,4,'SALARY','2020-11-16 00:00:00',300,NULL),(760,9,'SALARY','2020-11-17 00:00:00',600,NULL),(761,3,'SALARY','2020-11-17 00:00:00',500,NULL),(762,7,'SALARY','2020-11-17 00:00:00',334,NULL),(768,7,'SALARY','2020-11-18 00:00:00',334,NULL),(767,3,'SALARY','2020-11-18 00:00:00',500,NULL),(766,9,'SALARY','2020-11-18 00:00:00',600,NULL),(769,9,'SALARY','2020-11-19 00:00:00',600,NULL),(770,2,'SALARY','2020-11-19 00:00:00',500,NULL),(771,3,'SALARY','2020-11-19 00:00:00',500,NULL),(772,7,'SALARY','2020-11-19 00:00:00',334,NULL),(773,4,'SALARY','2020-11-19 00:00:00',300,NULL),(774,9,'SALARY','2020-11-20 00:00:00',600,NULL),(775,21,'SALARY','2020-11-20 00:00:00',600,NULL),(776,2,'SALARY','2020-11-20 00:00:00',500,NULL),(777,3,'SALARY','2020-11-20 00:00:00',500,NULL),(778,7,'SALARY','2020-11-20 00:00:00',334,NULL),(779,4,'SALARY','2020-11-20 00:00:00',300,NULL),(780,9,'SALARY','2020-11-21 00:00:00',600,NULL),(781,21,'SALARY','2020-11-21 00:00:00',600,NULL),(782,2,'SALARY','2020-11-21 00:00:00',500,NULL),(783,3,'SALARY','2020-11-21 00:00:00',500,NULL),(784,7,'SALARY','2020-11-21 00:00:00',334,NULL),(785,4,'SALARY','2020-11-21 00:00:00',300,NULL),(797,4,'SALARY','2020-11-22 00:00:00',300,NULL),(796,7,'SALARY','2020-11-22 00:00:00',334,NULL),(795,3,'SALARY','2020-11-22 00:00:00',500,NULL),(794,2,'SALARY','2020-11-22 00:00:00',500,NULL),(793,21,'SALARY','2020-11-22 00:00:00',600,NULL),(792,9,'SALARY','2020-11-22 00:00:00',600,NULL),(798,9,'ALLOWANCE','2020-11-22 00:00:00',250,NULL),(799,21,'ALLOWANCE','2020-11-22 00:00:00',250,NULL),(800,9,'SALARY','2020-11-23 00:00:00',600,NULL),(801,2,'SALARY','2020-11-23 00:00:00',500,NULL),(802,3,'SALARY','2020-11-23 00:00:00',500,NULL),(803,5,'SALARY','2020-11-23 00:00:00',400,NULL),(804,7,'SALARY','2020-11-23 00:00:00',334,NULL),(815,9,'SALARY','2020-11-24 00:00:00',600,NULL),(816,2,'SALARY','2020-11-24 00:00:00',500,NULL),(817,3,'SALARY','2020-11-24 00:00:00',500,NULL),(818,5,'SALARY','2020-11-24 00:00:00',400,NULL),(819,7,'SALARY','2020-11-24 00:00:00',334,NULL),(820,9,'SALARY','2020-11-25 00:00:00',600,NULL),(821,21,'SALARY','2020-11-25 00:00:00',600,NULL),(822,2,'SALARY','2020-11-25 00:00:00',500,NULL),(823,3,'SALARY','2020-11-25 00:00:00',500,NULL),(824,5,'SALARY','2020-11-25 00:00:00',400,NULL),(825,7,'SALARY','2020-11-25 00:00:00',334,NULL),(826,4,'SALARY','2020-11-25 00:00:00',300,NULL),(827,9,'SALARY','2020-11-26 00:00:00',600,NULL),(828,21,'SALARY','2020-11-26 00:00:00',600,NULL),(829,2,'SALARY','2020-11-26 00:00:00',500,NULL),(830,3,'SALARY','2020-11-26 00:00:00',500,NULL),(831,8,'SALARY','2020-11-26 00:00:00',500,NULL),(832,5,'SALARY','2020-11-26 00:00:00',400,NULL),(833,7,'SALARY','2020-11-26 00:00:00',334,NULL),(834,4,'SALARY','2020-11-26 00:00:00',300,NULL),(856,7,'SALARY','2020-11-27 00:00:00',334,NULL),(855,5,'SALARY','2020-11-27 00:00:00',400,NULL),(854,8,'SALARY','2020-11-27 00:00:00',500,NULL),(853,3,'SALARY','2020-11-27 00:00:00',500,NULL),(852,2,'SALARY','2020-11-27 00:00:00',500,NULL),(857,4,'SALARY','2020-11-27 00:00:00',300,NULL),(982,7,'SALARY','2020-12-04 00:00:00',334,NULL),(1152,3,'SALARY','2020-11-28 00:00:00',500,NULL),(1153,8,'SALARY','2020-11-28 00:00:00',500,NULL),(1154,5,'SALARY','2020-11-28 00:00:00',400,NULL),(1155,7,'SALARY','2020-11-28 00:00:00',334,NULL),(1147,3,'SALARY','2020-11-29 00:00:00',500,NULL),(1148,8,'SALARY','2020-11-29 00:00:00',500,NULL),(1149,7,'SALARY','2020-11-29 00:00:00',334,NULL),(1145,8,'SALARY','2020-11-30 00:00:00',500,NULL),(1144,3,'SALARY','2020-11-30 00:00:00',500,NULL),(1143,7,'SALARY','2020-11-30 00:00:00',334,NULL),(1142,5,'SALARY','2020-11-30 00:00:00',400,NULL),(1141,4,'SALARY','2020-11-30 00:00:00',300,NULL),(1139,7,'SALARY','2020-12-01 00:00:00',334,NULL),(1138,5,'SALARY','2020-12-01 00:00:00',400,NULL),(1137,3,'SALARY','2020-12-01 00:00:00',500,NULL),(1136,8,'SALARY','2020-12-01 00:00:00',500,NULL),(1135,4,'SALARY','2020-12-01 00:00:00',300,NULL),(1133,7,'SALARY','2020-12-02 00:00:00',334,NULL),(1132,5,'SALARY','2020-12-02 00:00:00',400,NULL),(1131,8,'SALARY','2020-12-02 00:00:00',500,NULL),(1130,3,'SALARY','2020-12-02 00:00:00',500,NULL),(1129,4,'SALARY','2020-12-02 00:00:00',300,NULL),(1127,7,'SALARY','2020-12-03 00:00:00',334,NULL),(1126,5,'SALARY','2020-12-03 00:00:00',400,NULL),(1125,3,'SALARY','2020-12-03 00:00:00',500,NULL),(1124,8,'SALARY','2020-12-03 00:00:00',500,NULL),(1123,4,'SALARY','2020-12-03 00:00:00',300,NULL),(981,5,'SALARY','2020-12-04 00:00:00',400,NULL),(980,8,'SALARY','2020-12-04 00:00:00',500,NULL),(979,3,'SALARY','2020-12-04 00:00:00',500,NULL),(978,4,'SALARY','2020-12-04 00:00:00',300,NULL),(901,4,'SALARY','2020-12-05 00:00:00',300,NULL),(902,7,'SALARY','2020-12-05 00:00:00',334,NULL),(903,5,'SALARY','2020-12-05 00:00:00',400,NULL),(904,3,'SALARY','2020-12-05 00:00:00',500,NULL),(905,8,'SALARY','2020-12-05 00:00:00',500,NULL),(906,4,'SALARY','2020-12-06 00:00:00',300,NULL),(907,8,'SALARY','2020-12-06 00:00:00',500,NULL),(908,3,'SALARY','2020-12-06 00:00:00',500,NULL),(909,5,'SALARY','2020-12-06 00:00:00',400,NULL),(910,7,'SALARY','2020-12-06 00:00:00',334,NULL),(911,3,'SALARY','2020-12-07 00:00:00',500,NULL),(912,8,'SALARY','2020-12-07 00:00:00',500,NULL),(913,5,'SALARY','2020-12-07 00:00:00',400,NULL),(914,7,'SALARY','2020-12-07 00:00:00',334,NULL),(915,3,'SALARY','2020-12-08 00:00:00',500,NULL),(916,8,'SALARY','2020-12-08 00:00:00',500,NULL),(917,5,'SALARY','2020-12-08 00:00:00',400,NULL),(918,7,'SALARY','2020-12-08 00:00:00',334,NULL),(919,4,'SALARY','2020-12-09 00:00:00',300,NULL),(920,3,'SALARY','2020-12-09 00:00:00',500,NULL),(921,8,'SALARY','2020-12-09 00:00:00',500,NULL),(922,5,'SALARY','2020-12-09 00:00:00',400,NULL),(923,7,'SALARY','2020-12-09 00:00:00',334,NULL),(924,4,'SALARY','2020-12-10 00:00:00',300,NULL),(925,7,'SALARY','2020-12-10 00:00:00',334,NULL),(926,3,'SALARY','2020-12-10 00:00:00',500,NULL),(927,8,'SALARY','2020-12-10 00:00:00',500,NULL),(928,5,'SALARY','2020-12-10 00:00:00',400,NULL),(929,4,'SALARY','2020-12-11 00:00:00',300,NULL),(930,3,'SALARY','2020-12-11 00:00:00',500,NULL),(931,8,'SALARY','2020-12-11 00:00:00',500,NULL),(932,4,'SALARY','2020-12-12 00:00:00',300,NULL),(933,3,'SALARY','2020-12-12 00:00:00',500,NULL),(934,8,'SALARY','2020-12-12 00:00:00',500,NULL),(940,8,'SALARY','2020-12-13 00:00:00',500,NULL),(939,3,'SALARY','2020-12-13 00:00:00',500,NULL),(938,4,'SALARY','2020-12-13 00:00:00',300,NULL),(1184,2,'SALARY','2021-01-22 00:00:00',500,NULL),(1183,7,'SALARY','2021-01-21 00:00:00',334,NULL),(1179,3,'SALARY','2020-12-14 00:00:00',500,NULL),(1182,5,'SALARY','2021-01-21 00:00:00',400,NULL),(1181,2,'SALARY','2021-01-21 00:00:00',500,NULL),(1180,3,'SALARY','2020-12-15 00:00:00',500,NULL),(952,3,'SALARY','2020-12-16 00:00:00',500,NULL),(951,8,'SALARY','2020-12-16 00:00:00',500,NULL),(950,4,'SALARY','2020-12-16 00:00:00',300,NULL),(953,4,'SALARY','2020-12-17 00:00:00',300,NULL),(954,8,'SALARY','2020-12-17 00:00:00',500,NULL),(955,3,'SALARY','2020-12-17 00:00:00',500,NULL),(956,2,'SALARY','2020-12-17 00:00:00',500,NULL),(1159,3,'SALARY','2020-12-18 00:00:00',500,NULL),(1158,8,'SALARY','2020-12-18 00:00:00',500,NULL),(1157,4,'SALARY','2020-12-18 00:00:00',300,NULL),(960,4,'SALARY','2020-12-19 00:00:00',300,NULL),(961,8,'SALARY','2020-12-19 00:00:00',500,NULL),(962,3,'SALARY','2020-12-19 00:00:00',500,NULL),(963,4,'SALARY','2020-12-20 00:00:00',300,NULL),(964,8,'SALARY','2020-12-20 00:00:00',500,NULL),(965,3,'SALARY','2020-12-20 00:00:00',500,NULL),(966,5,'SALARY','2020-12-20 00:00:00',400,NULL),(967,7,'SALARY','2020-12-20 00:00:00',334,NULL),(968,4,'SALARY','2020-12-21 00:00:00',300,NULL),(969,8,'SALARY','2020-12-21 00:00:00',500,NULL),(970,3,'SALARY','2020-12-21 00:00:00',500,NULL),(971,5,'SALARY','2020-12-21 00:00:00',400,NULL),(972,7,'SALARY','2020-12-21 00:00:00',334,NULL),(973,4,'SALARY','2020-12-22 00:00:00',300,NULL),(974,8,'SALARY','2020-12-22 00:00:00',500,NULL),(975,3,'SALARY','2020-12-22 00:00:00',500,NULL),(976,5,'SALARY','2020-12-22 00:00:00',400,NULL),(977,7,'SALARY','2020-12-22 00:00:00',334,NULL),(983,48,'SALARY','2020-12-04 00:00:00',2250,NULL),(984,4,'SALARY','2020-12-23 00:00:00',300,NULL),(985,8,'SALARY','2020-12-23 00:00:00',500,NULL),(986,3,'SALARY','2020-12-23 00:00:00',500,NULL),(987,5,'SALARY','2020-12-23 00:00:00',400,NULL),(988,7,'SALARY','2020-12-23 00:00:00',334,NULL),(989,4,'SALARY','2020-12-24 00:00:00',300,NULL),(990,8,'SALARY','2020-12-24 00:00:00',500,NULL),(991,3,'SALARY','2020-12-24 00:00:00',500,NULL),(992,5,'SALARY','2020-12-24 00:00:00',400,NULL),(993,7,'SALARY','2020-12-24 00:00:00',334,NULL),(994,4,'SALARY','2020-12-25 00:00:00',300,NULL),(995,8,'SALARY','2020-12-25 00:00:00',500,NULL),(996,3,'SALARY','2020-12-25 00:00:00',500,NULL),(997,5,'SALARY','2020-12-25 00:00:00',400,NULL),(998,7,'SALARY','2020-12-25 00:00:00',334,NULL),(999,4,'SALARY','2020-12-26 00:00:00',300,NULL),(1000,3,'SALARY','2020-12-26 00:00:00',500,NULL),(1001,8,'SALARY','2020-12-26 00:00:00',500,NULL),(1002,5,'SALARY','2020-12-26 00:00:00',400,NULL),(1003,7,'SALARY','2020-12-26 00:00:00',334,NULL),(1016,4,'ALLOWANCE','2020-12-27 00:00:00',400,NULL),(1015,7,'SALARY','2020-12-27 00:00:00',334,NULL),(1014,5,'SALARY','2020-12-27 00:00:00',400,NULL),(1013,8,'SALARY','2020-12-27 00:00:00',500,NULL),(1012,3,'SALARY','2020-12-27 00:00:00',500,NULL),(1011,4,'SALARY','2020-12-27 00:00:00',300,NULL),(1017,8,'ALLOWANCE','2020-12-27 00:00:00',100,NULL),(1042,4,'SALARY','2020-12-31 00:00:00',300,NULL),(1043,3,'SALARY','2020-12-31 00:00:00',500,NULL),(1041,7,'SALARY','2020-12-28 00:00:00',334,NULL),(1040,5,'SALARY','2020-12-28 00:00:00',400,NULL),(1039,3,'SALARY','2020-12-28 00:00:00',500,NULL),(1038,8,'SALARY','2020-12-28 00:00:00',500,NULL),(1037,4,'SALARY','2020-12-28 00:00:00',300,NULL),(1027,4,'SALARY','2020-12-29 00:00:00',300,NULL),(1028,3,'SALARY','2020-12-29 00:00:00',500,NULL),(1029,8,'SALARY','2020-12-29 00:00:00',500,NULL),(1030,5,'SALARY','2020-12-29 00:00:00',400,NULL),(1031,7,'SALARY','2020-12-29 00:00:00',334,NULL),(1032,4,'SALARY','2020-12-30 00:00:00',300,NULL),(1033,3,'SALARY','2020-12-30 00:00:00',500,NULL),(1034,8,'SALARY','2020-12-30 00:00:00',500,NULL),(1035,5,'SALARY','2020-12-30 00:00:00',400,NULL),(1036,7,'SALARY','2020-12-30 00:00:00',334,NULL),(1044,8,'SALARY','2020-12-31 00:00:00',500,NULL),(1045,5,'SALARY','2020-12-31 00:00:00',400,NULL),(1046,7,'SALARY','2020-12-31 00:00:00',334,NULL),(1056,7,'SALARY','2021-01-01 00:00:00',334,NULL),(1055,5,'SALARY','2021-01-01 00:00:00',400,NULL),(1054,8,'SALARY','2021-01-01 00:00:00',500,NULL),(1053,3,'SALARY','2021-01-01 00:00:00',500,NULL),(1052,4,'SALARY','2021-01-01 00:00:00',300,NULL),(1066,7,'SALARY','2021-01-02 00:00:00',334,NULL),(1065,5,'SALARY','2021-01-02 00:00:00',400,NULL),(1064,8,'SALARY','2021-01-02 00:00:00',500,NULL),(1063,3,'SALARY','2021-01-02 00:00:00',500,NULL),(1062,4,'SALARY','2021-01-02 00:00:00',300,NULL),(1067,4,'SALARY','2021-01-03 00:00:00',300,NULL),(1068,3,'SALARY','2021-01-03 00:00:00',500,NULL),(1069,8,'SALARY','2021-01-03 00:00:00',500,NULL),(1070,5,'SALARY','2021-01-03 00:00:00',400,NULL),(1071,7,'SALARY','2021-01-03 00:00:00',334,NULL),(1072,3,'SALARY','2021-01-04 00:00:00',500,NULL),(1073,8,'SALARY','2021-01-04 00:00:00',500,NULL),(1074,5,'SALARY','2021-01-04 00:00:00',400,NULL),(1075,7,'SALARY','2021-01-04 00:00:00',334,NULL),(1076,3,'SALARY','2021-01-05 00:00:00',500,NULL),(1077,8,'SALARY','2021-01-05 00:00:00',500,NULL),(1078,5,'SALARY','2021-01-05 00:00:00',400,NULL),(1079,7,'SALARY','2021-01-05 00:00:00',334,NULL),(1080,3,'SALARY','2021-01-06 00:00:00',500,NULL),(1081,8,'SALARY','2021-01-06 00:00:00',500,NULL),(1082,5,'SALARY','2021-01-06 00:00:00',400,NULL),(1083,7,'SALARY','2021-01-06 00:00:00',334,NULL),(1091,7,'SALARY','2021-01-07 00:00:00',334,NULL),(1090,5,'SALARY','2021-01-07 00:00:00',400,NULL),(1089,8,'SALARY','2021-01-07 00:00:00',500,NULL),(1088,3,'SALARY','2021-01-07 00:00:00',500,NULL),(1099,8,'SALARY','2021-01-08 00:00:00',500,NULL),(1098,5,'SALARY','2021-01-08 00:00:00',400,NULL),(1097,7,'SALARY','2021-01-08 00:00:00',334,NULL),(1096,3,'SALARY','2021-01-08 00:00:00',500,NULL),(1100,3,'SALARY','2021-01-09 00:00:00',500,NULL),(1101,5,'SALARY','2021-01-09 00:00:00',400,NULL),(1102,7,'SALARY','2021-01-09 00:00:00',334,NULL),(1103,2,'SALARY','2021-01-10 00:00:00',500,NULL),(1104,3,'SALARY','2021-01-10 00:00:00',500,NULL),(1105,7,'SALARY','2021-01-10 00:00:00',334,NULL),(1106,5,'SALARY','2021-01-10 00:00:00',400,NULL),(1107,2,'SALARY','2021-01-11 00:00:00',500,NULL),(1108,3,'SALARY','2021-01-11 00:00:00',500,NULL),(1109,5,'SALARY','2021-01-11 00:00:00',400,NULL),(1110,7,'SALARY','2021-01-11 00:00:00',334,NULL),(1111,2,'SALARY','2021-01-12 00:00:00',500,NULL),(1112,3,'SALARY','2021-01-12 00:00:00',500,NULL),(1113,5,'SALARY','2021-01-12 00:00:00',400,NULL),(1114,7,'SALARY','2021-01-12 00:00:00',334,NULL),(1115,2,'SALARY','2021-01-13 00:00:00',500,NULL),(1116,3,'SALARY','2021-01-13 00:00:00',500,NULL),(1117,5,'SALARY','2021-01-13 00:00:00',400,NULL),(1118,7,'SALARY','2021-01-13 00:00:00',334,NULL),(1119,2,'SALARY','2021-01-14 00:00:00',500,NULL),(1120,3,'SALARY','2021-01-14 00:00:00',500,NULL),(1121,5,'SALARY','2021-01-14 00:00:00',400,NULL),(1122,7,'SALARY','2021-01-14 00:00:00',334,NULL),(1128,2,'SALARY','2020-12-03 00:00:00',500,NULL),(1134,2,'SALARY','2020-12-02 00:00:00',500,NULL),(1140,2,'SALARY','2020-12-01 00:00:00',500,NULL),(1146,2,'SALARY','2020-11-30 00:00:00',500,NULL),(1150,5,'SALARY','2020-11-29 00:00:00',400,NULL),(1151,2,'SALARY','2020-11-29 00:00:00',500,NULL),(1156,2,'SALARY','2020-11-28 00:00:00',500,NULL),(1160,2,'SALARY','2020-12-18 00:00:00',500,NULL),(1161,2,'SALARY','2021-01-15 00:00:00',500,NULL),(1162,5,'SALARY','2021-01-15 00:00:00',400,NULL),(1163,7,'SALARY','2021-01-15 00:00:00',334,NULL),(1164,2,'SALARY','2021-01-16 00:00:00',500,NULL),(1165,5,'SALARY','2021-01-16 00:00:00',400,NULL),(1166,7,'SALARY','2021-01-16 00:00:00',334,NULL),(1167,2,'SALARY','2021-01-17 00:00:00',500,NULL),(1168,5,'SALARY','2021-01-17 00:00:00',400,NULL),(1169,7,'SALARY','2021-01-17 00:00:00',334,NULL),(1170,2,'SALARY','2021-01-18 00:00:00',500,NULL),(1171,5,'SALARY','2021-01-18 00:00:00',400,NULL),(1172,7,'SALARY','2021-01-18 00:00:00',334,NULL),(1173,2,'SALARY','2021-01-19 00:00:00',500,NULL),(1174,5,'SALARY','2021-01-19 00:00:00',400,NULL),(1175,7,'SALARY','2021-01-19 00:00:00',334,NULL),(1176,2,'SALARY','2021-01-20 00:00:00',500,NULL),(1177,7,'SALARY','2021-01-20 00:00:00',334,NULL),(1178,5,'SALARY','2021-01-20 00:00:00',400,NULL),(1185,5,'SALARY','2021-01-22 00:00:00',400,NULL),(1186,7,'SALARY','2021-01-22 00:00:00',334,NULL),(1187,2,'SALARY','2021-01-23 00:00:00',500,NULL),(1188,5,'SALARY','2021-01-23 00:00:00',400,NULL),(1189,7,'SALARY','2021-01-23 00:00:00',334,NULL),(1190,8,'SALARY','2021-01-23 00:00:00',500,NULL),(1191,2,'SALARY','2021-01-24 00:00:00',500,NULL),(1192,5,'SALARY','2021-01-24 00:00:00',400,NULL),(1193,7,'SALARY','2021-01-24 00:00:00',334,NULL),(1194,8,'SALARY','2021-01-24 00:00:00',500,NULL),(1195,2,'SALARY','2021-01-25 00:00:00',500,NULL),(1196,5,'SALARY','2021-01-25 00:00:00',400,NULL),(1197,8,'SALARY','2021-01-25 00:00:00',500,NULL),(1198,7,'SALARY','2021-01-25 00:00:00',334,NULL),(1199,5,'SALARY','2021-01-26 00:00:00',400,NULL),(1200,8,'SALARY','2021-01-26 00:00:00',500,NULL),(1201,4,'SALARY','2021-01-26 00:00:00',300,NULL),(1202,5,'SALARY','2021-01-27 00:00:00',400,NULL),(1203,8,'SALARY','2021-01-27 00:00:00',500,NULL),(1204,4,'SALARY','2021-01-27 00:00:00',300,NULL),(1205,5,'SALARY','2021-01-28 00:00:00',400,NULL),(1206,4,'SALARY','2021-01-28 00:00:00',300,NULL),(1207,5,'SALARY','2021-01-29 00:00:00',400,NULL),(1208,4,'SALARY','2021-01-29 00:00:00',300,NULL),(1221,4,'SALARY','2021-01-30 00:00:00',300,NULL),(1229,4,'SALARY','2021-02-01 00:00:00',300,NULL),(1223,4,'SALARY','2021-01-31 00:00:00',300,NULL),(1222,5,'SALARY','2021-01-31 00:00:00',400,NULL),(1220,5,'SALARY','2021-01-30 00:00:00',400,NULL),(1228,5,'SALARY','2021-02-01 00:00:00',400,NULL),(1227,2,'SALARY','2021-02-01 00:00:00',500,NULL),(1230,2,'SALARY','2021-02-02 00:00:00',500,NULL),(1231,5,'SALARY','2021-02-02 00:00:00',400,NULL),(1232,8,'SALARY','2021-02-02 00:00:00',500,NULL),(1233,4,'SALARY','2021-02-02 00:00:00',300,NULL),(1241,4,'SALARY','2021-02-03 00:00:00',300,NULL),(1240,8,'SALARY','2021-02-03 00:00:00',500,NULL),(1239,5,'SALARY','2021-02-03 00:00:00',400,NULL),(1238,2,'SALARY','2021-02-03 00:00:00',500,NULL),(1242,2,'SALARY','2021-02-04 00:00:00',500,NULL),(1243,4,'SALARY','2021-02-04 00:00:00',300,NULL),(1244,8,'SALARY','2021-02-04 00:00:00',500,NULL),(1245,5,'SALARY','2021-02-04 00:00:00',400,NULL),(1246,2,'SALARY','2021-02-05 00:00:00',500,NULL),(1247,5,'SALARY','2021-02-05 00:00:00',400,NULL),(1248,2,'SALARY','2021-02-06 00:00:00',500,NULL),(1249,5,'SALARY','2021-02-06 00:00:00',400,NULL),(1250,2,'SALARY','2021-02-07 00:00:00',500,NULL),(1251,5,'SALARY','2021-02-07 00:00:00',400,NULL),(1253,2,'SALARY','2021-02-08 00:00:00',500,NULL),(1254,2,'SALARY','2021-02-09 00:00:00',500,NULL),(1255,2,'SALARY','2021-02-10 00:00:00',500,NULL),(1256,2,'SALARY','2021-02-11 00:00:00',500,NULL);
/*!40000 ALTER TABLE `z_payroll` ENABLE KEYS */;
UNLOCK TABLES;

--
-- Table structure for table `z_purchase_expenses`
--

DROP TABLE IF EXISTS `z_purchase_expenses`;
/*!40101 SET @saved_cs_client     = @@character_set_client */;
/*!50503 SET character_set_client = utf8mb4 */;
CREATE TABLE `z_purchase_expenses` (
  `id_purchase_expense` int NOT NULL AUTO_INCREMENT,
  `expense` varchar(200) CHARACTER SET utf8 COLLATE utf8_unicode_ci NOT NULL,
  `amount` double NOT NULL,
  `id_purchase_voucher` int NOT NULL,
  PRIMARY KEY (`id_purchase_expense`)
) ENGINE=InnoDB AUTO_INCREMENT=4523 DEFAULT CHARSET=utf8 COLLATE=utf8_unicode_ci;
/*!40101 SET character_set_client = @saved_cs_client */;

--
-- Dumping data for table `z_purchase_expenses`
--

LOCK TABLES `z_purchase_expenses` WRITE;
/*!40000 ALTER TABLE `z_purchase_expenses` DISABLE KEYS */;
INSERT INTO `z_purchase_expenses` VALUES (9,'COMMISION',0,5),(10,'LELAM',0,5),(11,'FREIGHT',0,5),(12,'OTHER EXPENSES',0,5),(13,'COMMISION',0,6),(14,'LELAM',0,6),(15,'FREIGHT',0,6),(16,'OTHER EXPENSES',0,6),(21,'COMMISION',0,8),(22,'LELAM',0,8),(23,'FREIGHT',0,8),(24,'OTHER EXPENSES',0,8),(29,'COMMISION',0,1),(30,'LELAM',0,1),(31,'FREIGHT',0,1),(32,'OTHER EXPENSES',0,1),(33,'COMMISION',0,4),(34,'LELAM',0,4),(35,'FREIGHT',0,4),(36,'OTHER EXPENSES',0,4),(37,'COMMISION',0,3),(38,'LELAM',0,3),(39,'FREIGHT',0,3),(40,'OTHER EXPENSES',0,3),(41,'COMMISION',0,9),(42,'LELAM',0,9),(43,'FREIGHT',0,9),(44,'OTHER EXPENSES',0,9),(49,'COMMISION',0,7),(50,'LELAM',0,7),(51,'FREIGHT',0,7),(52,'OTHER EXPENSES',0,7),(53,'COMMISION',0,10),(54,'LELAM',0,10),(55,'FREIGHT',0,10),(56,'OTHER EXPENSES',0,10),(57,'COMMISION',0,11),(58,'LELAM',0,11),(59,'FREIGHT',0,11),(60,'OTHER EXPENSES',0,11),(61,'COMMISION',0,12),(62,'LELAM',0,12),(63,'FREIGHT',0,12),(64,'OTHER EXPENSES',0,12),(73,'COMMISION',0,14),(74,'LELAM',0,14),(75,'FREIGHT',0,14),(76,'OTHER EXPENSES',0,14),(77,'COMMISION',0,13),(78,'LELAM',0,13),(79,'FREIGHT',0,13),(80,'OTHER EXPENSES',0,13),(85,'COMMISION',0,15),(86,'LELAM',0,15),(87,'FREIGHT',0,15),(88,'OTHER EXPENSES',0,15),(89,'COMMISION',0,16),(90,'LELAM',0,16),(91,'FREIGHT',0,16),(92,'OTHER EXPENSES',0,16),(101,'COMMISION',0,17),(102,'LELAM',0,17),(103,'FREIGHT',0,17),(104,'OTHER EXPENSES',0,17),(117,'COMMISION',0,18),(118,'LELAM',0,18),(119,'FREIGHT',0,18),(120,'OTHER EXPENSES',0,18),(121,'COMMISION',0,20),(122,'LELAM',0,20),(123,'FREIGHT',0,20),(124,'OTHER EXPENSES',0,20),(125,'COMMISION',0,19),(126,'LELAM',0,19),(127,'FREIGHT',0,19),(128,'OTHER EXPENSES',0,19),(129,'COMMISION',0,21),(130,'LELAM',0,21),(131,'FREIGHT',0,21),(132,'OTHER EXPENSES',0,21),(133,'COMMISION',0,22),(134,'LELAM',0,22),(135,'FREIGHT',0,22),(136,'OTHER EXPENSES',0,22),(137,'COMMISION',0,23),(138,'LELAM',0,23),(139,'FREIGHT',0,23),(140,'OTHER EXPENSES',0,23),(141,'COMMISION',0,24),(142,'LELAM',0,24),(143,'FREIGHT',0,24),(144,'OTHER EXPENSES',0,24),(145,'COMMISION',0,25),(146,'LELAM',0,25),(147,'FREIGHT',0,25),(148,'OTHER EXPENSES',0,25),(149,'COMMISION',0,26),(150,'LELAM',0,26),(151,'FREIGHT',0,26),(152,'OTHER EXPENSES',0,26),(153,'COMMISION',0,27),(154,'LELAM',0,27),(155,'FREIGHT',0,27),(156,'OTHER EXPENSES',0,27),(157,'COMMISION',0,28),(158,'LELAM',0,28),(159,'FREIGHT',0,28),(160,'OTHER EXPENSES',0,28),(161,'COMMISION',0,29),(162,'LELAM',0,29),(163,'FREIGHT',0,29),(164,'OTHER EXPENSES',0,29),(165,'COMMISION',0,30),(166,'LELAM',0,30),(167,'FREIGHT',0,30),(168,'OTHER EXPENSES',0,30),(169,'COMMISION',0,31),(170,'LELAM',0,31),(171,'FREIGHT',0,31),(172,'OTHER EXPENSES',0,31),(173,'COMMISION',0,32),(174,'LELAM',0,32),(175,'FREIGHT',0,32),(176,'OTHER EXPENSES',0,32),(177,'COMMISION',0,33),(178,'LELAM',0,33),(179,'FREIGHT',0,33),(180,'OTHER EXPENSES',0,33),(181,'COMMISION',0,34),(182,'LELAM',0,34),(183,'FREIGHT',0,34),(184,'OTHER EXPENSES',0,34),(185,'COMMISION',0,35),(186,'LELAM',0,35),(187,'FREIGHT',0,35),(188,'OTHER EXPENSES',0,35),(193,'COMMISION',0,37),(194,'LELAM',0,37),(195,'FREIGHT',0,37),(196,'OTHER EXPENSES',0,37),(197,'COMMISION',0,38),(198,'LELAM',0,38),(199,'FREIGHT',0,38),(200,'OTHER EXPENSES',0,38),(205,'COMMISION',0,36),(206,'LELAM',0,36),(207,'FREIGHT',0,36),(208,'OTHER EXPENSES',0,36),(209,'COMMISION',0,39),(210,'LELAM',0,39),(211,'FREIGHT',0,39),(212,'OTHER EXPENSES',0,39),(213,'COMMISION',0,40),(214,'LELAM',0,40),(215,'FREIGHT',0,40),(216,'OTHER EXPENSES',0,40),(217,'COMMISION',0,41),(218,'LELAM',0,41),(219,'FREIGHT',0,41),(220,'OTHER EXPENSES',0,41),(221,'COMMISION',0,42),(222,'LELAM',0,42),(223,'FREIGHT',0,42),(224,'OTHER EXPENSES',0,42),(225,'COMMISION',0,43),(226,'LELAM',0,43),(227,'FREIGHT',0,43),(228,'OTHER EXPENSES',0,43),(233,'COMMISION',0,45),(234,'LELAM',0,45),(235,'FREIGHT',0,45),(236,'OTHER EXPENSES',0,45),(237,'COMMISION',0,46),(238,'LELAM',0,46),(239,'FREIGHT',0,46),(240,'OTHER EXPENSES',0,46),(241,'COMMISION',0,44),(242,'LELAM',0,44),(243,'FREIGHT',0,44),(244,'OTHER EXPENSES',0,44),(249,'COMMISION',0,48),(250,'LELAM',0,48),(251,'FREIGHT',0,48),(252,'OTHER EXPENSES',0,48),(253,'COMMISION',0,47),(254,'LELAM',0,47),(255,'FREIGHT',0,47),(256,'OTHER EXPENSES',0,47),(257,'COMMISION',0,49),(258,'LELAM',0,49),(259,'FREIGHT',0,49),(260,'OTHER EXPENSES',0,49),(261,'COMMISION',0,50),(262,'LELAM',0,50),(263,'FREIGHT',0,50),(264,'OTHER EXPENSES',0,50),(269,'COMMISION',0,51),(270,'LELAM',0,51),(271,'FREIGHT',0,51),(272,'OTHER EXPENSES',0,51),(273,'COMMISION',0,52),(274,'LELAM',0,52),(275,'FREIGHT',0,52),(276,'OTHER EXPENSES',0,52),(277,'COMMISION',0,53),(278,'LELAM',0,53),(279,'FREIGHT',0,53),(280,'OTHER EXPENSES',0,53),(281,'COMMISION',0,54),(282,'LELAM',0,54),(283,'FREIGHT',0,54),(284,'OTHER EXPENSES',0,54),(285,'COMMISION',0,55),(286,'LELAM',0,55),(287,'FREIGHT',0,55),(288,'OTHER EXPENSES',0,55),(293,'COMMISION',0,57),(294,'LELAM',0,57),(295,'FREIGHT',0,57),(296,'OTHER EXPENSES',0,57),(301,'COMMISION',0,59),(302,'LELAM',0,59),(303,'FREIGHT',0,59),(304,'OTHER EXPENSES',0,59),(305,'COMMISION',0,58),(306,'LELAM',0,58),(307,'FREIGHT',0,58),(308,'OTHER EXPENSES',0,58),(309,'COMMISION',0,60),(310,'LELAM',0,60),(311,'FREIGHT',0,60),(312,'OTHER EXPENSES',0,60),(325,'COMMISION',0,61),(326,'LELAM',0,61),(327,'FREIGHT',0,61),(328,'OTHER EXPENSES',0,61),(329,'COMMISION',0,62),(330,'LELAM',0,62),(331,'FREIGHT',0,62),(332,'OTHER EXPENSES',0,62),(333,'COMMISION',0,63),(334,'LELAM',0,63),(335,'FREIGHT',0,63),(336,'OTHER EXPENSES',0,63),(337,'COMMISION',0,64),(338,'LELAM',0,64),(339,'FREIGHT',0,64),(340,'OTHER EXPENSES',0,64),(341,'COMMISION',0,65),(342,'LELAM',0,65),(343,'FREIGHT',0,65),(344,'OTHER EXPENSES',0,65),(345,'COMMISION',0,66),(346,'LELAM',0,66),(347,'FREIGHT',0,66),(348,'OTHER EXPENSES',0,66),(349,'COMMISION',0,67),(350,'LELAM',0,67),(351,'FREIGHT',0,67),(352,'OTHER EXPENSES',0,67),(353,'COMMISION',0,68),(354,'LELAM',0,68),(355,'FREIGHT',0,68),(356,'OTHER EXPENSES',0,68),(361,'COMMISION',0,69),(362,'LELAM',0,69),(363,'FREIGHT',0,69),(364,'OTHER EXPENSES',0,69),(365,'COMMISION',0,70),(366,'LELAM',0,70),(367,'FREIGHT',0,70),(368,'OTHER EXPENSES',0,70),(369,'COMMISION',0,71),(370,'LELAM',0,71),(371,'FREIGHT',0,71),(372,'OTHER EXPENSES',0,71),(373,'COMMISION',0,72),(374,'LELAM',0,72),(375,'FREIGHT',0,72),(376,'OTHER EXPENSES',0,72),(377,'COMMISION',0,73),(378,'LELAM',0,73),(379,'FREIGHT',0,73),(380,'OTHER EXPENSES',0,73),(385,'COMMISION',0,74),(386,'LELAM',0,74),(387,'FREIGHT',0,74),(388,'OTHER EXPENSES',0,74),(389,'COMMISION',0,75),(390,'LELAM',0,75),(391,'FREIGHT',0,75),(392,'OTHER EXPENSES',0,75),(393,'COMMISION',0,76),(394,'LELAM',0,76),(395,'FREIGHT',0,76),(396,'OTHER EXPENSES',0,76),(397,'COMMISION',0,77),(398,'LELAM',0,77),(399,'FREIGHT',0,77),(400,'OTHER EXPENSES',0,77),(401,'COMMISION',0,78),(402,'LELAM',0,78),(403,'FREIGHT',0,78),(404,'OTHER EXPENSES',0,78),(405,'COMMISION',0,79),(406,'LELAM',0,79),(407,'FREIGHT',0,79),(408,'OTHER EXPENSES',0,79),(409,'COMMISION',0,80),(410,'LELAM',0,80),(411,'FREIGHT',0,80),(412,'OTHER EXPENSES',0,80),(413,'COMMISION',0,81),(414,'LELAM',0,81),(415,'FREIGHT',0,81),(416,'OTHER EXPENSES',0,81),(417,'COMMISION',0,82),(418,'LELAM',0,82),(419,'FREIGHT',0,82),(420,'OTHER EXPENSES',0,82),(421,'COMMISION',0,83),(422,'LELAM',0,83),(423,'FREIGHT',0,83),(424,'OTHER EXPENSES',0,83),(425,'COMMISION',0,84),(426,'LELAM',0,84),(427,'FREIGHT',0,84),(428,'OTHER EXPENSES',0,84),(437,'COMMISION',0,86),(438,'LELAM',0,86),(439,'FREIGHT',0,86),(440,'OTHER EXPENSES',0,86),(441,'COMMISION',0,87),(442,'LELAM',0,87),(443,'FREIGHT',0,87),(444,'OTHER EXPENSES',0,87),(449,'COMMISION',0,89),(450,'LELAM',0,89),(451,'FREIGHT',0,89),(452,'OTHER EXPENSES',0,89),(453,'COMMISION',0,90),(454,'LELAM',0,90),(455,'FREIGHT',0,90),(456,'OTHER EXPENSES',0,90),(457,'COMMISION',0,85),(458,'LELAM',0,85),(459,'FREIGHT',0,85),(460,'OTHER EXPENSES',0,85),(465,'COMMISION',0,88),(466,'LELAM',0,88),(467,'FREIGHT',0,88),(468,'OTHER EXPENSES',0,88),(469,'COMMISION',0,91),(470,'LELAM',0,91),(471,'FREIGHT',0,91),(472,'OTHER EXPENSES',0,91),(473,'COMMISION',0,92),(474,'LELAM',0,92),(475,'FREIGHT',0,92),(476,'OTHER EXPENSES',0,92),(477,'COMMISION',0,93),(478,'LELAM',0,93),(479,'FREIGHT',0,93),(480,'OTHER EXPENSES',0,93),(493,'COMMISION',0,94),(494,'LELAM',0,94),(495,'FREIGHT',0,94),(496,'OTHER EXPENSES',0,94),(497,'COMMISION',0,95),(498,'LELAM',0,95),(499,'FREIGHT',0,95),(500,'OTHER EXPENSES',0,95),(501,'COMMISION',0,96),(502,'LELAM',0,96),(503,'FREIGHT',0,96),(504,'OTHER EXPENSES',0,96),(505,'COMMISION',0,97),(506,'LELAM',0,97),(507,'FREIGHT',0,97),(508,'OTHER EXPENSES',0,97),(509,'COMMISION',0,98),(510,'LELAM',0,98),(511,'FREIGHT',0,98),(512,'OTHER EXPENSES',0,98),(513,'COMMISION',0,99),(514,'LELAM',0,99),(515,'FREIGHT',0,99),(516,'OTHER EXPENSES',0,99),(521,'COMMISION',0,100),(522,'LELAM',0,100),(523,'FREIGHT',0,100),(524,'OTHER EXPENSES',0,100),(525,'COMMISION',0,101),(526,'LELAM',0,101),(527,'FREIGHT',0,101),(528,'OTHER EXPENSES',0,101),(529,'COMMISION',0,102),(530,'LELAM',0,102),(531,'FREIGHT',0,102),(532,'OTHER EXPENSES',0,102),(533,'COMMISION',0,103),(534,'LELAM',0,103),(535,'FREIGHT',0,103),(536,'OTHER EXPENSES',0,103),(565,'COMMISION',0,107),(566,'LELAM',0,107),(567,'FREIGHT',0,107),(568,'OTHER EXPENSES',0,107),(569,'COMMISION',0,108),(570,'LELAM',0,108),(571,'FREIGHT',0,108),(572,'OTHER EXPENSES',0,108),(573,'COMMISION',0,109),(574,'LELAM',0,109),(575,'FREIGHT',0,109),(576,'OTHER EXPENSES',0,109),(577,'COMMISION',0,110),(578,'LELAM',0,110),(579,'FREIGHT',0,110),(580,'OTHER EXPENSES',0,110),(581,'COMMISION',0,111),(582,'LELAM',0,111),(583,'FREIGHT',0,111),(584,'OTHER EXPENSES',0,111),(585,'COMMISION',0,104),(586,'LELAM',0,104),(587,'FREIGHT',0,104),(588,'OTHER EXPENSES',0,104),(589,'COMMISION',0,105),(590,'LELAM',0,105),(591,'FREIGHT',0,105),(592,'OTHER EXPENSES',0,105),(593,'COMMISION',0,106),(594,'LELAM',0,106),(595,'FREIGHT',0,106),(596,'OTHER EXPENSES',0,106),(597,'COMMISION',0,112),(598,'LELAM',0,112),(599,'FREIGHT',0,112),(600,'OTHER EXPENSES',0,112),(617,'COMMISION',0,115),(618,'LELAM',0,115),(619,'FREIGHT',0,115),(620,'OTHER EXPENSES',0,115),(625,'COMMISION',0,114),(626,'LELAM',0,114),(627,'FREIGHT',0,114),(628,'OTHER EXPENSES',0,114),(629,'COMMISION',0,116),(630,'LELAM',0,116),(631,'FREIGHT',0,116),(632,'OTHER EXPENSES',0,116),(633,'COMMISION',0,113),(634,'LELAM',0,113),(635,'FREIGHT',0,113),(636,'OTHER EXPENSES',0,113),(637,'COMMISION',0,117),(638,'LELAM',0,117),(639,'FREIGHT',0,117),(640,'OTHER EXPENSES',0,117),(641,'COMMISION',0,118),(642,'LELAM',0,118),(643,'FREIGHT',0,118),(644,'OTHER EXPENSES',0,118),(645,'COMMISION',0,119),(646,'LELAM',0,119),(647,'FREIGHT',0,119),(648,'OTHER EXPENSES',0,119),(657,'COMMISION',0,120),(658,'LELAM',0,120),(659,'FREIGHT',0,120),(660,'OTHER EXPENSES',0,120),(661,'COMMISION',0,121),(662,'LELAM',0,121),(663,'FREIGHT',0,121),(664,'OTHER EXPENSES',0,121),(669,'COMMISION',0,123),(670,'LELAM',0,123),(671,'FREIGHT',0,123),(672,'OTHER EXPENSES',0,123),(673,'COMMISION',0,124),(674,'LELAM',0,124),(675,'FREIGHT',0,124),(676,'OTHER EXPENSES',0,124),(677,'COMMISION',0,125),(678,'LELAM',0,125),(679,'FREIGHT',0,125),(680,'OTHER EXPENSES',0,125),(681,'COMMISION',0,126),(682,'LELAM',0,126),(683,'FREIGHT',0,126),(684,'OTHER EXPENSES',0,126),(685,'COMMISION',0,127),(686,'LELAM',0,127),(687,'FREIGHT',0,127),(688,'OTHER EXPENSES',0,127),(689,'COMMISION',0,128),(690,'LELAM',0,128),(691,'FREIGHT',0,128),(692,'OTHER EXPENSES',0,128),(693,'COMMISION',0,129),(694,'LELAM',0,129),(695,'FREIGHT',0,129),(696,'OTHER EXPENSES',0,129),(697,'COMMISION',0,122),(698,'LELAM',0,122),(699,'FREIGHT',0,122),(700,'OTHER EXPENSES',0,122),(701,'COMMISION',0,130),(702,'LELAM',0,130),(703,'FREIGHT',0,130),(704,'OTHER EXPENSES',0,130),(705,'COMMISION',0,131),(706,'LELAM',0,131),(707,'FREIGHT',0,131),(708,'OTHER EXPENSES',0,131),(709,'COMMISION',0,132),(710,'LELAM',0,132),(711,'FREIGHT',0,132),(712,'OTHER EXPENSES',0,132),(713,'COMMISION',0,133),(714,'LELAM',0,133),(715,'FREIGHT',0,133),(716,'OTHER EXPENSES',0,133),(717,'COMMISION',0,134),(718,'LELAM',0,134),(719,'FREIGHT',0,134),(720,'OTHER EXPENSES',0,134),(721,'COMMISION',0,135),(722,'LELAM',0,135),(723,'FREIGHT',0,135),(724,'OTHER EXPENSES',0,135),(725,'COMMISION',0,136),(726,'LELAM',0,136),(727,'FREIGHT',0,136),(728,'OTHER EXPENSES',0,136),(729,'COMMISION',0,137),(730,'LELAM',0,137),(731,'FREIGHT',0,137),(732,'OTHER EXPENSES',0,137),(733,'COMMISION',0,138),(734,'LELAM',0,138),(735,'FREIGHT',0,138),(736,'OTHER EXPENSES',0,138),(753,'COMMISION',0,140),(754,'LELAM',0,140),(755,'FREIGHT',0,140),(756,'OTHER EXPENSES',0,140),(757,'COMMISION',0,139),(758,'LELAM',0,139),(759,'FREIGHT',0,139),(760,'OTHER EXPENSES',0,139),(761,'COMMISION',0,141),(762,'LELAM',0,141),(763,'FREIGHT',0,141),(764,'OTHER EXPENSES',0,141),(765,'COMMISION',0,142),(766,'LELAM',0,142),(767,'FREIGHT',0,142),(768,'OTHER EXPENSES',0,142),(769,'COMMISION',0,143),(770,'LELAM',0,143),(771,'FREIGHT',0,143),(772,'OTHER EXPENSES',0,143),(773,'COMMISION',0,144),(774,'LELAM',0,144),(775,'FREIGHT',0,144),(776,'OTHER EXPENSES',0,144),(777,'COMMISION',0,145),(778,'LELAM',0,145),(779,'FREIGHT',0,145),(780,'OTHER EXPENSES',0,145),(781,'COMMISION',0,146),(782,'LELAM',0,146),(783,'FREIGHT',0,146),(784,'OTHER EXPENSES',0,146),(785,'COMMISION',0,147),(786,'LELAM',0,147),(787,'FREIGHT',0,147),(788,'OTHER EXPENSES',0,147),(789,'COMMISION',0,148),(790,'LELAM',0,148),(791,'FREIGHT',0,148),(792,'OTHER EXPENSES',0,148),(793,'COMMISION',0,149),(794,'LELAM',0,149),(795,'FREIGHT',0,149),(796,'OTHER EXPENSES',0,149),(801,'COMMISION',0,151),(802,'LELAM',0,151),(803,'FREIGHT',0,151),(804,'OTHER EXPENSES',0,151),(805,'COMMISION',0,152),(806,'LELAM',0,152),(807,'FREIGHT',0,152),(808,'OTHER EXPENSES',0,152),(809,'COMMISION',0,153),(810,'LELAM',0,153),(811,'FREIGHT',0,153),(812,'OTHER EXPENSES',0,153),(813,'COMMISION',0,154),(814,'LELAM',0,154),(815,'FREIGHT',0,154),(816,'OTHER EXPENSES',0,154),(817,'COMMISION',0,155),(818,'LELAM',0,155),(819,'FREIGHT',0,155),(820,'OTHER EXPENSES',0,155),(821,'COMMISION',0,156),(822,'LELAM',0,156),(823,'FREIGHT',0,156),(824,'OTHER EXPENSES',0,156),(825,'COMMISION',0,150),(826,'LELAM',0,150),(827,'FREIGHT',0,150),(828,'OTHER EXPENSES',0,150),(829,'COMMISION',0,157),(830,'LELAM',0,157),(831,'FREIGHT',0,157),(832,'OTHER EXPENSES',0,157),(837,'COMMISION',0,159),(838,'LELAM',0,159),(839,'FREIGHT',0,159),(840,'OTHER EXPENSES',0,159),(841,'COMMISION',0,158),(842,'LELAM',0,158),(843,'FREIGHT',0,158),(844,'OTHER EXPENSES',0,158),(845,'COMMISION',0,160),(846,'LELAM',0,160),(847,'FREIGHT',0,160),(848,'OTHER EXPENSES',0,160),(849,'COMMISION',0,161),(850,'LELAM',0,161),(851,'FREIGHT',0,161),(852,'OTHER EXPENSES',0,161),(853,'COMMISION',0,162),(854,'LELAM',0,162),(855,'FREIGHT',0,162),(856,'OTHER EXPENSES',0,162),(857,'COMMISION',0,163),(858,'LELAM',0,163),(859,'FREIGHT',0,163),(860,'OTHER EXPENSES',0,163),(865,'COMMISION',0,165),(866,'LELAM',0,165),(867,'FREIGHT',0,165),(868,'OTHER EXPENSES',0,165),(869,'COMMISION',0,166),(870,'LELAM',0,166),(871,'FREIGHT',0,166),(872,'OTHER EXPENSES',0,166),(885,'COMMISION',0,170),(886,'LELAM',0,170),(887,'FREIGHT',0,170),(888,'OTHER EXPENSES',0,170),(889,'COMMISION',0,171),(890,'LELAM',0,171),(891,'FREIGHT',0,171),(892,'OTHER EXPENSES',0,171),(893,'COMMISION',0,172),(894,'LELAM',0,172),(895,'FREIGHT',0,172),(896,'OTHER EXPENSES',0,172),(897,'COMMISION',0,167),(898,'LELAM',0,167),(899,'FREIGHT',0,167),(900,'OTHER EXPENSES',0,167),(901,'COMMISION',0,173),(902,'LELAM',0,173),(903,'FREIGHT',0,173),(904,'OTHER EXPENSES',0,173),(905,'COMMISION',0,174),(906,'LELAM',0,174),(907,'FREIGHT',0,174),(908,'OTHER EXPENSES',0,174),(917,'COMMISION',0,177),(918,'LELAM',0,177),(919,'FREIGHT',0,177),(920,'OTHER EXPENSES',0,177),(921,'COMMISION',0,178),(922,'LELAM',0,178),(923,'FREIGHT',0,178),(924,'OTHER EXPENSES',0,178),(925,'COMMISION',0,164),(926,'LELAM',0,164),(927,'FREIGHT',0,164),(928,'OTHER EXPENSES',0,164),(933,'COMMISION',0,175),(934,'LELAM',0,175),(935,'FREIGHT',0,175),(936,'OTHER EXPENSES',0,175),(937,'COMMISION',0,176),(938,'LELAM',0,176),(939,'FREIGHT',0,176),(940,'OTHER EXPENSES',0,176),(941,'COMMISION',0,168),(942,'LELAM',0,168),(943,'FREIGHT',0,168),(944,'OTHER EXPENSES',0,168),(945,'COMMISION',0,179),(946,'LELAM',0,179),(947,'FREIGHT',0,179),(948,'OTHER EXPENSES',0,179),(949,'COMMISION',0,180),(950,'LELAM',0,180),(951,'FREIGHT',0,180),(952,'OTHER EXPENSES',0,180),(953,'COMMISION',0,181),(954,'LELAM',0,181),(955,'FREIGHT',0,181),(956,'OTHER EXPENSES',0,181),(957,'COMMISION',0,182),(958,'LELAM',0,182),(959,'FREIGHT',0,182),(960,'OTHER EXPENSES',0,182),(961,'COMMISION',0,183),(962,'LELAM',0,183),(963,'FREIGHT',0,183),(964,'OTHER EXPENSES',0,183),(965,'COMMISION',0,184),(966,'LELAM',0,184),(967,'FREIGHT',0,184),(968,'OTHER EXPENSES',0,184),(969,'COMMISION',0,185),(970,'LELAM',0,185),(971,'FREIGHT',0,185),(972,'OTHER EXPENSES',0,185),(973,'COMMISION',0,169),(974,'LELAM',0,169),(975,'FREIGHT',0,169),(976,'OTHER EXPENSES',0,169),(977,'COMMISION',0,186),(978,'LELAM',0,186),(979,'FREIGHT',0,186),(980,'OTHER EXPENSES',0,186),(981,'COMMISION',0,187),(982,'LELAM',0,187),(983,'FREIGHT',0,187),(984,'OTHER EXPENSES',0,187),(985,'COMMISION',0,188),(986,'LELAM',0,188),(987,'FREIGHT',0,188),(988,'OTHER EXPENSES',0,188),(997,'COMMISION',0,189),(998,'LELAM',0,189),(999,'FREIGHT',0,189),(1000,'OTHER EXPENSES',0,189),(1001,'COMMISION',0,190),(1002,'LELAM',0,190),(1003,'FREIGHT',0,190),(1004,'OTHER EXPENSES',0,190),(1005,'COMMISION',0,191),(1006,'LELAM',0,191),(1007,'FREIGHT',0,191),(1008,'OTHER EXPENSES',0,191),(1009,'COMMISION',0,192),(1010,'LELAM',0,192),(1011,'FREIGHT',0,192),(1012,'OTHER EXPENSES',0,192),(1013,'COMMISION',0,193),(1014,'LELAM',0,193),(1015,'FREIGHT',0,193),(1016,'OTHER EXPENSES',0,193),(1017,'COMMISION',0,194),(1018,'LELAM',0,194),(1019,'FREIGHT',0,194),(1020,'OTHER EXPENSES',0,194),(1021,'COMMISION',0,195),(1022,'LELAM',0,195),(1023,'FREIGHT',0,195),(1024,'OTHER EXPENSES',0,195),(1025,'COMMISION',0,196),(1026,'LELAM',0,196),(1027,'FREIGHT',0,196),(1028,'OTHER EXPENSES',0,196),(1029,'COMMISION',0,197),(1030,'LELAM',0,197),(1031,'FREIGHT',0,197),(1032,'OTHER EXPENSES',0,197),(1033,'COMMISION',0,198),(1034,'LELAM',0,198),(1035,'FREIGHT',0,198),(1036,'OTHER EXPENSES',0,198),(1037,'COMMISION',0,199),(1038,'LELAM',0,199),(1039,'FREIGHT',0,199),(1040,'OTHER EXPENSES',0,199),(1041,'COMMISION',0,200),(1042,'LELAM',0,200),(1043,'FREIGHT',0,200),(1044,'OTHER EXPENSES',0,200),(1045,'COMMISION',0,201),(1046,'LELAM',0,201),(1047,'FREIGHT',0,201),(1048,'OTHER EXPENSES',0,201),(1049,'COMMISION',0,202),(1050,'LELAM',0,202),(1051,'FREIGHT',0,202),(1052,'OTHER EXPENSES',0,202),(1053,'COMMISION',0,203),(1054,'LELAM',0,203),(1055,'FREIGHT',0,203),(1056,'OTHER EXPENSES',0,203),(1057,'COMMISION',0,204),(1058,'LELAM',0,204),(1059,'FREIGHT',0,204),(1060,'OTHER EXPENSES',0,204),(1065,'COMMISION',0,206),(1066,'LELAM',0,206),(1067,'FREIGHT',0,206),(1068,'OTHER EXPENSES',0,206),(1069,'COMMISION',0,207),(1070,'LELAM',0,207),(1071,'FREIGHT',0,207),(1072,'OTHER EXPENSES',0,207),(1073,'COMMISION',0,208),(1074,'LELAM',0,208),(1075,'FREIGHT',0,208),(1076,'OTHER EXPENSES',0,208),(1081,'COMMISION',0,209),(1082,'LELAM',0,209),(1083,'FREIGHT',0,209),(1084,'OTHER EXPENSES',0,209),(1085,'COMMISION',0,210),(1086,'LELAM',0,210),(1087,'FREIGHT',0,210),(1088,'OTHER EXPENSES',0,210),(1089,'COMMISION',0,211),(1090,'LELAM',0,211),(1091,'FREIGHT',0,211),(1092,'OTHER EXPENSES',0,211),(1093,'COMMISION',0,212),(1094,'LELAM',0,212),(1095,'FREIGHT',0,212),(1096,'OTHER EXPENSES',0,212),(1101,'COMMISION',0,205),(1102,'LELAM',0,205),(1103,'FREIGHT',0,205),(1104,'OTHER EXPENSES',0,205),(1105,'COMMISION',0,214),(1106,'LELAM',0,214),(1107,'FREIGHT',0,214),(1108,'OTHER EXPENSES',0,214),(1109,'COMMISION',0,215),(1110,'LELAM',0,215),(1111,'FREIGHT',0,215),(1112,'OTHER EXPENSES',0,215),(1121,'COMMISION',0,216),(1122,'LELAM',0,216),(1123,'FREIGHT',0,216),(1124,'OTHER EXPENSES',0,216),(1125,'COMMISION',0,213),(1126,'LELAM',0,213),(1127,'FREIGHT',0,213),(1128,'OTHER EXPENSES',0,213),(1137,'COMMISION',0,220),(1138,'LELAM',0,220),(1139,'FREIGHT',0,220),(1140,'OTHER EXPENSES',0,220),(1145,'COMMISION',0,222),(1146,'LELAM',0,222),(1147,'FREIGHT',0,222),(1148,'OTHER EXPENSES',0,222),(1149,'COMMISION',0,223),(1150,'LELAM',0,223),(1151,'FREIGHT',0,223),(1152,'OTHER EXPENSES',0,223),(1153,'COMMISION',0,218),(1154,'LELAM',0,218),(1155,'FREIGHT',0,218),(1156,'OTHER EXPENSES',0,218),(1157,'COMMISION',0,221),(1158,'LELAM',0,221),(1159,'FREIGHT',0,221),(1160,'OTHER EXPENSES',0,221),(1165,'COMMISION',0,225),(1166,'LELAM',0,225),(1167,'FREIGHT',0,225),(1168,'OTHER EXPENSES',0,225),(1173,'COMMISION',0,227),(1174,'LELAM',0,227),(1175,'FREIGHT',0,227),(1176,'OTHER EXPENSES',0,227),(1221,'COMMISION',0,219),(1222,'LELAM',0,219),(1223,'FREIGHT',0,219),(1224,'OTHER EXPENSES',0,219),(1229,'COMMISION',0,230),(1230,'LELAM',0,230),(1231,'FREIGHT',0,230),(1232,'OTHER EXPENSES',0,230),(1233,'COMMISION',0,228),(1234,'LELAM',0,228),(1235,'FREIGHT',0,228),(1236,'OTHER EXPENSES',0,228),(1241,'COMMISION',0,231),(1242,'LELAM',0,231),(1243,'FREIGHT',0,231),(1244,'OTHER EXPENSES',0,231),(1253,'COMMISION',0,233),(1254,'LELAM',0,233),(1255,'FREIGHT',0,233),(1256,'OTHER EXPENSES',0,233),(1257,'COMMISION',0,229),(1258,'LELAM',0,229),(1259,'FREIGHT',0,229),(1260,'OTHER EXPENSES',0,229),(1269,'COMMISION',0,236),(1270,'LELAM',0,236),(1271,'FREIGHT',0,236),(1272,'OTHER EXPENSES',0,236),(1273,'COMMISION',0,237),(1274,'LELAM',0,237),(1275,'FREIGHT',0,237),(1276,'OTHER EXPENSES',0,237),(1281,'COMMISION',0,238),(1282,'LELAM',0,238),(1283,'FREIGHT',0,238),(1284,'OTHER EXPENSES',0,238),(1285,'COMMISION',0,239),(1286,'LELAM',0,239),(1287,'FREIGHT',0,239),(1288,'OTHER EXPENSES',0,239),(1289,'COMMISION',0,240),(1290,'LELAM',0,240),(1291,'FREIGHT',0,240),(1292,'OTHER EXPENSES',0,240),(1297,'COMMISION',0,241),(1298,'LELAM',0,241),(1299,'FREIGHT',0,241),(1300,'OTHER EXPENSES',0,241),(1301,'COMMISION',0,242),(1302,'LELAM',0,242),(1303,'FREIGHT',0,242),(1304,'OTHER EXPENSES',0,242),(1305,'COMMISION',0,243),(1306,'LELAM',0,243),(1307,'FREIGHT',0,243),(1308,'OTHER EXPENSES',0,243),(1317,'COMMISION',0,234),(1318,'LELAM',0,234),(1319,'FREIGHT',0,234),(1320,'OTHER EXPENSES',0,234),(1321,'COMMISION',0,235),(1322,'LELAM',0,235),(1323,'FREIGHT',0,235),(1324,'OTHER EXPENSES',0,235),(1337,'COMMISION',0,226),(1338,'LELAM',0,226),(1339,'FREIGHT',0,226),(1340,'OTHER EXPENSES',0,226),(1341,'COMMISION',0,232),(1342,'LELAM',0,232),(1343,'FREIGHT',0,232),(1344,'OTHER EXPENSES',0,232),(1345,'COMMISION',0,224),(1346,'LELAM',0,224),(1347,'FREIGHT',0,224),(1348,'OTHER EXPENSES',0,224),(1349,'COMMISION',0,244),(1350,'LELAM',0,244),(1351,'FREIGHT',0,244),(1352,'OTHER EXPENSES',0,244),(1353,'COMMISION',0,245),(1354,'LELAM',0,245),(1355,'FREIGHT',0,245),(1356,'OTHER EXPENSES',0,245),(1361,'COMMISION',0,247),(1362,'LELAM',0,247),(1363,'FREIGHT',0,247),(1364,'OTHER EXPENSES',0,247),(1365,'COMMISION',0,246),(1366,'LELAM',0,246),(1367,'FREIGHT',0,246),(1368,'OTHER EXPENSES',0,246),(1369,'COMMISION',0,248),(1370,'LELAM',0,248),(1371,'FREIGHT',0,248),(1372,'OTHER EXPENSES',0,248),(1377,'COMMISION',0,249),(1378,'LELAM',0,249),(1379,'FREIGHT',0,249),(1380,'OTHER EXPENSES',0,249),(1381,'COMMISION',0,250),(1382,'LELAM',0,250),(1383,'FREIGHT',0,250),(1384,'OTHER EXPENSES',0,250),(1385,'COMMISION',0,251),(1386,'LELAM',0,251),(1387,'FREIGHT',0,251),(1388,'OTHER EXPENSES',0,251),(1389,'COMMISION',0,252),(1390,'LELAM',0,252),(1391,'FREIGHT',0,252),(1392,'OTHER EXPENSES',0,252),(1393,'COMMISION',0,253),(1394,'LELAM',0,253),(1395,'FREIGHT',0,253),(1396,'OTHER EXPENSES',0,253),(1397,'COMMISION',0,254),(1398,'LELAM',0,254),(1399,'FREIGHT',0,254),(1400,'OTHER EXPENSES',0,254),(1401,'COMMISION',0,255),(1402,'LELAM',0,255),(1403,'FREIGHT',0,255),(1404,'OTHER EXPENSES',0,255),(1405,'COMMISION',0,256),(1406,'LELAM',0,256),(1407,'FREIGHT',0,256),(1408,'OTHER EXPENSES',0,256),(1409,'COMMISION',0,257),(1410,'LELAM',0,257),(1411,'FREIGHT',0,257),(1412,'OTHER EXPENSES',0,257),(1413,'COMMISION',0,258),(1414,'LELAM',0,258),(1415,'FREIGHT',0,258),(1416,'OTHER EXPENSES',0,258),(1421,'COMMISION',0,260),(1422,'LELAM',0,260),(1423,'FREIGHT',0,260),(1424,'OTHER EXPENSES',0,260),(1425,'COMMISION',0,259),(1426,'LELAM',0,259),(1427,'FREIGHT',0,259),(1428,'OTHER EXPENSES',0,259),(1429,'COMMISION',0,261),(1430,'LELAM',0,261),(1431,'FREIGHT',0,261),(1432,'OTHER EXPENSES',0,261),(1433,'COMMISION',0,262),(1434,'LELAM',0,262),(1435,'FREIGHT',0,262),(1436,'OTHER EXPENSES',0,262),(1437,'COMMISION',0,263),(1438,'LELAM',0,263),(1439,'FREIGHT',0,263),(1440,'OTHER EXPENSES',0,263),(1449,'COMMISION',0,264),(1450,'LELAM',0,264),(1451,'FREIGHT',0,264),(1452,'OTHER EXPENSES',0,264),(1453,'COMMISION',0,265),(1454,'LELAM',0,265),(1455,'FREIGHT',0,265),(1456,'OTHER EXPENSES',0,265),(1485,'COMMISION',0,270),(1486,'LELAM',0,270),(1487,'FREIGHT',0,270),(1488,'OTHER EXPENSES',0,270),(1489,'COMMISION',0,271),(1490,'LELAM',0,271),(1491,'FREIGHT',0,271),(1492,'OTHER EXPENSES',0,271),(1493,'COMMISION',0,272),(1494,'LELAM',0,272),(1495,'FREIGHT',0,272),(1496,'OTHER EXPENSES',0,272),(1501,'COMMISION',0,266),(1502,'LELAM',0,266),(1503,'FREIGHT',0,266),(1504,'OTHER EXPENSES',0,266),(1505,'COMMISION',0,268),(1506,'LELAM',0,268),(1507,'FREIGHT',0,268),(1508,'OTHER EXPENSES',0,268),(1517,'COMMISION',0,274),(1518,'LELAM',0,274),(1519,'FREIGHT',0,274),(1520,'OTHER EXPENSES',0,274),(1521,'COMMISION',0,275),(1522,'LELAM',0,275),(1523,'FREIGHT',0,275),(1524,'OTHER EXPENSES',0,275),(1525,'COMMISION',0,276),(1526,'LELAM',0,276),(1527,'FREIGHT',0,276),(1528,'OTHER EXPENSES',0,276),(1529,'COMMISION',0,273),(1530,'LELAM',0,273),(1531,'FREIGHT',0,273),(1532,'OTHER EXPENSES',0,273),(1533,'COMMISION',0,269),(1534,'LELAM',0,269),(1535,'FREIGHT',0,269),(1536,'OTHER EXPENSES',0,269),(1537,'COMMISION',0,267),(1538,'LELAM',0,267),(1539,'FREIGHT',0,267),(1540,'OTHER EXPENSES',0,267),(1541,'COMMISION',0,277),(1542,'LELAM',0,277),(1543,'FREIGHT',0,277),(1544,'OTHER EXPENSES',0,277),(1549,'COMMISION',0,279),(1550,'LELAM',0,279),(1551,'FREIGHT',0,279),(1552,'OTHER EXPENSES',0,279),(1553,'COMMISION',0,280),(1554,'LELAM',0,280),(1555,'FREIGHT',0,280),(1556,'OTHER EXPENSES',0,280),(1557,'COMMISION',0,281),(1558,'LELAM',0,281),(1559,'FREIGHT',0,281),(1560,'OTHER EXPENSES',0,281),(1561,'COMMISION',0,282),(1562,'LELAM',0,282),(1563,'FREIGHT',0,282),(1564,'OTHER EXPENSES',0,282),(1565,'COMMISION',0,278),(1566,'LELAM',0,278),(1567,'FREIGHT',0,278),(1568,'OTHER EXPENSES',0,278),(1573,'COMMISION',0,283),(1574,'LELAM',0,283),(1575,'FREIGHT',0,283),(1576,'OTHER EXPENSES',0,283),(1577,'COMMISION',0,284),(1578,'LELAM',0,284),(1579,'FREIGHT',0,284),(1580,'OTHER EXPENSES',0,284),(1581,'COMMISION',0,285),(1582,'LELAM',0,285),(1583,'FREIGHT',0,285),(1584,'OTHER EXPENSES',0,285),(1585,'COMMISION',0,286),(1586,'LELAM',0,286),(1587,'FREIGHT',0,286),(1588,'OTHER EXPENSES',0,286),(1589,'COMMISION',0,287),(1590,'LELAM',0,287),(1591,'FREIGHT',0,287),(1592,'OTHER EXPENSES',0,287),(1597,'COMMISION',0,289),(1598,'LELAM',0,289),(1599,'FREIGHT',0,289),(1600,'OTHER EXPENSES',0,289),(1601,'COMMISION',0,290),(1602,'LELAM',0,290),(1603,'FREIGHT',0,290),(1604,'OTHER EXPENSES',0,290),(1605,'COMMISION',0,291),(1606,'LELAM',0,291),(1607,'FREIGHT',0,291),(1608,'OTHER EXPENSES',0,291),(1609,'COMMISION',0,292),(1610,'LELAM',0,292),(1611,'FREIGHT',0,292),(1612,'OTHER EXPENSES',0,292),(1613,'COMMISION',0,288),(1614,'LELAM',0,288),(1615,'FREIGHT',0,288),(1616,'OTHER EXPENSES',0,288),(1617,'COMMISION',0,293),(1618,'LELAM',0,293),(1619,'FREIGHT',0,293),(1620,'OTHER EXPENSES',0,293),(1629,'COMMISION',0,296),(1630,'LELAM',0,296),(1631,'FREIGHT',0,296),(1632,'OTHER EXPENSES',0,296),(1633,'COMMISION',0,297),(1634,'LELAM',0,297),(1635,'FREIGHT',0,297),(1636,'OTHER EXPENSES',0,297),(1637,'COMMISION',0,298),(1638,'LELAM',0,298),(1639,'FREIGHT',0,298),(1640,'OTHER EXPENSES',0,298),(1641,'COMMISION',0,299),(1642,'LELAM',0,299),(1643,'FREIGHT',0,299),(1644,'OTHER EXPENSES',0,299),(1645,'COMMISION',0,300),(1646,'LELAM',0,300),(1647,'FREIGHT',0,300),(1648,'OTHER EXPENSES',0,300),(1657,'COMMISION',0,295),(1658,'LELAM',0,295),(1659,'FREIGHT',0,295),(1660,'OTHER EXPENSES',0,295),(1665,'COMMISION',0,302),(1666,'LELAM',0,302),(1667,'FREIGHT',0,302),(1668,'OTHER EXPENSES',0,302),(1669,'COMMISION',0,301),(1670,'LELAM',0,301),(1671,'FREIGHT',0,301),(1672,'OTHER EXPENSES',0,301),(1673,'COMMISION',0,294),(1674,'LELAM',0,294),(1675,'FREIGHT',0,294),(1676,'OTHER EXPENSES',0,294),(1677,'COMMISION',0,303),(1678,'LELAM',0,303),(1679,'FREIGHT',0,303),(1680,'OTHER EXPENSES',0,303),(1681,'COMMISION',0,304),(1682,'LELAM',0,304),(1683,'FREIGHT',0,304),(1684,'OTHER EXPENSES',0,304),(1693,'COMMISION',0,307),(1694,'LELAM',0,307),(1695,'FREIGHT',0,307),(1696,'OTHER EXPENSES',0,307),(1701,'COMMISION',0,309),(1702,'LELAM',0,309),(1703,'FREIGHT',0,309),(1704,'OTHER EXPENSES',0,309),(1705,'COMMISION',0,310),(1706,'LELAM',0,310),(1707,'FREIGHT',0,310),(1708,'OTHER EXPENSES',0,310),(1709,'COMMISION',0,311),(1710,'LELAM',0,311),(1711,'FREIGHT',0,311),(1712,'OTHER EXPENSES',0,311),(1717,'COMMISION',0,306),(1718,'LELAM',0,306),(1719,'FREIGHT',0,306),(1720,'OTHER EXPENSES',0,306),(1721,'COMMISION',0,308),(1722,'LELAM',0,308),(1723,'FREIGHT',0,308),(1724,'OTHER EXPENSES',0,308),(1729,'COMMISION',0,312),(1730,'LELAM',0,312),(1731,'FREIGHT',0,312),(1732,'OTHER EXPENSES',0,312),(1733,'COMMISION',0,313),(1734,'LELAM',0,313),(1735,'FREIGHT',0,313),(1736,'OTHER EXPENSES',0,313),(1741,'COMMISION',0,315),(1742,'LELAM',0,315),(1743,'FREIGHT',0,315),(1744,'OTHER EXPENSES',0,315),(1745,'COMMISION',0,316),(1746,'LELAM',0,316),(1747,'FREIGHT',0,316),(1748,'OTHER EXPENSES',0,316),(1749,'COMMISION',0,317),(1750,'LELAM',0,317),(1751,'FREIGHT',0,317),(1752,'OTHER EXPENSES',0,317),(1753,'COMMISION',0,318),(1754,'LELAM',0,318),(1755,'FREIGHT',0,318),(1756,'OTHER EXPENSES',0,318),(1757,'COMMISION',0,319),(1758,'LELAM',0,319),(1759,'FREIGHT',0,319),(1760,'OTHER EXPENSES',0,319),(1761,'COMMISION',0,320),(1762,'LELAM',0,320),(1763,'FREIGHT',0,320),(1764,'OTHER EXPENSES',0,320),(1765,'COMMISION',0,321),(1766,'LELAM',0,321),(1767,'FREIGHT',0,321),(1768,'OTHER EXPENSES',0,321),(1769,'COMMISION',0,314),(1770,'LELAM',0,314),(1771,'FREIGHT',0,314),(1772,'OTHER EXPENSES',0,314),(1773,'COMMISION',0,322),(1774,'LELAM',0,322),(1775,'FREIGHT',0,322),(1776,'OTHER EXPENSES',0,322),(1781,'COMMISION',0,324),(1782,'LELAM',0,324),(1783,'FREIGHT',0,324),(1784,'OTHER EXPENSES',0,324),(1785,'COMMISION',0,325),(1786,'LELAM',0,325),(1787,'FREIGHT',0,325),(1788,'OTHER EXPENSES',0,325),(1789,'COMMISION',0,326),(1790,'LELAM',0,326),(1791,'FREIGHT',0,326),(1792,'OTHER EXPENSES',0,326),(1797,'COMMISION',0,328),(1798,'LELAM',0,328),(1799,'FREIGHT',0,328),(1800,'OTHER EXPENSES',0,328),(1805,'COMMISION',0,330),(1806,'LELAM',0,330),(1807,'FREIGHT',0,330),(1808,'OTHER EXPENSES',0,330),(1809,'COMMISION',0,305),(1810,'LELAM',600,305),(1811,'FREIGHT',0,305),(1812,'OTHER EXPENSES',800,305),(1813,'COMMISION',0,323),(1814,'LELAM',0,323),(1815,'FREIGHT',0,323),(1816,'OTHER EXPENSES',0,323),(1817,'COMMISION',4500,331),(1818,'LELAM',3800,331),(1819,'FREIGHT',1800,331),(1820,'OTHER EXPENSES',4700,331),(1821,'COMMISION',0,329),(1822,'LELAM',0,329),(1823,'FREIGHT',0,329),(1824,'OTHER EXPENSES',0,329),(1829,'COMMISION',0,333),(1830,'LELAM',0,333),(1831,'FREIGHT',0,333),(1832,'OTHER EXPENSES',0,333),(1833,'COMMISION',0,332),(1834,'LELAM',0,332),(1835,'FREIGHT',0,332),(1836,'OTHER EXPENSES',0,332),(1845,'COMMISION',0,334),(1846,'LELAM',0,334),(1847,'FREIGHT',0,334),(1848,'OTHER EXPENSES',0,334),(1853,'COMMISION',0,335),(1854,'LELAM',0,335),(1855,'FREIGHT',0,335),(1856,'OTHER EXPENSES',0,335),(1857,'COMMISION',0,336),(1858,'LELAM',0,336),(1859,'FREIGHT',0,336),(1860,'OTHER EXPENSES',0,336),(1861,'COMMISION',0,337),(1862,'LELAM',0,337),(1863,'FREIGHT',0,337),(1864,'OTHER EXPENSES',0,337),(1865,'COMMISION',0,338),(1866,'LELAM',0,338),(1867,'FREIGHT',0,338),(1868,'OTHER EXPENSES',0,338),(1869,'COMMISION',0,339),(1870,'LELAM',0,339),(1871,'FREIGHT',0,339),(1872,'OTHER EXPENSES',0,339),(1873,'COMMISION',0,340),(1874,'LELAM',0,340),(1875,'FREIGHT',0,340),(1876,'OTHER EXPENSES',0,340),(1877,'COMMISION',0,341),(1878,'LELAM',0,341),(1879,'FREIGHT',0,341),(1880,'OTHER EXPENSES',0,341),(1881,'COMMISION',0,342),(1882,'LELAM',0,342),(1883,'FREIGHT',0,342),(1884,'OTHER EXPENSES',0,342),(1885,'COMMISION',0,343),(1886,'LELAM',0,343),(1887,'FREIGHT',0,343),(1888,'OTHER EXPENSES',0,343),(1889,'COMMISION',0,344),(1890,'LELAM',0,344),(1891,'FREIGHT',0,344),(1892,'OTHER EXPENSES',0,344),(1893,'COMMISION',0,345),(1894,'LELAM',0,345),(1895,'FREIGHT',0,345),(1896,'OTHER EXPENSES',0,345),(1901,'COMMISION',0,347),(1902,'LELAM',0,347),(1903,'FREIGHT',0,347),(1904,'OTHER EXPENSES',0,347),(1905,'COMMISION',0,348),(1906,'LELAM',0,348),(1907,'FREIGHT',0,348),(1908,'OTHER EXPENSES',0,348),(1909,'COMMISION',0,349),(1910,'LELAM',0,349),(1911,'FREIGHT',0,349),(1912,'OTHER EXPENSES',0,349),(1913,'COMMISION',0,350),(1914,'LELAM',0,350),(1915,'FREIGHT',0,350),(1916,'OTHER EXPENSES',0,350),(1917,'COMMISION',0,351),(1918,'LELAM',0,351),(1919,'FREIGHT',0,351),(1920,'OTHER EXPENSES',0,351),(1921,'COMMISION',0,352),(1922,'LELAM',0,352),(1923,'FREIGHT',0,352),(1924,'OTHER EXPENSES',0,352),(1929,'COMMISION',0,354),(1930,'LELAM',0,354),(1931,'FREIGHT',0,354),(1932,'OTHER EXPENSES',0,354),(1933,'COMMISION',0,355),(1934,'LELAM',0,355),(1935,'FREIGHT',0,355),(1936,'OTHER EXPENSES',0,355),(1937,'COMMISION',0,356),(1938,'LELAM',0,356),(1939,'FREIGHT',0,356),(1940,'OTHER EXPENSES',0,356),(1941,'ICE',0,356),(1942,'LABOUR',0,356),(1943,'COMMISION',0,357),(1944,'LELAM',0,357),(1945,'FREIGHT',0,357),(1946,'OTHER EXPENSES',0,357),(1947,'ICE',0,357),(1948,'LABOUR',0,357),(1959,'COMMISION',0,358),(1960,'LELAM',0,358),(1961,'FREIGHT',0,358),(1962,'OTHER EXPENSES',0,358),(1963,'ICE',0,358),(1964,'LABOUR',0,358),(1965,'COMMISION',0,346),(1966,'LELAM',0,346),(1967,'FREIGHT',0,346),(1968,'OTHER EXPENSES',0,346),(1969,'COMMISION',0,359),(1970,'LELAM',0,359),(1971,'FREIGHT',0,359),(1972,'OTHER EXPENSES',0,359),(1973,'ICE',0,359),(1974,'LABOUR',0,359),(1975,'COMMISION',0,360),(1976,'LELAM',0,360),(1977,'FREIGHT',0,360),(1978,'OTHER EXPENSES',0,360),(1979,'ICE',0,360),(1980,'LABOUR',0,360),(1981,'COMMISION',0,361),(1982,'LELAM',0,361),(1983,'FREIGHT',0,361),(1984,'OTHER EXPENSES',0,361),(1985,'ICE',0,361),(1986,'LABOUR',0,361),(1987,'COMMISION',0,362),(1988,'LELAM',0,362),(1989,'FREIGHT',0,362),(1990,'OTHER EXPENSES',0,362),(1991,'ICE',0,362),(1992,'LABOUR',0,362),(1993,'COMMISION',0,353),(1994,'LELAM',0,353),(1995,'FREIGHT',0,353),(1996,'OTHER EXPENSES',0,353),(1997,'COMMISION',0,363),(1998,'LELAM',0,363),(1999,'FREIGHT',0,363),(2000,'OTHER EXPENSES',0,363),(2001,'ICE',0,363),(2002,'LABOUR',0,363),(2003,'COMMISION',0,364),(2004,'LELAM',0,364),(2005,'FREIGHT',0,364),(2006,'OTHER EXPENSES',0,364),(2007,'ICE',0,364),(2008,'LABOUR',0,364),(2009,'COMMISION',0,365),(2010,'LELAM',0,365),(2011,'FREIGHT',0,365),(2012,'OTHER EXPENSES',0,365),(2013,'ICE',0,365),(2014,'LABOUR',0,365),(2015,'COMMISION',0,366),(2016,'LELAM',0,366),(2017,'FREIGHT',0,366),(2018,'OTHER EXPENSES',0,366),(2019,'ICE',0,366),(2020,'LABOUR',0,366),(2021,'COMMISION',0,367),(2022,'LELAM',0,367),(2023,'FREIGHT',0,367),(2024,'OTHER EXPENSES',0,367),(2025,'ICE',0,367),(2026,'LABOUR',0,367),(2027,'COMMISION',0,368),(2028,'LELAM',0,368),(2029,'FREIGHT',0,368),(2030,'OTHER EXPENSES',0,368),(2031,'ICE',0,368),(2032,'LABOUR',0,368),(2033,'COMMISION',0,369),(2034,'LELAM',0,369),(2035,'FREIGHT',0,369),(2036,'OTHER EXPENSES',0,369),(2037,'ICE',0,369),(2038,'LABOUR',0,369),(2039,'COMMISION',0,370),(2040,'LELAM',0,370),(2041,'FREIGHT',0,370),(2042,'OTHER EXPENSES',0,370),(2043,'ICE',0,370),(2044,'LABOUR',0,370),(2045,'COMMISION',0,371),(2046,'LELAM',0,371),(2047,'FREIGHT',0,371),(2048,'OTHER EXPENSES',0,371),(2049,'ICE',0,371),(2050,'LABOUR',0,371),(2057,'COMMISION',0,372),(2058,'LELAM',0,372),(2059,'FREIGHT',0,372),(2060,'OTHER EXPENSES',0,372),(2061,'ICE',0,372),(2062,'LABOUR',0,372),(2069,'COMMISION',0,373),(2070,'LELAM',0,373),(2071,'FREIGHT',0,373),(2072,'OTHER EXPENSES',0,373),(2073,'ICE',0,373),(2074,'LABOUR',0,373),(2075,'COMMISION',0,374),(2076,'LELAM',0,374),(2077,'FREIGHT',0,374),(2078,'OTHER EXPENSES',0,374),(2079,'ICE',0,374),(2080,'LABOUR',0,374),(2081,'COMMISION',0,375),(2082,'LELAM',0,375),(2083,'FREIGHT',0,375),(2084,'OTHER EXPENSES',0,375),(2085,'ICE',0,375),(2086,'LABOUR',0,375),(2111,'COMMISION',0,377),(2112,'LELAM',0,377),(2113,'FREIGHT',0,377),(2114,'OTHER EXPENSES',0,377),(2115,'ICE',0,377),(2116,'LABOUR',0,377),(2117,'COMMISION',0,378),(2118,'LELAM',0,378),(2119,'FREIGHT',0,378),(2120,'OTHER EXPENSES',0,378),(2121,'ICE',0,378),(2122,'LABOUR',0,378),(2129,'COMMISION',0,376),(2130,'LELAM',0,376),(2131,'FREIGHT',0,376),(2132,'OTHER EXPENSES',0,376),(2133,'ICE',0,376),(2134,'LABOUR',0,376),(2135,'COMMISION',0,380),(2136,'LELAM',0,380),(2137,'FREIGHT',0,380),(2138,'OTHER EXPENSES',0,380),(2139,'ICE',0,380),(2140,'LABOUR',0,380),(2141,'COMMISION',0,381),(2142,'LELAM',0,381),(2143,'FREIGHT',0,381),(2144,'OTHER EXPENSES',0,381),(2145,'ICE',0,381),(2146,'LABOUR',0,381),(2171,'COMMISION',0,379),(2172,'LELAM',0,379),(2173,'FREIGHT',0,379),(2174,'OTHER EXPENSES',0,379),(2175,'ICE',0,379),(2176,'LABOUR',0,379),(2177,'COMMISION',0,382),(2178,'LELAM',0,382),(2179,'FREIGHT',0,382),(2180,'OTHER EXPENSES',0,382),(2181,'ICE',0,382),(2182,'LABOUR',0,382),(2189,'COMMISION',0,383),(2190,'LELAM',0,383),(2191,'FREIGHT',0,383),(2192,'OTHER EXPENSES',0,383),(2193,'ICE',0,383),(2194,'LABOUR',0,383),(2195,'COMMISION',0,384),(2196,'LELAM',0,384),(2197,'FREIGHT',0,384),(2198,'OTHER EXPENSES',0,384),(2199,'ICE',0,384),(2200,'LABOUR',0,384),(2201,'COMMISION',0,385),(2202,'LELAM',0,385),(2203,'FREIGHT',0,385),(2204,'OTHER EXPENSES',0,385),(2205,'ICE',0,385),(2206,'LABOUR',0,385),(2207,'COMMISION',0,386),(2208,'LELAM',0,386),(2209,'FREIGHT',0,386),(2210,'OTHER EXPENSES',0,386),(2211,'ICE',0,386),(2212,'LABOUR',0,386),(2213,'COMMISION',0,387),(2214,'LELAM',0,387),(2215,'FREIGHT',0,387),(2216,'OTHER EXPENSES',0,387),(2217,'ICE',0,387),(2218,'LABOUR',0,387),(2219,'COMMISION',0,388),(2220,'LELAM',0,388),(2221,'FREIGHT',0,388),(2222,'OTHER EXPENSES',0,388),(2223,'ICE',0,388),(2224,'LABOUR',0,388),(2225,'COMMISION',0,389),(2226,'LELAM',0,389),(2227,'FREIGHT',0,389),(2228,'OTHER EXPENSES',0,389),(2229,'ICE',0,389),(2230,'LABOUR',0,389),(2231,'COMMISION',0,390),(2232,'LELAM',0,390),(2233,'FREIGHT',0,390),(2234,'OTHER EXPENSES',0,390),(2235,'ICE',0,390),(2236,'LABOUR',0,390),(2237,'COMMISION',0,391),(2238,'LELAM',0,391),(2239,'FREIGHT',0,391),(2240,'OTHER EXPENSES',0,391),(2241,'ICE',0,391),(2242,'LABOUR',0,391),(2243,'COMMISION',0,392),(2244,'LELAM',0,392),(2245,'FREIGHT',0,392),(2246,'OTHER EXPENSES',0,392),(2247,'ICE',0,392),(2248,'LABOUR',0,392),(2249,'COMMISION',0,393),(2250,'LELAM',0,393),(2251,'FREIGHT',0,393),(2252,'OTHER EXPENSES',0,393),(2253,'ICE',0,393),(2254,'LABOUR',0,393),(2255,'COMMISION',0,394),(2256,'LELAM',0,394),(2257,'FREIGHT',0,394),(2258,'OTHER EXPENSES',0,394),(2259,'ICE',0,394),(2260,'LABOUR',0,394),(2261,'COMMISION',0,395),(2262,'LELAM',0,395),(2263,'FREIGHT',0,395),(2264,'OTHER EXPENSES',0,395),(2265,'ICE',0,395),(2266,'LABOUR',0,395),(2267,'COMMISION',0,396),(2268,'LELAM',0,396),(2269,'FREIGHT',0,396),(2270,'OTHER EXPENSES',0,396),(2271,'ICE',0,396),(2272,'LABOUR',0,396),(2273,'COMMISION',0,397),(2274,'LELAM',0,397),(2275,'FREIGHT',0,397),(2276,'OTHER EXPENSES',0,397),(2277,'ICE',0,397),(2278,'LABOUR',0,397),(2279,'COMMISION',0,398),(2280,'LELAM',0,398),(2281,'FREIGHT',0,398),(2282,'OTHER EXPENSES',0,398),(2283,'ICE',0,398),(2284,'LABOUR',0,398),(2291,'COMMISION',0,399),(2292,'LELAM',0,399),(2293,'FREIGHT',0,399),(2294,'OTHER EXPENSES',0,399),(2295,'ICE',0,399),(2296,'LABOUR',0,399),(2303,'COMMISION',0,400),(2304,'LELAM',0,400),(2305,'FREIGHT',0,400),(2306,'OTHER EXPENSES',0,400),(2307,'ICE',0,400),(2308,'LABOUR',0,400),(2315,'COMMISION',0,401),(2316,'LELAM',0,401),(2317,'FREIGHT',0,401),(2318,'OTHER EXPENSES',0,401),(2319,'ICE',0,401),(2320,'LABOUR',0,401),(2321,'COMMISION',0,402),(2322,'LELAM',0,402),(2323,'FREIGHT',0,402),(2324,'OTHER EXPENSES',0,402),(2325,'ICE',0,402),(2326,'LABOUR',0,402),(2327,'COMMISION',0,403),(2328,'LELAM',0,403),(2329,'FREIGHT',0,403),(2330,'OTHER EXPENSES',0,403),(2331,'ICE',0,403),(2332,'LABOUR',0,403),(2333,'COMMISION',0,404),(2334,'LELAM',0,404),(2335,'FREIGHT',0,404),(2336,'OTHER EXPENSES',0,404),(2337,'ICE',0,404),(2338,'LABOUR',0,404),(2345,'COMMISION',0,405),(2346,'LELAM',0,405),(2347,'FREIGHT',0,405),(2348,'OTHER EXPENSES',0,405),(2349,'ICE',0,405),(2350,'LABOUR',0,405),(2357,'COMMISION',0,406),(2358,'LELAM',0,406),(2359,'FREIGHT',0,406),(2360,'OTHER EXPENSES',0,406),(2361,'ICE',0,406),(2362,'LABOUR',0,406),(2369,'COMMISION',0,408),(2370,'LELAM',0,408),(2371,'FREIGHT',0,408),(2372,'OTHER EXPENSES',0,408),(2373,'ICE',0,408),(2374,'LABOUR',0,408),(2375,'COMMISION',0,407),(2376,'LELAM',0,407),(2377,'FREIGHT',0,407),(2378,'OTHER EXPENSES',0,407),(2379,'ICE',0,407),(2380,'LABOUR',0,407),(2381,'COMMISION',0,409),(2382,'LELAM',0,409),(2383,'FREIGHT',0,409),(2384,'OTHER EXPENSES',0,409),(2385,'ICE',0,409),(2386,'LABOUR',0,409),(2393,'COMMISION',0,410),(2394,'LELAM',0,410),(2395,'FREIGHT',0,410),(2396,'OTHER EXPENSES',0,410),(2397,'ICE',0,410),(2398,'LABOUR',0,410),(2405,'COMMISION',0,412),(2406,'LELAM',0,412),(2407,'FREIGHT',0,412),(2408,'OTHER EXPENSES',0,412),(2409,'ICE',0,412),(2410,'LABOUR',0,412),(2417,'COMMISION',0,414),(2418,'LELAM',0,414),(2419,'FREIGHT',0,414),(2420,'OTHER EXPENSES',0,414),(2421,'ICE',0,414),(2422,'LABOUR',0,414),(2423,'COMMISION',0,415),(2424,'LELAM',0,415),(2425,'FREIGHT',0,415),(2426,'OTHER EXPENSES',0,415),(2427,'ICE',0,415),(2428,'LABOUR',0,415),(2441,'COMMISION',0,418),(2442,'LELAM',0,418),(2443,'FREIGHT',0,418),(2444,'OTHER EXPENSES',0,418),(2445,'LABOUR & ICE',0,418),(2446,'LABOUR',0,418),(2447,'COMMISION',0,419),(2448,'LELAM',0,419),(2449,'FREIGHT',0,419),(2450,'OTHER EXPENSES',0,419),(2451,'LABOUR & ICE',0,419),(2452,'LABOUR',0,419),(2453,'COMMISION',0,420),(2454,'LELAM',0,420),(2455,'FREIGHT',0,420),(2456,'OTHER EXPENSES',0,420),(2457,'LABOUR & ICE',0,420),(2458,'LABOUR',0,420),(2459,'COMMISION',0,421),(2460,'LELAM',0,421),(2461,'FREIGHT',0,421),(2462,'OTHER EXPENSES',0,421),(2463,'LABOUR & ICE',0,421),(2464,'LABOUR',0,421),(2465,'COMMISION',0,422),(2466,'LELAM',0,422),(2467,'FREIGHT',0,422),(2468,'OTHER EXPENSES',0,422),(2469,'LABOUR & ICE',0,422),(2470,'LABOUR',0,422),(2477,'COMMISION',0,424),(2478,'LELAM',0,424),(2479,'FREIGHT',0,424),(2480,'OTHER EXPENSES',0,424),(2481,'LABOUR & ICE',0,424),(2482,'LABOUR',0,424),(2483,'COMMISION',0,425),(2484,'LELAM',0,425),(2485,'FREIGHT',0,425),(2486,'OTHER EXPENSES',0,425),(2487,'LABOUR & ICE',0,425),(2488,'LABOUR',0,425),(2489,'COMMISION',0,426),(2490,'LELAM',0,426),(2491,'FREIGHT',0,426),(2492,'OTHER EXPENSES',0,426),(2493,'LABOUR & ICE',0,426),(2494,'LABOUR',0,426),(2501,'COMMISION',0,428),(2502,'LELAM',0,428),(2503,'FREIGHT',0,428),(2504,'OTHER EXPENSES',0,428),(2505,'LABOUR & ICE',0,428),(2506,'LABOUR',0,428),(2513,'COMMISION',0,427),(2514,'LELAM',0,427),(2515,'FREIGHT',0,427),(2516,'OTHER EXPENSES',0,427),(2517,'LABOUR & ICE',0,427),(2518,'LABOUR',0,427),(2525,'COMMISION',0,431),(2526,'LELAM',0,431),(2527,'FREIGHT',0,431),(2528,'OTHER EXPENSES',0,431),(2529,'LABOUR & ICE',0,431),(2530,'LABOUR',0,431),(2531,'COMMISION',0,432),(2532,'LELAM',0,432),(2533,'FREIGHT',0,432),(2534,'OTHER EXPENSES',0,432),(2535,'LABOUR & ICE',0,432),(2536,'LABOUR',0,432),(2543,'COMMISION',0,433),(2544,'LELAM',0,433),(2545,'FREIGHT',0,433),(2546,'OTHER EXPENSES',0,433),(2547,'LABOUR & ICE',0,433),(2548,'LABOUR',0,433),(2549,'COMMISION',0,434),(2550,'LELAM',0,434),(2551,'FREIGHT',0,434),(2552,'OTHER EXPENSES',0,434),(2553,'LABOUR & ICE',0,434),(2554,'LABOUR',0,434),(2561,'COMMISION',0,436),(2562,'LELAM',0,436),(2563,'FREIGHT',0,436),(2564,'OTHER EXPENSES',0,436),(2565,'LABOUR & ICE',0,436),(2566,'LABOUR',0,436),(2567,'COMMISION',0,437),(2568,'LELAM',0,437),(2569,'FREIGHT',0,437),(2570,'OTHER EXPENSES',0,437),(2571,'LABOUR & ICE',0,437),(2572,'LABOUR',0,437),(2579,'COMMISION',0,439),(2580,'LELAM',0,439),(2581,'FREIGHT',0,439),(2582,'OTHER EXPENSES',0,439),(2583,'LABOUR & ICE',0,439),(2584,'LABOUR',0,439),(2585,'COMMISION',0,440),(2586,'LELAM',0,440),(2587,'FREIGHT',0,440),(2588,'OTHER EXPENSES',0,440),(2589,'LABOUR & ICE',0,440),(2590,'LABOUR',0,440),(2591,'COMMISION',0,441),(2592,'LELAM',0,441),(2593,'FREIGHT',0,441),(2594,'OTHER EXPENSES',0,441),(2595,'LABOUR & ICE',0,441),(2596,'LABOUR',0,441),(2597,'COMMISION',0,442),(2598,'LELAM',0,442),(2599,'FREIGHT',0,442),(2600,'OTHER EXPENSES',0,442),(2601,'LABOUR & ICE',0,442),(2602,'LABOUR',0,442),(2603,'COMMISION',0,443),(2604,'LELAM',0,443),(2605,'FREIGHT',0,443),(2606,'OTHER EXPENSES',0,443),(2607,'LABOUR & ICE',0,443),(2608,'LABOUR',0,443),(2615,'COMMISION',0,445),(2616,'LELAM',0,445),(2617,'FREIGHT',0,445),(2618,'OTHER EXPENSES',0,445),(2619,'LABOUR & ICE',0,445),(2620,'LABOUR',0,445),(2621,'COMMISION',0,446),(2622,'LELAM',0,446),(2623,'FREIGHT',0,446),(2624,'OTHER EXPENSES',0,446),(2625,'LABOUR & ICE',0,446),(2626,'LABOUR',0,446),(2627,'COMMISION',0,447),(2628,'LELAM',0,447),(2629,'FREIGHT',0,447),(2630,'OTHER EXPENSES',0,447),(2631,'LABOUR & ICE',0,447),(2632,'LABOUR',0,447),(2639,'COMMISION',0,449),(2640,'LELAM',0,449),(2641,'FREIGHT',0,449),(2642,'OTHER EXPENSES',0,449),(2643,'LABOUR & ICE',0,449),(2644,'LABOUR',0,449),(2645,'COMMISION',0,450),(2646,'LELAM',0,450),(2647,'FREIGHT',0,450),(2648,'OTHER EXPENSES',0,450),(2649,'LABOUR & ICE',0,450),(2650,'LABOUR',0,450),(2651,'COMMISION',0,451),(2652,'LELAM',0,451),(2653,'FREIGHT',0,451),(2654,'OTHER EXPENSES',0,451),(2655,'LABOUR & ICE',0,451),(2656,'LABOUR',0,451),(2657,'COMMISION',0,452),(2658,'LELAM',0,452),(2659,'FREIGHT',0,452),(2660,'OTHER EXPENSES',0,452),(2661,'LABOUR & ICE',0,452),(2662,'LABOUR',0,452),(2663,'COMMISION',0,453),(2664,'LELAM',0,453),(2665,'FREIGHT',0,453),(2666,'OTHER EXPENSES',0,453),(2667,'LABOUR & ICE',0,453),(2668,'LABOUR',0,453),(2669,'COMMISION',0,454),(2670,'LELAM',0,454),(2671,'FREIGHT',0,454),(2672,'OTHER EXPENSES',0,454),(2673,'LABOUR & ICE',0,454),(2674,'LABOUR',0,454),(2675,'COMMISION',0,455),(2676,'LELAM',0,455),(2677,'FREIGHT',0,455),(2678,'OTHER EXPENSES',0,455),(2679,'LABOUR & ICE',0,455),(2680,'LABOUR',0,455),(2681,'COMMISION',0,456),(2682,'LELAM',0,456),(2683,'FREIGHT',0,456),(2684,'OTHER EXPENSES',0,456),(2685,'LABOUR & ICE',0,456),(2686,'LABOUR',0,456),(2687,'COMMISION',0,457),(2688,'LELAM',0,457),(2689,'FREIGHT',0,457),(2690,'OTHER EXPENSES',0,457),(2691,'LABOUR & ICE',0,457),(2692,'LABOUR',0,457),(2699,'COMMISION',0,459),(2700,'LELAM',0,459),(2701,'FREIGHT',0,459),(2702,'OTHER EXPENSES',0,459),(2703,'LABOUR & ICE',0,459),(2704,'LABOUR',0,459),(2711,'COMMISION',0,461),(2712,'LELAM',0,461),(2713,'FREIGHT',0,461),(2714,'OTHER EXPENSES',0,461),(2715,'LABOUR & ICE',0,461),(2716,'LABOUR',0,461),(2723,'COMMISION',0,463),(2724,'LELAM',0,463),(2725,'FREIGHT',0,463),(2726,'OTHER EXPENSES',0,463),(2727,'LABOUR & ICE',0,463),(2728,'LABOUR',0,463),(2729,'COMMISION',0,464),(2730,'LELAM',0,464),(2731,'FREIGHT',0,464),(2732,'OTHER EXPENSES',0,464),(2733,'LABOUR & ICE',0,464),(2734,'LABOUR',0,464),(2735,'COMMISION',0,465),(2736,'LELAM',0,465),(2737,'FREIGHT',0,465),(2738,'OTHER EXPENSES',0,465),(2739,'LABOUR & ICE',0,465),(2740,'LABOUR',0,465),(2747,'COMMISION',0,467),(2748,'LELAM',0,467),(2749,'FREIGHT',0,467),(2750,'OTHER EXPENSES',0,467),(2751,'LABOUR & ICE',0,467),(2752,'LABOUR',0,467),(2753,'COMMISION',0,468),(2754,'LELAM',0,468),(2755,'FREIGHT',0,468),(2756,'OTHER EXPENSES',0,468),(2757,'LABOUR & ICE',0,468),(2758,'LABOUR',0,468),(2759,'COMMISION',0,469),(2760,'LELAM',0,469),(2761,'FREIGHT',0,469),(2762,'OTHER EXPENSES',0,469),(2763,'LABOUR & ICE',0,469),(2764,'LABOUR',0,469),(2783,'COMMISION',0,473),(2784,'LELAM',0,473),(2785,'FREIGHT',0,473),(2786,'OTHER EXPENSES',0,473),(2787,'LABOUR & ICE',0,473),(2788,'LABOUR',0,473),(2789,'COMMISION',0,474),(2790,'LELAM',0,474),(2791,'FREIGHT',0,474),(2792,'OTHER EXPENSES',0,474),(2793,'LABOUR & ICE',0,474),(2794,'LABOUR',0,474),(2795,'COMMISION',0,475),(2796,'LELAM',0,475),(2797,'FREIGHT',0,475),(2798,'OTHER EXPENSES',0,475),(2799,'LABOUR & ICE',0,475),(2800,'LABOUR',0,475),(2801,'COMMISION',0,476),(2802,'LELAM',0,476),(2803,'FREIGHT',0,476),(2804,'OTHER EXPENSES',0,476),(2805,'LABOUR & ICE',0,476),(2806,'LABOUR',0,476),(2807,'COMMISION',0,477),(2808,'LELAM',0,477),(2809,'FREIGHT',0,477),(2810,'OTHER EXPENSES',0,477),(2811,'LABOUR & ICE',0,477),(2812,'LABOUR',0,477),(2819,'COMMISION',0,478),(2820,'LELAM',0,478),(2821,'FREIGHT',0,478),(2822,'OTHER EXPENSES',0,478),(2823,'LABOUR & ICE',0,478),(2824,'LABOUR',0,478),(2831,'COMMISION',1000,480),(2832,'LELAM',800,480),(2833,'FREIGHT',1000,480),(2834,'OTHER EXPENSES',0,480),(2835,'LABOUR & ICE',600,480),(2836,'LABOUR',500,480),(2837,'COMMISION',0,411),(2838,'LELAM',0,411),(2839,'FREIGHT',0,411),(2840,'OTHER EXPENSES',0,411),(2841,'ICE',0,411),(2842,'LABOUR',0,411),(2843,'COMMISION',0,413),(2844,'LELAM',0,413),(2845,'FREIGHT',0,413),(2846,'OTHER EXPENSES',0,413),(2847,'ICE',0,413),(2848,'LABOUR',0,413),(2849,'COMMISION',0,416),(2850,'LELAM',0,416),(2851,'FREIGHT',0,416),(2852,'OTHER EXPENSES',0,416),(2853,'ICE',0,416),(2854,'LABOUR',0,416),(2855,'COMMISION',0,417),(2856,'LELAM',0,417),(2857,'FREIGHT',0,417),(2858,'OTHER EXPENSES',0,417),(2859,'ICE',0,417),(2860,'LABOUR',0,417),(2861,'COMMISION',0,423),(2862,'LELAM',0,423),(2863,'FREIGHT',0,423),(2864,'OTHER EXPENSES',0,423),(2865,'LABOUR & ICE',0,423),(2866,'LABOUR',0,423),(2867,'COMMISION',0,429),(2868,'LELAM',0,429),(2869,'FREIGHT',0,429),(2870,'OTHER EXPENSES',0,429),(2871,'LABOUR & ICE',0,429),(2872,'LABOUR',0,429),(2873,'COMMISION',0,435),(2874,'LELAM',0,435),(2875,'FREIGHT',0,435),(2876,'OTHER EXPENSES',0,435),(2877,'LABOUR & ICE',0,435),(2878,'LABOUR',0,435),(2879,'COMMISION',0,438),(2880,'LELAM',0,438),(2881,'FREIGHT',0,438),(2882,'OTHER EXPENSES',0,438),(2883,'LABOUR & ICE',0,438),(2884,'LABOUR',0,438),(2885,'COMMISION',0,444),(2886,'LELAM',0,444),(2887,'FREIGHT',0,444),(2888,'OTHER EXPENSES',0,444),(2889,'LABOUR & ICE',0,444),(2890,'LABOUR',0,444),(2891,'COMMISION',0,448),(2892,'LELAM',0,448),(2893,'FREIGHT',0,448),(2894,'OTHER EXPENSES',0,448),(2895,'LABOUR & ICE',0,448),(2896,'LABOUR',0,448),(2897,'COMMISION',0,458),(2898,'LELAM',0,458),(2899,'FREIGHT',0,458),(2900,'OTHER EXPENSES',0,458),(2901,'LABOUR & ICE',0,458),(2902,'LABOUR',0,458),(2903,'COMMISION',0,460),(2904,'LELAM',0,460),(2905,'FREIGHT',0,460),(2906,'OTHER EXPENSES',0,460),(2907,'LABOUR & ICE',0,460),(2908,'LABOUR',0,460),(2909,'COMMISION',0,462),(2910,'LELAM',0,462),(2911,'FREIGHT',0,462),(2912,'OTHER EXPENSES',0,462),(2913,'LABOUR & ICE',0,462),(2914,'LABOUR',0,462),(2921,'COMMISION',0,466),(2922,'LELAM',0,466),(2923,'FREIGHT',0,466),(2924,'OTHER EXPENSES',0,466),(2925,'LABOUR & ICE',0,466),(2926,'LABOUR',0,466),(2927,'COMMISION',0,470),(2928,'LELAM',0,470),(2929,'FREIGHT',0,470),(2930,'OTHER EXPENSES',0,470),(2931,'LABOUR & ICE',0,470),(2932,'LABOUR',0,470),(2933,'COMMISION',0,471),(2934,'LELAM',0,471),(2935,'FREIGHT',0,471),(2936,'OTHER EXPENSES',0,471),(2937,'LABOUR & ICE',0,471),(2938,'LABOUR',0,471),(2939,'COMMISION',0,472),(2940,'LELAM',0,472),(2941,'FREIGHT',0,472),(2942,'OTHER EXPENSES',0,472),(2943,'LABOUR & ICE',0,472),(2944,'LABOUR',0,472),(2945,'COMMISION',0,481),(2946,'LELAM',0,481),(2947,'FREIGHT',0,481),(2948,'OTHER EXPENSES',0,481),(2949,'LABOUR & ICE',0,481),(2950,'LABOUR',0,481),(2951,'COMMISION',0,482),(2952,'LELAM',0,482),(2953,'FREIGHT',0,482),(2954,'OTHER EXPENSES',0,482),(2955,'LABOUR & ICE',0,482),(2956,'LABOUR',0,482),(2957,'COMMISION',0,483),(2958,'LELAM',0,483),(2959,'FREIGHT',0,483),(2960,'OTHER EXPENSES',0,483),(2961,'LABOUR & ICE',0,483),(2962,'LABOUR',0,483),(2969,'COMMISION',0,485),(2970,'LELAM',0,485),(2971,'FREIGHT',0,485),(2972,'OTHER EXPENSES',0,485),(2973,'LABOUR & ICE',0,485),(2974,'LABOUR',0,485),(2975,'COMMISION',0,486),(2976,'LELAM',0,486),(2977,'FREIGHT',0,486),(2978,'OTHER EXPENSES',0,486),(2979,'LABOUR & ICE',0,486),(2980,'LABOUR',0,486),(2981,'COMMISION',0,487),(2982,'LELAM',0,487),(2983,'FREIGHT',0,487),(2984,'OTHER EXPENSES',0,487),(2985,'LABOUR & ICE',0,487),(2986,'LABOUR',0,487),(2987,'COMMISION',0,488),(2988,'LELAM',0,488),(2989,'FREIGHT',0,488),(2990,'OTHER EXPENSES',0,488),(2991,'LABOUR & ICE',0,488),(2992,'LABOUR',0,488),(3005,'COMMISION',0,489),(3006,'LELAM',0,489),(3007,'FREIGHT',0,489),(3008,'OTHER EXPENSES',0,489),(3009,'LABOUR & ICE',0,489),(3010,'LABOUR',0,489),(3017,'COMMISION',0,491),(3018,'LELAM',0,491),(3019,'FREIGHT',0,491),(3020,'OTHER EXPENSES',0,491),(3021,'LABOUR & ICE',0,491),(3022,'LABOUR',0,491),(3023,'COMMISION',0,492),(3024,'LELAM',0,492),(3025,'FREIGHT',0,492),(3026,'OTHER EXPENSES',0,492),(3027,'LABOUR & ICE',0,492),(3028,'LABOUR',0,492),(3029,'COMMISION',0,493),(3030,'LELAM',0,493),(3031,'FREIGHT',0,493),(3032,'OTHER EXPENSES',0,493),(3033,'LABOUR & ICE',0,493),(3034,'LABOUR',0,493),(3035,'COMMISION',0,484),(3036,'LELAM',0,484),(3037,'FREIGHT',0,484),(3038,'OTHER EXPENSES',0,484),(3039,'LABOUR & ICE',0,484),(3040,'LABOUR',0,484),(3041,'COMMISION',0,490),(3042,'LELAM',0,490),(3043,'FREIGHT',0,490),(3044,'OTHER EXPENSES',0,490),(3045,'LABOUR & ICE',0,490),(3046,'LABOUR',0,490),(3047,'COMMISION',0,494),(3048,'LELAM',0,494),(3049,'FREIGHT',0,494),(3050,'OTHER EXPENSES',0,494),(3051,'LABOUR & ICE',0,494),(3052,'LABOUR',0,494),(3053,'COMMISION',0,495),(3054,'LELAM',0,495),(3055,'FREIGHT',0,495),(3056,'OTHER EXPENSES',0,495),(3057,'LABOUR & ICE',0,495),(3058,'LABOUR',0,495),(3059,'COMMISION',0,496),(3060,'LELAM',0,496),(3061,'FREIGHT',0,496),(3062,'OTHER EXPENSES',0,496),(3063,'LABOUR & ICE',0,496),(3064,'LABOUR',0,496),(3065,'COMMISION',0,497),(3066,'LELAM',0,497),(3067,'FREIGHT',0,497),(3068,'OTHER EXPENSES',0,497),(3069,'LABOUR & ICE',0,497),(3070,'LABOUR',0,497),(3071,'COMMISION',0,498),(3072,'LELAM',0,498),(3073,'FREIGHT',0,498),(3074,'OTHER EXPENSES',0,498),(3075,'LABOUR & ICE',0,498),(3076,'LABOUR',0,498),(3077,'COMMISION',0,499),(3078,'LELAM',0,499),(3079,'FREIGHT',0,499),(3080,'OTHER EXPENSES',0,499),(3081,'LABOUR & ICE',0,499),(3082,'LABOUR',0,499),(3083,'COMMISION',0,500),(3084,'LELAM',0,500),(3085,'FREIGHT',0,500),(3086,'OTHER EXPENSES',0,500),(3087,'LABOUR & ICE',0,500),(3088,'LABOUR',0,500),(3089,'COMMISION',0,501),(3090,'LELAM',0,501),(3091,'FREIGHT',0,501),(3092,'OTHER EXPENSES',0,501),(3093,'LABOUR & ICE',0,501),(3094,'LABOUR',0,501),(3095,'COMMISION',0,502),(3096,'LELAM',0,502),(3097,'FREIGHT',0,502),(3098,'OTHER EXPENSES',0,502),(3099,'LABOUR & ICE',0,502),(3100,'LABOUR',0,502),(3101,'COMMISION',0,503),(3102,'LELAM',0,503),(3103,'FREIGHT',0,503),(3104,'OTHER EXPENSES',0,503),(3105,'LABOUR & ICE',0,503),(3106,'LABOUR',0,503),(3107,'COMMISION',0,504),(3108,'LELAM',0,504),(3109,'FREIGHT',0,504),(3110,'OTHER EXPENSES',0,504),(3111,'LABOUR & ICE',0,504),(3112,'LABOUR',0,504),(3113,'COMMISION',0,505),(3114,'LELAM',0,505),(3115,'FREIGHT',0,505),(3116,'OTHER EXPENSES',0,505),(3117,'LABOUR & ICE',0,505),(3118,'LABOUR',0,505),(3119,'COMMISION',0,506),(3120,'LELAM',0,506),(3121,'FREIGHT',0,506),(3122,'OTHER EXPENSES',0,506),(3123,'LABOUR & ICE',0,506),(3124,'LABOUR',0,506),(3125,'COMMISION',0,507),(3126,'LELAM',0,507),(3127,'FREIGHT',0,507),(3128,'OTHER EXPENSES',0,507),(3129,'LABOUR & ICE',0,507),(3130,'LABOUR',0,507),(3131,'COMMISION',0,508),(3132,'LELAM',0,508),(3133,'FREIGHT',0,508),(3134,'OTHER EXPENSES',0,508),(3135,'LABOUR & ICE',0,508),(3136,'LABOUR',0,508),(3137,'COMMISION',0,509),(3138,'LELAM',0,509),(3139,'FREIGHT',0,509),(3140,'OTHER EXPENSES',0,509),(3141,'LABOUR & ICE',0,509),(3142,'LABOUR',0,509),(3143,'COMMISION',0,510),(3144,'LELAM',0,510),(3145,'FREIGHT',0,510),(3146,'OTHER EXPENSES',0,510),(3147,'LABOUR & ICE',0,510),(3148,'LABOUR',0,510),(3149,'COMMISION',0,511),(3150,'LELAM',0,511),(3151,'FREIGHT',0,511),(3152,'OTHER EXPENSES',0,511),(3153,'LABOUR & ICE',0,511),(3154,'LABOUR',0,511),(3155,'COMMISION',0,512),(3156,'LELAM',0,512),(3157,'FREIGHT',0,512),(3158,'OTHER EXPENSES',0,512),(3159,'LABOUR & ICE',0,512),(3160,'LABOUR',0,512),(3161,'COMMISION',0,513),(3162,'LELAM',0,513),(3163,'FREIGHT',0,513),(3164,'OTHER EXPENSES',0,513),(3165,'LABOUR & ICE',0,513),(3166,'LABOUR',0,513),(3173,'COMMISION',0,514),(3174,'LELAM',0,514),(3175,'FREIGHT',0,514),(3176,'OTHER EXPENSES',0,514),(3177,'LABOUR & ICE',0,514),(3178,'LABOUR',0,514),(3179,'COMMISION',0,515),(3180,'LELAM',0,515),(3181,'FREIGHT',0,515),(3182,'OTHER EXPENSES',0,515),(3183,'LABOUR & ICE',0,515),(3184,'LABOUR',0,515),(3185,'COMMISION',0,516),(3186,'LELAM',0,516),(3187,'FREIGHT',0,516),(3188,'OTHER EXPENSES',0,516),(3189,'LABOUR & ICE',0,516),(3190,'LABOUR',0,516),(3191,'COMMISION',0,517),(3192,'LELAM',0,517),(3193,'FREIGHT',0,517),(3194,'OTHER EXPENSES',0,517),(3195,'LABOUR & ICE',0,517),(3196,'LABOUR',0,517),(3197,'COMMISION',0,518),(3198,'LELAM',0,518),(3199,'FREIGHT',0,518),(3200,'OTHER EXPENSES',0,518),(3201,'LABOUR & ICE',0,518),(3202,'LABOUR',0,518),(3203,'COMMISION',0,519),(3204,'LELAM',0,519),(3205,'FREIGHT',0,519),(3206,'OTHER EXPENSES',0,519),(3207,'LABOUR & ICE',0,519),(3208,'LABOUR',0,519),(3209,'COMMISION',0,520),(3210,'LELAM',0,520),(3211,'FREIGHT',0,520),(3212,'OTHER EXPENSES',0,520),(3213,'LABOUR & ICE',0,520),(3214,'LABOUR',0,520),(3215,'COMMISION',0,521),(3216,'LELAM',0,521),(3217,'FREIGHT',0,521),(3218,'OTHER EXPENSES',0,521),(3219,'LABOUR & ICE',0,521),(3220,'LABOUR',0,521),(3227,'COMMISION',0,522),(3228,'LELAM',0,522),(3229,'FREIGHT',0,522),(3230,'OTHER EXPENSES',0,522),(3231,'LABOUR & ICE',0,522),(3232,'LABOUR',0,522),(3233,'COMMISION',0,523),(3234,'LELAM',0,523),(3235,'FREIGHT',0,523),(3236,'OTHER EXPENSES',0,523),(3237,'LABOUR & ICE',0,523),(3238,'LABOUR',0,523),(3239,'COMMISION',0,524),(3240,'LELAM',0,524),(3241,'FREIGHT',0,524),(3242,'OTHER EXPENSES',0,524),(3243,'LABOUR & ICE',0,524),(3244,'LABOUR',0,524),(3245,'COMMISION',0,525),(3246,'LELAM',0,525),(3247,'FREIGHT',0,525),(3248,'OTHER EXPENSES',0,525),(3249,'LABOUR & ICE',0,525),(3250,'LABOUR',0,525),(3251,'COMMISION',0,526),(3252,'LELAM',0,526),(3253,'FREIGHT',0,526),(3254,'OTHER EXPENSES',0,526),(3255,'LABOUR & ICE',0,526),(3256,'LABOUR',0,526),(3257,'COMMISION',0,527),(3258,'LELAM',0,527),(3259,'FREIGHT',0,527),(3260,'OTHER EXPENSES',0,527),(3261,'LABOUR & ICE',0,527),(3262,'LABOUR',0,527),(3263,'COMMISION',0,528),(3264,'LELAM',0,528),(3265,'FREIGHT',0,528),(3266,'OTHER EXPENSES',0,528),(3267,'LABOUR & ICE',0,528),(3268,'LABOUR',0,528),(3275,'COMMISION',0,530),(3276,'LELAM',0,530),(3277,'FREIGHT',0,530),(3278,'OTHER EXPENSES',0,530),(3279,'LABOUR & ICE',0,530),(3280,'LABOUR',0,530),(3281,'COMMISION',0,531),(3282,'LELAM',0,531),(3283,'FREIGHT',0,531),(3284,'OTHER EXPENSES',0,531),(3285,'LABOUR & ICE',0,531),(3286,'LABOUR',0,531),(3287,'COMMISION',0,532),(3288,'LELAM',0,532),(3289,'FREIGHT',0,532),(3290,'OTHER EXPENSES',0,532),(3291,'LABOUR & ICE',0,532),(3292,'LABOUR',0,532),(3293,'COMMISION',0,533),(3294,'LELAM',0,533),(3295,'FREIGHT',0,533),(3296,'OTHER EXPENSES',0,533),(3297,'LABOUR & ICE',0,533),(3298,'LABOUR',0,533),(3311,'COMMISION',0,535),(3312,'LELAM',0,535),(3313,'FREIGHT',0,535),(3314,'OTHER EXPENSES',0,535),(3315,'LABOUR & ICE',0,535),(3316,'LABOUR',0,535),(3317,'COMMISION',0,536),(3318,'LELAM',0,536),(3319,'FREIGHT',0,536),(3320,'OTHER EXPENSES',0,536),(3321,'LABOUR & ICE',0,536),(3322,'LABOUR',0,536),(3323,'COMMISION',0,537),(3324,'LELAM',0,537),(3325,'FREIGHT',0,537),(3326,'OTHER EXPENSES',0,537),(3327,'LABOUR & ICE',0,537),(3328,'LABOUR',0,537),(3335,'COMMISION',0,538),(3336,'LELAM',0,538),(3337,'FREIGHT',0,538),(3338,'OTHER EXPENSES',0,538),(3339,'LABOUR & ICE',0,538),(3340,'LABOUR',0,538),(3341,'COMMISION',0,539),(3342,'LELAM',0,539),(3343,'FREIGHT',0,539),(3344,'OTHER EXPENSES',0,539),(3345,'LABOUR & ICE',0,539),(3346,'LABOUR',0,539),(3347,'COMMISION',0,540),(3348,'LELAM',0,540),(3349,'FREIGHT',0,540),(3350,'OTHER EXPENSES',0,540),(3351,'LABOUR & ICE',0,540),(3352,'LABOUR',0,540),(3353,'COMMISION',0,541),(3354,'LELAM',0,541),(3355,'FREIGHT',0,541),(3356,'OTHER EXPENSES',0,541),(3357,'LABOUR & ICE',0,541),(3358,'LABOUR',0,541),(3359,'COMMISION',0,542),(3360,'LELAM',0,542),(3361,'FREIGHT',0,542),(3362,'OTHER EXPENSES',0,542),(3363,'LABOUR & ICE',0,542),(3364,'LABOUR',0,542),(3365,'COMMISION',0,543),(3366,'LELAM',0,543),(3367,'FREIGHT',0,543),(3368,'OTHER EXPENSES',0,543),(3369,'LABOUR & ICE',0,543),(3370,'LABOUR',0,543),(3371,'COMMISION',0,544),(3372,'LELAM',0,544),(3373,'FREIGHT',0,544),(3374,'OTHER EXPENSES',0,544),(3375,'LABOUR & ICE',0,544),(3376,'LABOUR',0,544),(3377,'COMMISION',0,545),(3378,'LELAM',0,545),(3379,'FREIGHT',0,545),(3380,'OTHER EXPENSES',0,545),(3381,'LABOUR & ICE',0,545),(3382,'LABOUR',0,545),(3383,'COMMISION',0,546),(3384,'LELAM',0,546),(3385,'FREIGHT',0,546),(3386,'OTHER EXPENSES',0,546),(3387,'LABOUR & ICE',0,546),(3388,'LABOUR',0,546),(3401,'COMMISION',0,547),(3402,'LELAM',0,547),(3403,'FREIGHT',0,547),(3404,'OTHER EXPENSES',0,547),(3405,'LABOUR & ICE',0,547),(3406,'LABOUR',0,547),(3407,'COMMISION',0,548),(3408,'LELAM',0,548),(3409,'FREIGHT',0,548),(3410,'OTHER EXPENSES',0,548),(3411,'LABOUR & ICE',0,548),(3412,'LABOUR',0,548),(3413,'COMMISION',0,549),(3414,'LELAM',0,549),(3415,'FREIGHT',0,549),(3416,'OTHER EXPENSES',0,549),(3417,'LABOUR & ICE',0,549),(3418,'LABOUR',0,549),(3419,'COMMISION',0,550),(3420,'LELAM',0,550),(3421,'FREIGHT',0,550),(3422,'OTHER EXPENSES',0,550),(3423,'LABOUR & ICE',0,550),(3424,'LABOUR',0,550),(3425,'COMMISION',0,551),(3426,'LELAM',0,551),(3427,'FREIGHT',0,551),(3428,'OTHER EXPENSES',0,551),(3429,'LABOUR & ICE',0,551),(3430,'LABOUR',0,551),(3431,'COMMISION',0,552),(3432,'LELAM',0,552),(3433,'FREIGHT',0,552),(3434,'OTHER EXPENSES',0,552),(3435,'LABOUR & ICE',0,552),(3436,'LABOUR',0,552),(3437,'COMMISION',0,553),(3438,'LELAM',0,553),(3439,'FREIGHT',0,553),(3440,'OTHER EXPENSES',0,553),(3441,'LABOUR & ICE',0,553),(3442,'LABOUR',0,553),(3443,'COMMISION',0,554),(3444,'LELAM',0,554),(3445,'FREIGHT',0,554),(3446,'OTHER EXPENSES',0,554),(3447,'LABOUR & ICE',0,554),(3448,'LABOUR',0,554),(3449,'COMMISION',0,555),(3450,'LELAM',0,555),(3451,'FREIGHT',0,555),(3452,'OTHER EXPENSES',0,555),(3453,'LABOUR & ICE',0,555),(3454,'LABOUR',0,555),(3455,'COMMISION',0,556),(3456,'LELAM',0,556),(3457,'FREIGHT',0,556),(3458,'OTHER EXPENSES',0,556),(3459,'LABOUR & ICE',0,556),(3460,'LABOUR',0,556),(3461,'COMMISION',0,557),(3462,'LELAM',0,557),(3463,'FREIGHT',0,557),(3464,'OTHER EXPENSES',0,557),(3465,'LABOUR & ICE',0,557),(3466,'LABOUR',0,557),(3467,'COMMISION',0,558),(3468,'LELAM',0,558),(3469,'FREIGHT',0,558),(3470,'OTHER EXPENSES',0,558),(3471,'LABOUR & ICE',0,558),(3472,'LABOUR',0,558),(3473,'COMMISION',0,559),(3474,'LELAM',0,559),(3475,'FREIGHT',0,559),(3476,'OTHER EXPENSES',0,559),(3477,'LABOUR & ICE',0,559),(3478,'LABOUR',0,559),(3479,'COMMISION',0,560),(3480,'LELAM',0,560),(3481,'FREIGHT',0,560),(3482,'OTHER EXPENSES',0,560),(3483,'LABOUR & ICE',0,560),(3484,'LABOUR',0,560),(3485,'COMMISION',0,561),(3486,'LELAM',0,561),(3487,'FREIGHT',0,561),(3488,'OTHER EXPENSES',0,561),(3489,'LABOUR & ICE',0,561),(3490,'LABOUR',0,561),(3491,'COMMISION',0,562),(3492,'LELAM',0,562),(3493,'FREIGHT',0,562),(3494,'OTHER EXPENSES',0,562),(3495,'LABOUR & ICE',0,562),(3496,'LABOUR',0,562),(3497,'COMMISION',0,563),(3498,'LELAM',0,563),(3499,'FREIGHT',0,563),(3500,'OTHER EXPENSES',0,563),(3501,'LABOUR & ICE',0,563),(3502,'LABOUR',0,563),(3503,'COMMISION',0,564),(3504,'LELAM',0,564),(3505,'FREIGHT',0,564),(3506,'OTHER EXPENSES',0,564),(3507,'LABOUR & ICE',0,564),(3508,'LABOUR',0,564),(3509,'COMMISION',0,565),(3510,'LELAM',0,565),(3511,'FREIGHT',0,565),(3512,'OTHER EXPENSES',0,565),(3513,'LABOUR & ICE',0,565),(3514,'LABOUR',0,565),(3515,'COMMISION',0,566),(3516,'LELAM',0,566),(3517,'FREIGHT',0,566),(3518,'OTHER EXPENSES',0,566),(3519,'LABOUR & ICE',0,566),(3520,'LABOUR',0,566),(3521,'COMMISION',0,567),(3522,'LELAM',0,567),(3523,'FREIGHT',0,567),(3524,'OTHER EXPENSES',0,567),(3525,'LABOUR & ICE',0,567),(3526,'LABOUR',0,567),(3527,'COMMISION',0,568),(3528,'LELAM',0,568),(3529,'FREIGHT',0,568),(3530,'OTHER EXPENSES',0,568),(3531,'LABOUR & ICE',0,568),(3532,'LABOUR',0,568),(3533,'COMMISION',0,569),(3534,'LELAM',0,569),(3535,'FREIGHT',0,569),(3536,'OTHER EXPENSES',0,569),(3537,'LABOUR & ICE',0,569),(3538,'LABOUR',0,569),(3539,'COMMISION',0,570),(3540,'LELAM',0,570),(3541,'FREIGHT',0,570),(3542,'OTHER EXPENSES',0,570),(3543,'LABOUR & ICE',0,570),(3544,'LABOUR',0,570),(3545,'COMMISION',0,571),(3546,'LELAM',0,571),(3547,'FREIGHT',0,571),(3548,'OTHER EXPENSES',0,571),(3549,'LABOUR & ICE',0,571),(3550,'LABOUR',0,571),(3551,'COMMISION',0,572),(3552,'LELAM',0,572),(3553,'FREIGHT',0,572),(3554,'OTHER EXPENSES',0,572),(3555,'LABOUR & ICE',0,572),(3556,'LABOUR',0,572),(3557,'COMMISION',0,534),(3558,'LELAM',0,534),(3559,'FREIGHT',0,534),(3560,'OTHER EXPENSES',0,534),(3561,'LABOUR & ICE',0,534),(3562,'LABOUR',0,534),(3563,'COMMISION',0,529),(3564,'LELAM',0,529),(3565,'FREIGHT',0,529),(3566,'OTHER EXPENSES',0,529),(3567,'LABOUR & ICE',0,529),(3568,'LABOUR',0,529),(3569,'COMMISION',0,573),(3570,'LELAM',0,573),(3571,'FREIGHT',0,573),(3572,'OTHER EXPENSES',0,573),(3573,'LABOUR & ICE',0,573),(3574,'LABOUR',0,573),(3575,'COMMISION',0,574),(3576,'LELAM',0,574),(3577,'FREIGHT',0,574),(3578,'OTHER EXPENSES',0,574),(3579,'LABOUR & ICE',0,574),(3580,'LABOUR',0,574),(3581,'COMMISION',0,575),(3582,'LELAM',0,575),(3583,'FREIGHT',0,575),(3584,'OTHER EXPENSES',0,575),(3585,'LABOUR & ICE',0,575),(3586,'LABOUR',0,575),(3587,'COMMISION',0,576),(3588,'LELAM',0,576),(3589,'FREIGHT',0,576),(3590,'OTHER EXPENSES',0,576),(3591,'LABOUR & ICE',0,576),(3592,'LABOUR',0,576),(3593,'COMMISION',0,577),(3594,'LELAM',0,577),(3595,'FREIGHT',0,577),(3596,'OTHER EXPENSES',0,577),(3597,'LABOUR & ICE',0,577),(3598,'LABOUR',0,577),(3599,'COMMISION',0,578),(3600,'LELAM',0,578),(3601,'FREIGHT',0,578),(3602,'OTHER EXPENSES',0,578),(3603,'LABOUR & ICE',0,578),(3604,'LABOUR',0,578),(3611,'COMMISION',0,580),(3612,'LELAM',0,580),(3613,'FREIGHT',0,580),(3614,'OTHER EXPENSES',0,580),(3615,'LABOUR & ICE',0,580),(3616,'LABOUR',0,580),(3617,'COMMISION',0,581),(3618,'LELAM',0,581),(3619,'FREIGHT',0,581),(3620,'OTHER EXPENSES',0,581),(3621,'LABOUR & ICE',0,581),(3622,'LABOUR',0,581),(3623,'COMMISION',0,582),(3624,'LELAM',0,582),(3625,'FREIGHT',0,582),(3626,'OTHER EXPENSES',0,582),(3627,'LABOUR & ICE',0,582),(3628,'LABOUR',0,582),(3629,'COMMISION',0,583),(3630,'LELAM',0,583),(3631,'FREIGHT',0,583),(3632,'OTHER EXPENSES',0,583),(3633,'LABOUR & ICE',0,583),(3634,'LABOUR',0,583),(3647,'COMMISION',0,586),(3648,'LELAM',0,586),(3649,'FREIGHT',0,586),(3650,'OTHER EXPENSES',0,586),(3651,'LABOUR & ICE',0,586),(3652,'LABOUR',0,586),(3653,'COMMISION',0,587),(3654,'LELAM',0,587),(3655,'FREIGHT',0,587),(3656,'OTHER EXPENSES',0,587),(3657,'LABOUR & ICE',0,587),(3658,'LABOUR',0,587),(3659,'COMMISION',0,588),(3660,'LELAM',0,588),(3661,'FREIGHT',0,588),(3662,'OTHER EXPENSES',0,588),(3663,'LABOUR & ICE',0,588),(3664,'LABOUR',0,588),(3665,'COMMISION',0,589),(3666,'LELAM',0,589),(3667,'FREIGHT',0,589),(3668,'OTHER EXPENSES',0,589),(3669,'LABOUR & ICE',0,589),(3670,'LABOUR',0,589),(3671,'COMMISION',0,590),(3672,'LELAM',0,590),(3673,'FREIGHT',0,590),(3674,'OTHER EXPENSES',0,590),(3675,'LABOUR & ICE',0,590),(3676,'LABOUR',0,590),(3677,'COMMISION',0,591),(3678,'LELAM',0,591),(3679,'FREIGHT',0,591),(3680,'OTHER EXPENSES',0,591),(3681,'LABOUR & ICE',0,591),(3682,'LABOUR',0,591),(3683,'COMMISION',0,592),(3684,'LELAM',0,592),(3685,'FREIGHT',0,592),(3686,'OTHER EXPENSES',0,592),(3687,'LABOUR & ICE',0,592),(3688,'LABOUR',0,592),(3689,'COMMISION',0,593),(3690,'LELAM',0,593),(3691,'FREIGHT',0,593),(3692,'OTHER EXPENSES',0,593),(3693,'LABOUR & ICE',0,593),(3694,'LABOUR',0,593),(3701,'COMMISION',0,585),(3702,'LELAM',0,585),(3703,'FREIGHT',0,585),(3704,'OTHER EXPENSES',0,585),(3705,'LABOUR & ICE',0,585),(3706,'LABOUR',0,585),(3707,'COMMISION',0,594),(3708,'LELAM',0,594),(3709,'FREIGHT',0,594),(3710,'OTHER EXPENSES',0,594),(3711,'LABOUR & ICE',0,594),(3712,'LABOUR',0,594),(3713,'COMMISION',0,595),(3714,'LELAM',0,595),(3715,'FREIGHT',0,595),(3716,'OTHER EXPENSES',0,595),(3717,'LABOUR & ICE',0,595),(3718,'LABOUR',0,595),(3725,'COMMISION',0,597),(3726,'LELAM',0,597),(3727,'FREIGHT',0,597),(3728,'OTHER EXPENSES',0,597),(3729,'LABOUR & ICE',0,597),(3730,'LABOUR',0,597),(3731,'COMMISION',0,598),(3732,'LELAM',0,598),(3733,'FREIGHT',0,598),(3734,'OTHER EXPENSES',0,598),(3735,'LABOUR & ICE',0,598),(3736,'LABOUR',0,598),(3737,'COMMISION',0,599),(3738,'LELAM',0,599),(3739,'FREIGHT',0,599),(3740,'OTHER EXPENSES',0,599),(3741,'LABOUR & ICE',0,599),(3742,'LABOUR',0,599),(3743,'COMMISION',0,600),(3744,'LELAM',0,600),(3745,'FREIGHT',0,600),(3746,'OTHER EXPENSES',0,600),(3747,'LABOUR & ICE',0,600),(3748,'LABOUR',0,600),(3755,'COMMISION',0,602),(3756,'LELAM',0,602),(3757,'FREIGHT',0,602),(3758,'OTHER EXPENSES',0,602),(3759,'LABOUR & ICE',0,602),(3760,'LABOUR',0,602),(3761,'COMMISION',0,603),(3762,'LELAM',0,603),(3763,'FREIGHT',0,603),(3764,'OTHER EXPENSES',0,603),(3765,'LABOUR & ICE',0,603),(3766,'LABOUR',0,603),(3767,'COMMISION',0,604),(3768,'LELAM',0,604),(3769,'FREIGHT',0,604),(3770,'OTHER EXPENSES',0,604),(3771,'LABOUR & ICE',0,604),(3772,'LABOUR',0,604),(3773,'COMMISION',0,605),(3774,'LELAM',0,605),(3775,'FREIGHT',0,605),(3776,'OTHER EXPENSES',0,605),(3777,'LABOUR & ICE',0,605),(3778,'LABOUR',0,605),(3779,'COMMISION',0,606),(3780,'LELAM',0,606),(3781,'FREIGHT',0,606),(3782,'OTHER EXPENSES',0,606),(3783,'LABOUR & ICE',0,606),(3784,'LABOUR',0,606),(3785,'COMMISION',0,607),(3786,'LELAM',0,607),(3787,'FREIGHT',0,607),(3788,'OTHER EXPENSES',0,607),(3789,'LABOUR & ICE',0,607),(3790,'LABOUR',0,607),(3791,'COMMISION',0,608),(3792,'LELAM',0,608),(3793,'FREIGHT',0,608),(3794,'OTHER EXPENSES',0,608),(3795,'LABOUR & ICE',0,608),(3796,'LABOUR',0,608),(3797,'COMMISION',0,609),(3798,'LELAM',0,609),(3799,'FREIGHT',0,609),(3800,'OTHER EXPENSES',0,609),(3801,'LABOUR & ICE',0,609),(3802,'LABOUR',0,609),(3821,'COMMISION',0,612),(3822,'LELAM',0,612),(3823,'FREIGHT',0,612),(3824,'OTHER EXPENSES',0,612),(3825,'LABOUR & ICE',0,612),(3826,'LABOUR',0,612),(3827,'COMMISION',0,579),(3828,'LELAM',0,579),(3829,'FREIGHT',0,579),(3830,'OTHER EXPENSES',0,579),(3831,'LABOUR & ICE',0,579),(3832,'LABOUR',0,579),(3833,'COMMISION',0,596),(3834,'LELAM',0,596),(3835,'FREIGHT',0,596),(3836,'OTHER EXPENSES',0,596),(3837,'LABOUR & ICE',0,596),(3838,'LABOUR',0,596),(3845,'COMMISION',0,613),(3846,'LELAM',0,613),(3847,'FREIGHT',0,613),(3848,'OTHER EXPENSES',0,613),(3849,'LABOUR & ICE',0,613),(3850,'LABOUR',0,613),(3863,'COMMISION',0,614),(3864,'LELAM',0,614),(3865,'FREIGHT',0,614),(3866,'OTHER EXPENSES',0,614),(3867,'LABOUR & ICE',0,614),(3868,'LABOUR',0,614),(3869,'COMMISION',0,615),(3870,'LELAM',0,615),(3871,'FREIGHT',0,615),(3872,'OTHER EXPENSES',0,615),(3873,'LABOUR & ICE',0,615),(3874,'LABOUR',0,615),(3881,'COMMISION',0,617),(3882,'LELAM',0,617),(3883,'FREIGHT',0,617),(3884,'OTHER EXPENSES',0,617),(3885,'LABOUR & ICE',0,617),(3886,'LABOUR',0,617),(3887,'COMMISION',0,618),(3888,'LELAM',0,618),(3889,'FREIGHT',0,618),(3890,'OTHER EXPENSES',0,618),(3891,'LABOUR & ICE',0,618),(3892,'LABOUR',0,618),(3893,'COMMISION',0,619),(3894,'LELAM',0,619),(3895,'FREIGHT',0,619),(3896,'OTHER EXPENSES',0,619),(3897,'LABOUR & ICE',0,619),(3898,'LABOUR',0,619),(3905,'COMMISION',0,616),(3906,'LELAM',0,616),(3907,'FREIGHT',0,616),(3908,'OTHER EXPENSES',0,616),(3909,'LABOUR & ICE',0,616),(3910,'LABOUR',0,616),(3911,'COMMISION',0,620),(3912,'LELAM',0,620),(3913,'FREIGHT',0,620),(3914,'OTHER EXPENSES',0,620),(3915,'LABOUR & ICE',0,620),(3916,'LABOUR',0,620),(3917,'COMMISION',0,621),(3918,'LELAM',0,621),(3919,'FREIGHT',0,621),(3920,'OTHER EXPENSES',0,621),(3921,'LABOUR & ICE',0,621),(3922,'LABOUR',0,621),(3923,'COMMISION',0,622),(3924,'LELAM',0,622),(3925,'FREIGHT',0,622),(3926,'OTHER EXPENSES',0,622),(3927,'LABOUR & ICE',0,622),(3928,'LABOUR',0,622),(3929,'COMMISION',0,623),(3930,'LELAM',0,623),(3931,'FREIGHT',0,623),(3932,'OTHER EXPENSES',0,623),(3933,'LABOUR & ICE',0,623),(3934,'LABOUR',0,623),(3935,'COMMISION',0,624),(3936,'LELAM',0,624),(3937,'FREIGHT',0,624),(3938,'OTHER EXPENSES',0,624),(3939,'LABOUR & ICE',0,624),(3940,'LABOUR',0,624),(3941,'COMMISION',0,625),(3942,'LELAM',0,625),(3943,'FREIGHT',0,625),(3944,'OTHER EXPENSES',0,625),(3945,'LABOUR & ICE',0,625),(3946,'LABOUR',0,625),(3947,'COMMISION',0,626),(3948,'LELAM',0,626),(3949,'FREIGHT',0,626),(3950,'OTHER EXPENSES',0,626),(3951,'LABOUR & ICE',0,626),(3952,'LABOUR',0,626),(3953,'COMMISION',0,627),(3954,'LELAM',0,627),(3955,'FREIGHT',0,627),(3956,'OTHER EXPENSES',0,627),(3957,'LABOUR & ICE',0,627),(3958,'LABOUR',0,627),(3959,'COMMISION',0,628),(3960,'LELAM',0,628),(3961,'FREIGHT',0,628),(3962,'OTHER EXPENSES',0,628),(3963,'LABOUR & ICE',0,628),(3964,'LABOUR',0,628),(3965,'COMMISION',0,629),(3966,'LELAM',0,629),(3967,'FREIGHT',0,629),(3968,'OTHER EXPENSES',0,629),(3969,'LABOUR & ICE',0,629),(3970,'LABOUR',0,629),(3971,'COMMISION',0,630),(3972,'LELAM',0,630),(3973,'FREIGHT',0,630),(3974,'OTHER EXPENSES',0,630),(3975,'LABOUR & ICE',0,630),(3976,'LABOUR',0,630),(3983,'COMMISION',0,632),(3984,'LELAM',0,632),(3985,'FREIGHT',0,632),(3986,'OTHER EXPENSES',0,632),(3987,'LABOUR & ICE',0,632),(3988,'LABOUR',0,632),(3989,'COMMISION',0,633),(3990,'LELAM',0,633),(3991,'FREIGHT',0,633),(3992,'OTHER EXPENSES',0,633),(3993,'LABOUR & ICE',0,633),(3994,'LABOUR',0,633),(3995,'COMMISION',0,631),(3996,'LELAM',0,631),(3997,'FREIGHT',0,631),(3998,'OTHER EXPENSES',0,631),(3999,'LABOUR & ICE',0,631),(4000,'LABOUR',0,631),(4001,'COMMISION',0,634),(4002,'LELAM',0,634),(4003,'FREIGHT',0,634),(4004,'OTHER EXPENSES',0,634),(4005,'LABOUR & ICE',0,634),(4006,'LABOUR',0,634),(4007,'COMMISION',0,635),(4008,'LELAM',0,635),(4009,'FREIGHT',0,635),(4010,'OTHER EXPENSES',0,635),(4011,'LABOUR & ICE',0,635),(4012,'LABOUR',0,635),(4013,'COMMISION',0,636),(4014,'LELAM',0,636),(4015,'FREIGHT',0,636),(4016,'OTHER EXPENSES',0,636),(4017,'LABOUR & ICE',0,636),(4018,'LABOUR',0,636),(4019,'COMMISION',0,637),(4020,'LELAM',0,637),(4021,'FREIGHT',0,637),(4022,'OTHER EXPENSES',0,637),(4023,'LABOUR & ICE',0,637),(4024,'LABOUR',0,637),(4025,'COMMISION',0,638),(4026,'LELAM',0,638),(4027,'FREIGHT',0,638),(4028,'OTHER EXPENSES',0,638),(4029,'LABOUR & ICE',0,638),(4030,'LABOUR',0,638),(4031,'COMMISION',0,639),(4032,'LELAM',0,639),(4033,'FREIGHT',0,639),(4034,'OTHER EXPENSES',0,639),(4035,'LABOUR & ICE',0,639),(4036,'LABOUR',0,639),(4037,'COMMISION',0,611),(4038,'LELAM',0,611),(4039,'FREIGHT',0,611),(4040,'OTHER EXPENSES',0,611),(4041,'LABOUR & ICE',0,611),(4042,'LABOUR',0,611),(4043,'COMMISION',0,610),(4044,'LELAM',0,610),(4045,'FREIGHT',0,610),(4046,'OTHER EXPENSES',0,610),(4047,'LABOUR & ICE',0,610),(4048,'LABOUR',0,610),(4049,'COMMISION',0,640),(4050,'LELAM',0,640),(4051,'FREIGHT',0,640),(4052,'OTHER EXPENSES',0,640),(4053,'LABOUR & ICE',0,640),(4054,'LABOUR',0,640),(4067,'COMMISION',0,584),(4068,'LELAM',0,584),(4069,'FREIGHT',0,584),(4070,'OTHER EXPENSES',0,584),(4071,'LABOUR & ICE',0,584),(4072,'LABOUR',0,584),(4073,'COMMISION',0,641),(4074,'LELAM',0,641),(4075,'FREIGHT',0,641),(4076,'OTHER EXPENSES',0,641),(4077,'LABOUR & ICE',0,641),(4078,'LABOUR',0,641),(4079,'COMMISION',0,642),(4080,'LELAM',0,642),(4081,'FREIGHT',0,642),(4082,'OTHER EXPENSES',0,642),(4083,'LABOUR & ICE',0,642),(4084,'LABOUR',0,642),(4085,'COMMISION',0,643),(4086,'LELAM',0,643),(4087,'FREIGHT',0,643),(4088,'OTHER EXPENSES',0,643),(4089,'LABOUR & ICE',0,643),(4090,'LABOUR',0,643),(4091,'COMMISION',0,644),(4092,'LELAM',0,644),(4093,'FREIGHT',0,644),(4094,'OTHER EXPENSES',0,644),(4095,'LABOUR & ICE',0,644),(4096,'LABOUR',0,644),(4097,'COMMISION',0,645),(4098,'LELAM',0,645),(4099,'FREIGHT',0,645),(4100,'OTHER EXPENSES',0,645),(4101,'LABOUR & ICE',0,645),(4102,'LABOUR',0,645),(4103,'COMMISION',0,646),(4104,'LELAM',0,646),(4105,'FREIGHT',0,646),(4106,'OTHER EXPENSES',0,646),(4107,'LABOUR & ICE',0,646),(4108,'LABOUR',0,646),(4109,'COMMISION',0,647),(4110,'LELAM',0,647),(4111,'FREIGHT',0,647),(4112,'OTHER EXPENSES',0,647),(4113,'LABOUR & ICE',0,647),(4114,'LABOUR',0,647),(4115,'COMMISION',0,648),(4116,'LELAM',0,648),(4117,'FREIGHT',0,648),(4118,'OTHER EXPENSES',0,648),(4119,'LABOUR & ICE',0,648),(4120,'LABOUR',0,648),(4121,'COMMISION',0,649),(4122,'LELAM',0,649),(4123,'FREIGHT',0,649),(4124,'OTHER EXPENSES',0,649),(4125,'LABOUR & ICE',0,649),(4126,'LABOUR',0,649),(4133,'COMMISION',0,651),(4134,'LELAM',0,651),(4135,'FREIGHT',0,651),(4136,'OTHER EXPENSES',0,651),(4137,'LABOUR & ICE',0,651),(4138,'LABOUR',0,651),(4139,'COMMISION',0,650),(4140,'LELAM',0,650),(4141,'FREIGHT',0,650),(4142,'OTHER EXPENSES',0,650),(4143,'LABOUR & ICE',0,650),(4144,'LABOUR',0,650),(4145,'COMMISION',0,652),(4146,'LELAM',0,652),(4147,'FREIGHT',0,652),(4148,'OTHER EXPENSES',0,652),(4149,'LABOUR & ICE',0,652),(4150,'LABOUR',0,652),(4151,'COMMISION',0,653),(4152,'LELAM',0,653),(4153,'FREIGHT',0,653),(4154,'OTHER EXPENSES',0,653),(4155,'LABOUR & ICE',0,653),(4156,'LABOUR',0,653),(4157,'COMMISION',0,654),(4158,'LELAM',0,654),(4159,'FREIGHT',0,654),(4160,'OTHER EXPENSES',0,654),(4161,'LABOUR & ICE',0,654),(4162,'LABOUR',0,654),(4163,'COMMISION',0,430),(4164,'LELAM',0,430),(4165,'FREIGHT',0,430),(4166,'OTHER EXPENSES',0,430),(4167,'LABOUR & ICE',0,430),(4168,'LABOUR',0,430),(4169,'COMMISION',0,479),(4170,'LELAM',0,479),(4171,'FREIGHT',0,479),(4172,'OTHER EXPENSES',0,479),(4173,'LABOUR & ICE',0,479),(4174,'LABOUR',0,479),(4175,'COMMISION',0,655),(4176,'LELAM',0,655),(4177,'FREIGHT',0,655),(4178,'OTHER EXPENSES',0,655),(4179,'LABOUR & ICE',0,655),(4180,'LABOUR',0,655),(4181,'COMMISION',0,656),(4182,'LELAM',0,656),(4183,'FREIGHT',0,656),(4184,'OTHER EXPENSES',0,656),(4185,'LABOUR & ICE',0,656),(4186,'LABOUR',0,656),(4199,'COMMISION',0,659),(4200,'LELAM',0,659),(4201,'FREIGHT',0,659),(4202,'OTHER EXPENSES',0,659),(4203,'LABOUR & ICE',0,659),(4204,'LABOUR',0,659),(4205,'COMMISION',0,660),(4206,'LELAM',0,660),(4207,'FREIGHT',0,660),(4208,'OTHER EXPENSES',0,660),(4209,'LABOUR & ICE',0,660),(4210,'LABOUR',0,660),(4217,'COMMISION',0,662),(4218,'LELAM',0,662),(4219,'FREIGHT',0,662),(4220,'OTHER EXPENSES',0,662),(4221,'LABOUR & ICE',0,662),(4222,'LABOUR',0,662),(4229,'COMMISION',0,664),(4230,'LELAM',0,664),(4231,'FREIGHT',0,664),(4232,'OTHER EXPENSES',0,664),(4233,'LABOUR & ICE',0,664),(4234,'LABOUR',0,664),(4235,'COMMISION',0,665),(4236,'LELAM',0,665),(4237,'FREIGHT',0,665),(4238,'OTHER EXPENSES',0,665),(4239,'LABOUR & ICE',0,665),(4240,'LABOUR',0,665),(4241,'COMMISION',0,666),(4242,'LELAM',0,666),(4243,'FREIGHT',0,666),(4244,'OTHER EXPENSES',0,666),(4245,'LABOUR & ICE',0,666),(4246,'LABOUR',0,666),(4247,'COMMISION',0,667),(4248,'LELAM',0,667),(4249,'FREIGHT',0,667),(4250,'OTHER EXPENSES',0,667),(4251,'LABOUR & ICE',0,667),(4252,'LABOUR',0,667),(4253,'COMMISION',0,668),(4254,'LELAM',0,668),(4255,'FREIGHT',0,668),(4256,'OTHER EXPENSES',0,668),(4257,'LABOUR & ICE',0,668),(4258,'LABOUR',0,668),(4259,'COMMISION',0,669),(4260,'LELAM',0,669),(4261,'FREIGHT',0,669),(4262,'OTHER EXPENSES',0,669),(4263,'LABOUR & ICE',0,669),(4264,'LABOUR',0,669),(4265,'COMMISION',0,670),(4266,'LELAM',0,670),(4267,'FREIGHT',0,670),(4268,'OTHER EXPENSES',0,670),(4269,'LABOUR & ICE',0,670),(4270,'LABOUR',0,670),(4271,'COMMISION',0,671),(4272,'LELAM',0,671),(4273,'FREIGHT',0,671),(4274,'OTHER EXPENSES',0,671),(4275,'LABOUR & ICE',0,671),(4276,'LABOUR',0,671),(4277,'COMMISION',0,672),(4278,'LELAM',0,672),(4279,'FREIGHT',0,672),(4280,'OTHER EXPENSES',0,672),(4281,'LABOUR & ICE',0,672),(4282,'LABOUR',0,672),(4283,'COMMISION',0,673),(4284,'LELAM',0,673),(4285,'FREIGHT',0,673),(4286,'OTHER EXPENSES',0,673),(4287,'LABOUR & ICE',0,673),(4288,'LABOUR',0,673),(4289,'COMMISION',0,674),(4290,'LELAM',0,674),(4291,'FREIGHT',0,674),(4292,'OTHER EXPENSES',0,674),(4293,'LABOUR & ICE',0,674),(4294,'LABOUR',0,674),(4295,'COMMISION',0,675),(4296,'LELAM',0,675),(4297,'FREIGHT',0,675),(4298,'OTHER EXPENSES',0,675),(4299,'LABOUR & ICE',0,675),(4300,'LABOUR',0,675),(4301,'COMMISION',0,676),(4302,'LELAM',0,676),(4303,'FREIGHT',0,676),(4304,'OTHER EXPENSES',0,676),(4305,'LABOUR & ICE',0,676),(4306,'LABOUR',0,676),(4307,'COMMISION',0,677),(4308,'LELAM',0,677),(4309,'FREIGHT',0,677),(4310,'OTHER EXPENSES',0,677),(4311,'LABOUR & ICE',0,677),(4312,'LABOUR',0,677),(4313,'COMMISION',0,678),(4314,'LELAM',0,678),(4315,'FREIGHT',0,678),(4316,'OTHER EXPENSES',0,678),(4317,'LABOUR & ICE',0,678),(4318,'LABOUR',0,678),(4319,'COMMISION',0,679),(4320,'LELAM',0,679),(4321,'FREIGHT',0,679),(4322,'OTHER EXPENSES',0,679),(4323,'LABOUR & ICE',0,679),(4324,'LABOUR',0,679),(4325,'COMMISION',0,680),(4326,'LELAM',0,680),(4327,'FREIGHT',0,680),(4328,'OTHER EXPENSES',0,680),(4329,'LABOUR & ICE',0,680),(4330,'LABOUR',0,680),(4331,'COMMISION',0,681),(4332,'LELAM',0,681),(4333,'FREIGHT',0,681),(4334,'OTHER EXPENSES',0,681),(4335,'LABOUR & ICE',0,681),(4336,'LABOUR',0,681),(4349,'COMMISION',0,683),(4350,'LELAM',0,683),(4351,'FREIGHT',0,683),(4352,'OTHER EXPENSES',0,683),(4353,'LABOUR & ICE',0,683),(4354,'LABOUR',0,683),(4355,'COMMISION',0,684),(4356,'LELAM',0,684),(4357,'FREIGHT',0,684),(4358,'OTHER EXPENSES',0,684),(4359,'LABOUR & ICE',0,684),(4360,'LABOUR',0,684),(4361,'COMMISION',0,685),(4362,'LELAM',0,685),(4363,'FREIGHT',0,685),(4364,'OTHER EXPENSES',0,685),(4365,'LABOUR & ICE',0,685),(4366,'LABOUR',0,685),(4367,'COMMISION',2000,682),(4368,'LELAM',0,682),(4369,'FREIGHT',0,682),(4370,'OTHER EXPENSES',0,682),(4371,'LABOUR & ICE',0,682),(4372,'LABOUR',0,682),(4373,'COMMISION',0,686),(4374,'LELAM',0,686),(4375,'FREIGHT',0,686),(4376,'OTHER EXPENSES',0,686),(4377,'LABOUR & ICE',0,686),(4378,'LABOUR',0,686),(4379,'COMMISION',0,687),(4380,'LELAM',0,687),(4381,'FREIGHT',0,687),(4382,'OTHER EXPENSES',0,687),(4383,'LABOUR & ICE',0,687),(4384,'LABOUR',0,687),(4391,'COMMISION',0,689),(4392,'LELAM',0,689),(4393,'FREIGHT',0,689),(4394,'OTHER EXPENSES',0,689),(4395,'LABOUR & ICE',0,689),(4396,'LABOUR',0,689),(4397,'COMMISION',0,688),(4398,'LELAM',0,688),(4399,'FREIGHT',0,688),(4400,'OTHER EXPENSES',0,688),(4401,'LABOUR & ICE',0,688),(4402,'LABOUR',0,688),(4403,'COMMISION',0,690),(4404,'LELAM',0,690),(4405,'FREIGHT',0,690),(4406,'OTHER EXPENSES',0,690),(4407,'LABOUR & ICE',0,690),(4408,'LABOUR',0,690),(4409,'COMMISION',0,691),(4410,'LELAM',0,691),(4411,'FREIGHT',0,691),(4412,'OTHER EXPENSES',0,691),(4413,'LABOUR & ICE',0,691),(4414,'LABOUR',0,691),(4415,'COMMISION',0,692),(4416,'LELAM',0,692),(4417,'FREIGHT',0,692),(4418,'OTHER EXPENSES',0,692),(4419,'LABOUR & ICE',0,692),(4420,'LABOUR',0,692),(4421,'COMMISION',0,693),(4422,'LELAM',0,693),(4423,'FREIGHT',0,693),(4424,'OTHER EXPENSES',0,693),(4425,'LABOUR & ICE',0,693),(4426,'LABOUR',0,693),(4427,'COMMISION',0,694),(4428,'LELAM',0,694),(4429,'FREIGHT',0,694),(4430,'OTHER EXPENSES',0,694),(4431,'LABOUR & ICE',0,694),(4432,'LABOUR',0,694),(4433,'COMMISION',0,695),(4434,'LELAM',0,695),(4435,'FREIGHT',0,695),(4436,'OTHER EXPENSES',0,695),(4437,'LABOUR & ICE',0,695),(4438,'LABOUR',0,695),(4439,'COMMISION',0,661),(4440,'LELAM',0,661),(4441,'FREIGHT',0,661),(4442,'OTHER EXPENSES',0,661),(4443,'LABOUR & ICE',0,661),(4444,'LABOUR',0,661),(4445,'COMMISION',0,696),(4446,'LELAM',0,696),(4447,'FREIGHT',0,696),(4448,'OTHER EXPENSES',0,696),(4449,'LABOUR & ICE',0,696),(4450,'LABOUR',0,696),(4451,'COMMISION',0,697),(4452,'LELAM',0,697),(4453,'FREIGHT',0,697),(4454,'OTHER EXPENSES',0,697),(4455,'LABOUR & ICE',0,697),(4456,'LABOUR',0,697),(4457,'COMMISION',0,698),(4458,'LELAM',0,698),(4459,'FREIGHT',0,698),(4460,'OTHER EXPENSES',0,698),(4461,'LABOUR & ICE',0,698),(4462,'LABOUR',0,698),(4463,'COMMISION',0,699),(4464,'LELAM',0,699),(4465,'FREIGHT',0,699),(4466,'OTHER EXPENSES',0,699),(4467,'LABOUR & ICE',0,699),(4468,'LABOUR',0,699),(4469,'COMMISION',0,700),(4470,'LELAM',0,700),(4471,'FREIGHT',0,700),(4472,'OTHER EXPENSES',0,700),(4473,'LABOUR & ICE',0,700),(4474,'LABOUR',0,700),(4475,'COMMISION',0,701),(4476,'LELAM',0,701),(4477,'FREIGHT',0,701),(4478,'OTHER EXPENSES',0,701),(4479,'LABOUR & ICE',0,701),(4480,'LABOUR',0,701),(4481,'COMMISION',0,702),(4482,'LELAM',0,702),(4483,'FREIGHT',0,702),(4484,'OTHER EXPENSES',0,702),(4485,'LABOUR & ICE',0,702),(4486,'LABOUR',0,702),(4487,'COMMISION',0,703),(4488,'LELAM',0,703),(4489,'FREIGHT',0,703),(4490,'OTHER EXPENSES',0,703),(4491,'LABOUR & ICE',0,703),(4492,'LABOUR',0,703),(4493,'COMMISION',0,704),(4494,'LELAM',0,704),(4495,'FREIGHT',0,704),(4496,'OTHER EXPENSES',0,704),(4497,'LABOUR & ICE',0,704),(4498,'LABOUR',0,704),(4499,'COMMISION',0,705),(4500,'LELAM',0,705),(4501,'FREIGHT',0,705),(4502,'OTHER EXPENSES',0,705),(4503,'LABOUR & ICE',0,705),(4504,'LABOUR',0,705),(4505,'COMMISION',0,706),(4506,'LELAM',0,706),(4507,'FREIGHT',0,706),(4508,'OTHER EXPENSES',0,706),(4509,'LABOUR & ICE',0,706),(4510,'LABOUR',0,706),(4511,'COMMISION',0,707),(4512,'LELAM',0,707),(4513,'FREIGHT',0,707),(4514,'OTHER EXPENSES',0,707),(4515,'LABOUR & ICE',0,707),(4516,'LABOUR',0,707),(4517,'COMMISION',0,708),(4518,'LELAM',0,708),(4519,'FREIGHT',0,708),(4520,'OTHER EXPENSES',0,708),(4521,'LABOUR & ICE',0,708),(4522,'LABOUR',0,708);
/*!40000 ALTER TABLE `z_purchase_expenses` ENABLE KEYS */;
UNLOCK TABLES;

--
-- Table structure for table `z_purchase_voucher`
--

DROP TABLE IF EXISTS `z_purchase_voucher`;
/*!40101 SET @saved_cs_client     = @@character_set_client */;
/*!50503 SET character_set_client = utf8mb4 */;
CREATE TABLE `z_purchase_voucher` (
  `id_purchase_voucher` int NOT NULL AUTO_INCREMENT,
  `voucher_no` int DEFAULT NULL,
  `date` date DEFAULT NULL,
  `id_account_head` int DEFAULT NULL,
  `payable` double DEFAULT '0',
  `gross` double DEFAULT '0',
  `narration` varchar(250) DEFAULT '0',
  `_old_balance` double DEFAULT NULL,
  `ref_no` varchar(100) DEFAULT NULL,
  `discount` double DEFAULT NULL,
  PRIMARY KEY (`id_purchase_voucher`)
) ENGINE=InnoDB AUTO_INCREMENT=709 DEFAULT CHARSET=latin1;
/*!40101 SET character_set_client = @saved_cs_client */;

--
-- Dumping data for table `z_purchase_voucher`
--

LOCK TABLES `z_purchase_voucher` WRITE;
/*!40000 ALTER TABLE `z_purchase_voucher` DISABLE KEYS */;
INSERT INTO `z_purchase_voucher` VALUES (1,1,'2020-07-01',16,0,131545,'',156083,'',NULL),(3,3,'2020-07-04',11,0,107060,'',37948,'',NULL),(4,4,'2020-07-01',15,0,10580,'',530414,'',NULL),(5,5,'2020-07-06',30,0,38485,'',17994,'',NULL),(6,6,'2020-07-07',30,0,21835,'',56479,'',NULL),(7,7,'2020-07-07',16,0,47205,'',287128,'',NULL),(8,8,'2020-07-08',11,0,103990,'',145008,'',NULL),(9,9,'2020-07-07',15,0,38315,'',540994,'',NULL),(10,10,'2020-07-10',42,0,10550,'',0,'',NULL),(11,11,'2020-07-10',30,0,53940,'',78314,'',NULL),(12,12,'2020-07-11',30,0,21110,'',132254,'',NULL),(13,13,'2020-07-11',18,0,11720,'',353147,'',NULL),(14,14,'2020-07-11',15,0,40370,'',529309,'',NULL),(15,15,'2020-07-11',16,0,167175,'',234333,'',NULL),(16,16,'2020-07-11',11,0,15455,'',148998,'',NULL),(17,17,'2020-07-14',30,0,11350,'',83364,'',NULL),(18,18,'2020-07-14',20,0,16380,'',336501,'',NULL),(19,19,'2020-07-15',17,0,1160,'',236730,'',NULL),(20,20,'2020-07-16',20,0,11700,'',352881,'',NULL),(21,21,'2020-07-17',30,0,4000,'',94714,'',NULL),(22,22,'2020-07-17',15,0,2255,'',499679,'',NULL),(23,23,'2020-07-17',18,0,7427.5,'',324867,'',NULL),(24,24,'2020-07-17',11,0,73910,'',94453,'',NULL),(25,25,'2020-07-17',16,0,114920,'',201008,'',NULL),(26,26,'2020-07-18',18,0,26020,'',332294.5,'',NULL),(27,27,'2020-07-18',19,0,4640,'',101719,'',NULL),(28,28,'2020-07-15',31,0,89637,'',-23217,'',NULL),(29,29,'2020-07-13',17,0,2075,'',217890,'',NULL),(30,30,'2020-08-01',36,0,1470,'',0,'',NULL),(31,31,'2020-08-03',19,0,7472,'',106359,'',NULL),(32,32,'2020-08-04',15,0,3540,'',501934,'',NULL),(33,33,'2020-08-04',25,0,2067,'',0,'',NULL),(34,34,'2020-08-04',16,0,69090,'',15928,'',NULL),(35,35,'2020-08-04',11,0,117385,'',18863,'',NULL),(36,36,'2020-08-04',30,0,39783,'',58714,'',NULL),(37,37,'2020-08-04',19,0,6362,'',113831,'',NULL),(38,38,'2020-08-04',15,0,6230,'',505474,'',NULL),(39,39,'2020-08-05',19,0,4757,'',120193,'',NULL),(40,40,'2020-08-05',15,0,1770,'',511704,'',NULL),(41,41,'2020-08-05',28,0,3570,'',0,'',NULL),(42,42,'2020-08-01',51,0,375,'',0,'',NULL),(43,43,'2020-08-04',51,0,1125,'',0,'',NULL),(44,44,'2020-08-06',15,0,4765,'',513474,'',NULL),(45,45,'2020-08-06',51,0,375,'',0,'',NULL),(46,46,'2020-08-06',19,0,11610,'',124950,'',NULL),(47,47,'2020-08-07',19,0,10045,'',136560,'',NULL),(48,48,'2020-08-07',15,0,7765,'',518239,'',NULL),(49,49,'2020-08-08',15,0,11680,'',526004,'',NULL),(50,50,'2020-08-08',19,0,31767,'',146605,'',NULL),(51,51,'2020-08-08',28,0,5985,'',3570,'',NULL),(52,52,'2020-08-08',51,0,450,'',-450,'',NULL),(53,53,'2020-08-12',19,0,7192,'',158372,'',NULL),(54,54,'2020-08-12',19,0,15967,'',165564,'',NULL),(55,55,'2020-08-12',25,0,1910,'',67,'',NULL),(57,57,'2020-08-12',15,0,2865,'',517684,'',NULL),(58,58,'2020-08-12',16,0,151605,'',15018,'',NULL),(59,59,'2020-08-12',51,0,900,'',0,'',NULL),(60,60,'2020-08-11',33,0,28780,'',-28780,'',NULL),(61,61,'2020-08-12',11,0,18920,'',-13752,'',NULL),(62,62,'2020-08-13',28,0,3990,'',9555,'',NULL),(63,63,'2020-08-14',30,0,52007,'',48507,'',NULL),(64,64,'2020-08-14',18,0,9450,'',291839.5,'',NULL),(65,65,'2020-08-14',51,0,750,'',0,'',NULL),(66,66,'2020-08-14',28,0,4455,'',13545,'',NULL),(67,67,'2020-08-14',19,0,24195,'',181531,'',NULL),(68,68,'2020-08-15',17,0,8750,'',219965,'',NULL),(69,69,'2020-08-15',15,0,525,'',520549,'',NULL),(70,70,'2020-08-17',13,0,2925,'',88898,'',NULL),(71,71,'2020-08-17',15,0,8250,'',521074,'',NULL),(72,72,'2020-08-17',51,0,400,'',0,'',NULL),(73,73,'2020-08-17',15,0,11700,'',529324,'',NULL),(74,74,'2020-08-18',30,0,40690,'',100514,'',NULL),(75,75,'2020-08-18',51,0,1020,'',0,'',NULL),(76,76,'2020-08-18',11,0,35185,'',5168,'',NULL),(77,77,'2020-08-18',16,0,82320,'',165623,'',NULL),(78,78,'2020-08-19',30,0,9160,'',141204,'',NULL),(79,79,'2020-08-19',19,0,5275,'',205726,'',NULL),(80,80,'2020-08-19',28,0,1235,'',18000,'',NULL),(81,81,'2020-08-19',19,0,3330,'',162501,'',NULL),(82,82,'2020-08-21',17,0,10377,'',208715,'',NULL),(83,83,'2020-08-21',51,0,1190,'',-1190,'',NULL),(84,84,'2020-08-21',19,0,7100,'',165831,'',NULL),(85,85,'2020-08-21',15,0,10480,'',521024,'',NULL),(86,86,'2020-08-21',16,0,344050,'',47943,'',NULL),(87,87,'2020-08-22',51,0,590,'',0,'',NULL),(88,88,'2020-08-22',15,0,31307,'',531504,'',NULL),(89,89,'2020-08-22',19,0,1842,'',172931,'',NULL),(90,90,'2020-08-24',30,0,14810,'',90364,'',NULL),(91,91,'2020-08-24',15,0,6965,'',562811,'',NULL),(92,92,'2020-08-25',19,0,7362,'',174773,'',NULL),(93,93,'2020-08-25',30,0,17565,'',105174,'',NULL),(94,94,'2020-08-25',16,0,265710,'',91993,'',NULL),(95,95,'2020-08-26',15,0,16160,'',569776,'',NULL),(96,96,'2020-08-25',51,0,1130,'',-1130,'',NULL),(97,97,'2020-08-26',16,0,24520,'',357703,'',NULL),(98,98,'2020-08-26',51,0,400,'',0,'',NULL),(99,99,'2020-08-27',30,0,30795,'',122739,'',NULL),(100,100,'2020-08-27',51,0,800,'',0,'',NULL),(101,101,'2020-08-27',19,0,4060,'',182135,'',NULL),(102,102,'2020-08-27',15,0,12800,'',555936,'',NULL),(103,103,'2020-08-27',15,0,9680,'',568736,'',NULL),(104,104,'2020-08-27',16,0,269770,'',198223,'',NULL),(105,105,'2020-08-27',16,0,10150,'',467993,'',NULL),(106,106,'2020-08-28',16,0,11100,'',478143,'',NULL),(107,107,'2020-08-29',18,0,10755,'',281289.5,'',NULL),(108,108,'2020-08-28',51,0,1280,'',-1280,'',NULL),(109,109,'2020-08-29',30,0,10100,'',103544,'',NULL),(110,110,'2020-08-29',51,0,400,'',-400,'',NULL),(111,111,'2020-08-29',17,0,1235,'',219092,'',NULL),(112,112,'2020-08-27',11,0,18845,'',-7647,'',NULL),(113,113,'2020-08-31',16,0,88980,'',440743,'',NULL),(114,114,'2020-08-31',11,0,110500,'',11198,'',NULL),(115,115,'2020-08-31',18,0,30070,'',292044.5,'',NULL),(116,116,'2020-08-31',19,0,2135,'',186195,'',NULL),(117,117,'2020-08-31',51,0,1200,'',-1200,'',NULL),(118,118,'2020-09-01',51,0,850,'',-850,'',NULL),(119,119,'2020-09-01',18,0,12840,'',322114.5,'',NULL),(120,120,'2020-09-01',16,0,170400,'',353223,'',NULL),(121,121,'2020-09-01',11,0,225910,'',121698,'',NULL),(122,122,'2020-09-02',18,0,41540,'',334954.5,'',NULL),(123,123,'2020-09-02',16,0,13590,'',323623,'',NULL),(124,124,'2020-09-02',19,0,3420,'',188330,'',NULL),(125,125,'2020-09-03',30,0,38880,'',113644,'',NULL),(126,126,'2020-09-03',15,0,8240,'',528916,'',NULL),(127,127,'2020-09-03',18,0,6410,'',389244.5,'',NULL),(128,128,'2020-09-03',19,0,4635,'',191750,'',NULL),(129,129,'2020-09-03',16,0,4320,'',337213,'',NULL),(130,130,'2020-09-02',15,0,11710,'',537156,'',NULL),(131,131,'2020-09-03',51,0,300,'',-300,'',NULL),(132,132,'2020-09-04',30,0,13690,'',112524,'',NULL),(133,133,'2020-09-04',15,0,13775,'',548866,'',NULL),(134,134,'2020-09-04',18,0,5850,'',382904.5,'',NULL),(135,135,'2020-09-04',19,0,3880,'',196385,'',NULL),(136,136,'2020-09-04',16,0,2270,'',341533,'',NULL),(137,137,'2020-09-04',51,0,530,'',-530,'',NULL),(138,138,'2020-09-05',18,0,7270,'',388754.5,'',NULL),(139,139,'2020-09-05',16,0,150005,'',343803,'',NULL),(140,140,'2020-09-05',19,0,8750,'',200265,'',NULL),(141,141,'2020-09-05',51,0,1200,'',-1200,'',NULL),(142,142,'2020-09-08',31,0,90199,'',56614,'',NULL),(143,143,'2020-09-08',19,0,1700,'',160015,'',NULL),(144,144,'2020-09-05',15,0,4910,'',559811,'',NULL),(145,145,'2020-09-11',19,0,2580,'',111715,'',NULL),(146,146,'2020-09-11',51,0,160,'',-160,'',NULL),(147,147,'2020-09-12',51,0,950,'',-950,'',NULL),(148,148,'2020-09-12',18,0,15317,'',346024.5,'',NULL),(149,149,'2020-09-12',16,0,4715,'',145818,'',NULL),(150,150,'2020-09-12',11,0,148720,'',167108,'',NULL),(151,151,'2020-09-12',50,0,11820,'',87652,'',NULL),(152,152,'2020-09-12',19,0,10205,'',114295,'',NULL),(153,153,'2020-09-13',18,0,15165,'',361341.5,'',NULL),(154,154,'2020-09-14',18,0,8417,'',326506.5,'',NULL),(155,155,'2020-09-14',57,0,3640,'',0,'',NULL),(156,156,'2020-09-14',51,0,400,'',-400,'',NULL),(157,157,'2020-09-14',19,0,3052,'',74600,'',NULL),(158,158,'2020-09-15',30,0,5125,'',46214,'',NULL),(159,159,'2020-09-15',18,0,17905,'',334923.5,'',NULL),(160,160,'2020-09-08',12,0,5695,'',380215,'',NULL),(161,161,'2020-09-12',12,0,40250,'',385910,'',NULL),(162,162,'2020-09-16',51,0,310,'',-310,'',NULL),(163,163,'2020-09-15',58,0,3792,'',0,'',NULL),(164,164,'2020-09-16',59,0,10850,'',0,'',NULL),(165,165,'2020-09-16',12,0,3885,'',426160,'',NULL),(166,166,'2020-09-16',58,0,23412,'',3792,'',NULL),(167,167,'2020-09-16',60,0,5195,'',0,'',NULL),(168,168,'2020-09-16',50,0,15660,'',99472,'',NULL),(169,169,'2020-09-16',18,0,25567,'',352828.5,'',NULL),(170,170,'2020-09-16',19,0,15812,'',77652,'',NULL),(171,171,'2020-09-17',30,0,6560,'',51339,'',NULL),(172,172,'2020-09-16',51,0,400,'',-400,'',NULL),(173,173,'2020-09-17',60,0,1170,'',5195,'',NULL),(174,174,'2020-09-17',59,0,8835,'',12470,'',NULL),(175,175,'2020-09-17',11,0,72092,'',165828,'',NULL),(176,176,'2020-09-17',16,0,81052,'',20533,'',NULL),(177,177,'2020-09-17',19,0,4795,'',93464,'',NULL),(178,178,'2020-09-17',51,0,1200,'',-1200,'',NULL),(179,179,'2020-09-18',30,0,6120,'',57899,'',NULL),(180,180,'2020-09-18',60,0,6337,'',6365,'',NULL),(181,181,'2020-09-18',59,0,36220,'',19685,'',NULL),(182,182,'2020-09-18',18,0,28327,'',351715.5,'',NULL),(183,183,'2020-09-18',61,0,7845,'',0,'',NULL),(184,184,'2020-09-18',51,0,1400,'',-1400,'',NULL),(185,185,'2020-09-19',30,0,7140,'',64019,'',NULL),(186,186,'2020-09-19',17,0,9235,'',195327,'',NULL),(187,187,'2020-09-19',18,0,16950,'',366722.5,'',NULL),(188,188,'2020-09-19',15,0,122755,'',477966,'',NULL),(189,189,'2020-09-19',11,0,126715,'',138420,'',NULL),(190,190,'2020-09-19',16,0,42585,'',101585,'',NULL),(191,191,'2020-09-19',19,0,4062,'',98259,'',NULL),(192,192,'2020-09-19',59,0,705,'',55905,'',NULL),(193,193,'2020-09-19',20,0,23145,'',244581,'',NULL),(194,194,'2020-09-19',17,0,5797,'',204562,'',NULL),(195,195,'2020-09-21',60,0,1742,'',12702,'',NULL),(196,196,'2020-09-21',18,0,11285,'',383672.5,'',NULL),(197,197,'2020-09-21',30,0,3680,'',71159,'',NULL),(198,198,'2020-09-21',17,0,15250,'',210359,'',NULL),(199,199,'2020-09-21',51,0,400,'',-400,'',NULL),(200,200,'2020-09-21',51,0,1600,'',-1600,'',NULL),(201,201,'2020-09-21',17,0,19780,'',225609,'',NULL),(202,202,'2020-09-22',60,0,4200,'',14444,'',NULL),(203,203,'2020-09-22',30,0,2430,'',74839,'',NULL),(204,204,'2020-09-22',17,0,12550,'',245389,'',NULL),(205,205,'2020-09-22',11,0,188950,'',265135,'',NULL),(206,206,'2020-09-22',15,0,62750,'',600721,'',NULL),(207,207,'2020-09-22',18,0,21170,'',394957.5,'',NULL),(208,208,'2020-09-22',20,0,47645,'',267726,'',NULL),(209,209,'2020-09-22',18,0,57272,'',416127.5,'',NULL),(210,210,'2020-09-22',61,0,522,'',7845,'',NULL),(211,211,'2020-09-22',17,0,13300,'',257939,'',NULL),(212,212,'2020-09-22',19,0,6587,'',102321,'',NULL),(213,213,'2020-09-23',18,0,2620,'',473399.5,'',NULL),(214,214,'2020-09-23',17,0,19000,'',271239,'',NULL),(215,215,'2020-09-23',51,0,800,'',-800,'',NULL),(216,216,'2020-09-23',18,0,2500,'',476146.5,'',NULL),(218,218,'2020-09-23',16,0,25885,'',144170,'',NULL),(219,219,'2020-09-23',20,0,19960,'',315371,'',NULL),(220,220,'2020-09-23',18,0,25120,'',478519.5,'',NULL),(221,221,'2020-09-24',16,0,8140,'',166730,'',NULL),(222,222,'2020-09-24',18,0,630,'',503639.5,'',NULL),(223,223,'2020-09-22',62,0,39964,'',0,'',NULL),(224,224,'2020-09-24',20,0,3200,'',335531,'',NULL),(225,225,'2020-09-24',18,0,37490,'',504269.5,'',NULL),(226,226,'2020-09-24',20,0,66600,'',238531,'',NULL),(227,227,'2020-09-24',19,0,4920,'',108908,'',NULL),(228,228,'2020-09-25',17,0,12475,'',290239,'',NULL),(229,229,'2020-09-26',18,0,29077,'',441759.5,'',NULL),(230,230,'2020-09-26',16,0,36230,'',27495,'',NULL),(231,231,'2020-09-26',11,0,75897,'',259085,'',NULL),(232,232,'2020-09-26',20,0,33600,'',305131,'',NULL),(233,233,'2020-09-26',15,0,49997,'',663471,'',NULL),(234,234,'2020-09-26',16,0,64565,'',25315,'',NULL),(235,235,'2020-09-26',16,0,35692,'',89880,'',NULL),(236,236,'2020-09-25',51,0,560,'',-960,'',NULL),(237,237,'2020-09-26',51,0,1600,'',-400,'',NULL),(238,238,'2020-09-26',51,0,1450,'',-400,'',NULL),(239,239,'2020-09-24',51,0,400,'',-400,'',NULL),(240,240,'2020-09-26',19,0,4760,'',113828,'',NULL),(241,241,'2020-09-26',17,0,19200,'',302714,'',NULL),(242,242,'2020-09-26',18,0,55490,'',470836.5,'',NULL),(243,243,'2020-09-28',18,0,18530,'',526326.5,'',NULL),(244,244,'2020-09-28',20,0,25375,'',338731,'',NULL),(245,245,'2020-09-29',18,0,29535,'',544856.5,'',NULL),(246,246,'2020-09-29',18,0,44585,'',574391.5,'',NULL),(247,247,'2020-09-29',16,0,34660,'',125572,'',NULL),(248,248,'2020-09-29',16,0,15220,'',38632,'',NULL),(249,249,'2020-09-29',19,0,1570,'',118588,'',NULL),(250,250,'2020-09-29',20,0,10650,'',364106,'',NULL),(251,251,'2020-09-30',25,0,3960,'',0,'',NULL),(252,252,'2020-09-30',15,0,18145,'',613468,'',NULL),(253,253,'2020-09-29',51,0,2000,'',-2000,'',NULL),(254,254,'2020-09-30',51,0,570,'',0,'',NULL),(255,255,'2020-09-30',19,0,3110,'',120158,'',NULL),(256,256,'2020-10-01',16,0,6890,'',53852,'',NULL),(257,257,'2020-10-01',20,0,11305,'',374756,'',NULL),(258,258,'2020-10-02',11,0,125080,'',99982,'',NULL),(259,259,'2020-10-02',16,0,159650,'',60742,'',NULL),(260,260,'2020-10-02',15,0,10590,'',531613,'',NULL),(261,261,'2020-10-02',51,0,1900,'',0,'',NULL),(262,262,'2020-10-03',16,0,2450,'',220392,'',NULL),(263,263,'2020-10-07',51,0,450,'',-450,'',NULL),(264,264,'2020-10-09',30,0,8090,'',47269,'',NULL),(265,265,'2020-10-08',19,0,5145,'',123268,'',NULL),(266,266,'2020-09-29',16,0,86445,'',218842,'',NULL),(267,267,'2020-10-09',15,0,7745,'',538633,'',NULL),(268,268,'2020-10-08',16,0,64700,'',246531,'',NULL),(269,269,'2020-10-09',16,0,60705,'',311231,'',NULL),(270,270,'2020-10-09',59,0,2870,'',10,'',NULL),(271,271,'2020-10-10',30,0,4540,'',55359,'',NULL),(272,272,'2020-10-09',15,0,10065,'',446640,'',NULL),(273,273,'2020-10-09',16,0,13665,'',229396,'',NULL),(274,274,'2020-10-10',18,0,450,'',368976.5,'',NULL),(275,275,'2020-10-09',51,0,1280,'',-1280,'',NULL),(276,276,'2020-10-10',51,0,680,'',0,'',NULL),(277,277,'2020-10-11',18,0,4530,'',369426.5,'',NULL),(278,278,'2020-10-10',11,0,96500,'',75062,'',NULL),(279,279,'2020-10-12',60,0,3680,'',18644,'',NULL),(280,280,'2020-10-12',18,0,500,'',373956.5,'',NULL),(281,281,'2020-10-12',15,0,5772,'',456443,'',NULL),(282,282,'2020-10-12',59,0,790,'',2880,'',NULL),(283,283,'2020-10-12',16,0,90190,'',201111,'',NULL),(284,284,'2020-10-12',16,0,7632,'',291301,'',NULL),(285,285,'2020-10-12',11,0,14170,'',171562,'',NULL),(286,286,'2020-10-12',20,0,2070,'',316061,'',NULL),(287,287,'2020-10-13',18,0,525,'',374456.5,'',NULL),(288,288,'2020-10-13',15,0,42765,'',462215,'',NULL),(289,289,'2020-10-14',20,0,1025,'',318131,'',NULL),(290,290,'2020-10-11',51,0,425,'',-425,'',NULL),(291,291,'2020-10-12',51,0,1200,'',0,'',NULL),(292,292,'2020-10-14',51,0,595,'',0,'',NULL),(293,293,'2020-10-15',18,0,2287,'',324981.5,'',NULL),(294,294,'2020-10-16',16,0,18377,'',163933,'',NULL),(295,295,'2020-10-16',30,0,1775,'',59899,'',NULL),(296,296,'2020-10-16',19,0,465,'',98413,'',NULL),(297,297,'2020-10-15',15,0,6325,'',504980,'',NULL),(298,298,'2020-10-16',18,0,600,'',327268.5,'',NULL),(299,299,'2020-10-16',20,0,3525,'',319156,'',NULL),(300,300,'2020-10-16',51,0,850,'',-850,'',NULL),(301,301,'2020-10-17',30,0,5300,'',61674,'',NULL),(302,302,'2020-10-17',60,0,1900,'',22324,'',NULL),(303,303,'2020-10-17',16,0,15777,'',182310,'',NULL),(304,304,'2020-10-17',15,0,4687,'',511305,'',NULL),(305,305,'2020-10-16',12,0,31400,'ICE         : 500+\r\nLEBER   : 300\r\nTOTAL   : 800',380045,'',NULL),(306,306,'2020-10-17',16,0,36617,'',198087,'',NULL),(307,307,'2020-10-17',11,0,36505,'',115732,'',NULL),(308,308,'2020-10-17',16,0,54240,'',234704,'',NULL),(309,309,'2020-10-17',20,0,3850,'',322681,'',NULL),(310,310,'2020-10-17',19,0,6460,'',98878,'',NULL),(311,311,'2020-10-17',51,0,2125,'',0,'',NULL),(312,312,'2020-10-19',30,0,21200,'',66974,'',NULL),(313,313,'2020-10-19',51,0,1700,'',-1700,'',NULL),(314,314,'2020-10-19',18,0,19265,'',327868.5,'',NULL),(315,315,'2020-10-19',20,0,1800,'',326531,'',NULL),(316,316,'2020-10-19',15,0,8145,'',515992,'',NULL),(317,317,'2020-10-19',15,0,7762,'',524137,'',NULL),(318,318,'2020-10-20',30,0,15417,'',88174,'',NULL),(319,319,'2020-10-20',20,0,2200,'',328331,'',NULL),(320,320,'2020-10-21',30,0,19722,'',103591,'',NULL),(321,321,'2020-10-21',60,0,3005,'',24224,'',NULL),(322,322,'2020-10-19',69,0,5632,'',0,'',NULL),(323,323,'2020-10-19',16,0,96380,'',158944,'',NULL),(324,324,'2020-10-20',20,0,3825,'',330531,'',NULL),(325,325,'2020-10-20',18,0,18112,'',347133.5,'',NULL),(326,326,'2020-10-20',15,0,3550,'',531899,'',NULL),(328,328,'2020-10-20',11,0,50257,'',102237,'',NULL),(329,329,'2020-10-20',16,0,134277.5,'',255324,'',NULL),(330,330,'2020-10-20',19,0,5085,'',105338,'',NULL),(331,331,'2020-10-19',12,0,205210,'ICE           : 3200\r\nLABOUR : 1500\r\n\r\nTOTAL',411445,'',NULL),(332,332,'2020-10-21',20,0,3530,'',336556,'',0),(333,333,'2020-10-20',51,0,2210,'',-2210,'',NULL),(334,334,'2020-10-23',30,0,36553,'',123313,'',0),(335,335,'2020-10-22',20,0,13635,'',337886,'',0),(336,336,'2020-10-23',20,0,3670,'',351521,'',0),(337,337,'2020-10-24',13,0,2737,'',81823,'',0),(338,338,'2020-10-24',30,0,30177,'',159866,'',0),(339,339,'2020-10-21',18,0,6335,'',365245.5,'',0),(340,340,'2020-10-22',18,0,3162,'',371580.5,'',0),(341,341,'2020-10-22',15,0,12582,'',535449,'',0),(342,342,'2020-10-22',15,0,2780,'',548031,'',0),(343,343,'2020-10-23',11,0,164907,'',152494,'',0),(344,344,'2020-10-23',18,0,1700,'',374742.5,'',0),(345,345,'2020-10-24',18,0,300,'',376442.5,'',0),(346,346,'2020-10-23',16,0,89315,'',389601.5,'',0),(347,347,'2020-10-24',18,0,1600,'',376742.5,'',0),(348,348,'2020-10-24',15,0,8295,'',550811,'',0),(349,349,'2020-10-24',19,0,4437,'',110423,'',0),(350,350,'2020-10-24',18,0,4645,'',378342.5,'',0),(351,351,'2020-10-22',51,0,2130,'',-2130,'',0),(352,352,'2020-10-23',51,0,2125,'',0,'',0),(353,353,'2020-10-25',15,0,72495,'',559106,'',0),(354,354,'2020-10-24',51,0,1100,'',0,'',0),(355,355,'2020-10-25',51,0,850,'',-850,'',0),(356,356,'2020-10-26',30,0,43868,'',190043,'',0),(357,357,'2020-10-26',60,0,1450,'',27229,'',0),(358,358,'2020-10-26',11,0,30392,'',316401,'',0),(359,359,'2020-10-26',16,0,60345,'',278916.5,'',0),(360,360,'2020-10-26',18,0,2150,'',382987.5,'',0),(361,361,'2020-10-28',30,0,100638,'',233911,'',0),(362,362,'2020-10-27',16,0,14507,'',259271.5,'',0),(363,363,'2020-10-27',15,0,9735,'',631601,'',0),(364,364,'2020-10-27',20,0,3875,'',355191,'',0),(365,365,'2020-10-27',19,0,4460,'',114860,'',0),(366,366,'2020-10-28',18,0,700,'',345137.5,'',0),(367,367,'2020-10-28',18,0,7775,'',345837.5,'',0),(368,368,'2020-10-28',11,0,51390,'',296793,'',0),(369,369,'2020-10-28',16,0,113605,'',273778.5,'',0),(370,370,'2020-10-29',51,0,1270,'',-1345,'',0),(371,371,'2020-10-30',30,0,39972,'',294549,'',0),(372,372,'2020-10-28',19,0,2682,'',119320,'',0),(373,373,'2020-10-29',20,0,6220,'',359066,'',0),(374,374,'2020-10-29',19,0,5050,'',122002,'',0),(375,375,'2020-10-30',18,0,6582,'',353612.5,'',0),(376,376,'2020-10-30',16,0,38455,'',387383.5,'',0),(377,377,'2020-10-31',30,0,28843,'',334521,'',0),(378,378,'2020-10-31',18,0,700,'',360194.5,'',0),(379,379,'2020-10-31',11,0,103885,'',348183,'',0),(380,380,'2020-10-26',51,0,1700,'',-1700,'',0),(381,381,'2020-10-31',51,0,850,'',-850,'',0),(382,382,'2020-10-31',31,0,80040,'',36813,'',0),(383,383,'2020-11-02',30,0,14730,'',313364,'',0),(384,384,'2020-11-02',20,0,4985,'',315286,'',0),(385,385,'2020-11-02',19,0,10230,'',127052,'',0),(386,386,'2020-11-02',25,0,1980,'',0,'',0),(387,387,'2020-11-03',30,0,14962,'',328094,'',0),(388,388,'2020-11-02',18,0,11300,'',310894.5,'',0),(389,389,'2020-11-02',51,0,680,'',0,'',0),(390,390,'2020-11-04',30,0,46672,'',343056,'',0),(391,391,'2020-11-04',19,0,2770,'',137282,'',0),(392,392,'2020-11-02',16,0,41890,'',229838.5,'',0),(393,393,'2020-11-02',16,0,4640,'',271728.5,'',0),(394,394,'2020-11-04',18,0,7927,'',322194.5,'',0),(395,395,'2020-11-04',20,0,4732,'',320271,'',0),(396,396,'2020-11-05',30,0,36553,'',389728,'',0),(397,397,'2020-11-05',20,0,2560,'',325003,'',0),(398,398,'2020-11-05',51,0,1000,'',-1530,'',0),(399,399,'2020-11-06',60,0,4777.5,'',28679,'',0),(400,400,'2020-11-06',75,2717,2717,'',0,'',0),(401,401,'2020-11-07',30,0,23825,'',426281,'',0),(402,402,'2020-11-05',11,0,136375,'',302068,'',0),(403,403,'2020-11-07',59,0,4455,'',20,'',0),(404,404,'2020-11-07',30,0,4710,'',450106,'',0),(405,405,'2020-11-07',60,0,4237,'',33456.5,'',0),(406,406,'2020-11-06',51,0,850,'',-1530,'',0),(407,407,'2020-11-04',51,0,850,'',-1530,'',0),(408,408,'2020-11-05',51,0,680,'',6970,'',0),(409,409,'2020-11-07',51,0,850,'',-850,'',0),(410,410,'2020-11-06',25,0,2135,'',1980,'',0),(411,411,'2020-11-07',18,0,14895,'',330121.5,'',0),(412,412,'2020-11-07',59,0,2015,'',4475,'',0),(413,413,'2020-11-07',18,0,12400,'',345016.5,'',0),(414,414,'2020-11-07',25,0,2645,'',4115,'',0),(415,415,'2020-11-07',15,0,17645,'',591336,'',0),(416,416,'2020-11-08',18,0,61865,'',357416.5,'',0),(417,417,'2020-11-09',18,0,7807.5,'',419281.5,'',0),(418,418,'2020-11-09',59,0,545,'',6490,'',0),(419,419,'2020-11-10',59,0,1635,'',7035,'',0),(420,420,'2020-11-09',25,0,1125,'',6760,'',0),(421,421,'2020-11-09',20,0,23300,'',327563,'',0),(422,422,'2020-11-10',30,0,25570,'',454816,'',0),(423,423,'2020-11-10',18,0,5290,'',427089,'',0),(424,424,'2020-11-10',17,0,5405,'',191914,'',0),(425,425,'2020-11-12',30,0,13380,'',480386,'',0),(426,426,'2020-11-12',19,0,8215,'',140052,'',0),(427,427,'2020-11-11',11,0,68112,'',338393,'',0),(428,428,'2020-11-11',16,0,50595,'',176868.5,'',0),(429,429,'2020-11-12',18,0,4297.5,'',432379,'',0),(430,430,'2020-11-11',63,0,4450,'',-250839.5,'',0),(431,431,'2020-11-10',51,0,680,'',-510,'',0),(432,432,'2020-11-11',51,0,1275,'',-510,'',0),(433,433,'2020-11-14',30,0,17880,'',423766,'',0),(434,434,'2020-11-13',59,0,2455,'',8670,'',0),(435,435,'2020-11-13',18,0,4760,'',436676.5,'',0),(436,436,'2020-11-13',15,0,1112,'',558981,'',0),(437,437,'2020-11-13',25,0,2620,'',7885,'',0),(438,438,'2020-11-14',18,0,21957.5,'',441436.5,'',0),(439,439,'2020-11-14',25,0,7960,'',10505,'',0),(440,440,'2020-11-14',15,0,255,'',560093,'',0),(441,441,'2020-11-14',19,0,4180,'',148267,'',0),(442,442,'2020-11-14',11,0,53170,'',402055,'',0),(443,443,'2020-11-14',20,0,1150,'',350863,'',0),(444,444,'2020-11-14',18,0,1000,'',463394.5,'',0),(445,445,'2020-11-14',25,0,1420,'',18465,'',0),(446,446,'2020-11-16',20,0,1270,'',352013,'',0),(447,447,'2020-11-16',59,0,20392,'',11125,'',0),(448,448,'2020-11-16',18,0,2000,'',464394,'',0),(449,449,'2020-11-16',25,0,3150,'',19885,'',0),(450,450,'2020-11-14',17,0,4300,'',197319,'',0),(451,451,'2020-11-16',19,0,750,'',152447,'',0),(452,452,'2020-11-16',16,0,23380,'',47463.5,'',0),(453,453,'2020-11-16',15,0,280,'',510348,'',0),(454,454,'2020-11-14',51,0,850,'',-510,'',0),(455,455,'2020-11-08',51,0,510,'',-510,'',0),(456,456,'2020-11-16',51,0,1700,'',-2380,'',0),(457,457,'2020-11-19',51,0,680,'',-680,'',0),(458,458,'2020-11-17',18,0,3125,'',386394,'',0),(459,459,'2020-11-18',30,0,16060,'',391646,'',0),(460,460,'2020-11-18',18,0,1625,'',389519,'',0),(461,461,'2020-11-18',19,0,1450,'',103197,'',0),(462,462,'2020-11-19',18,0,1577.5,'',391144,'',0),(463,463,'2020-11-19',15,0,3330,'',510628,'',0),(464,464,'2020-11-19',25,0,3822,'',23035,'',0),(465,465,'2020-11-19',20,0,900,'',303283,'',0),(466,466,'2020-11-20',18,0,1250,'',392721.5,'',0),(467,467,'2020-11-20',25,0,540,'',26857,'',0),(468,468,'2020-11-20',19,0,1785,'',104647,'',0),(469,469,'2020-11-20',20,0,2412,'',304183,'',0),(470,470,'2020-11-20',18,0,1875,'',393971.5,'',0),(471,471,'2020-11-21',18,0,1000,'',395846.5,'',0),(472,472,'2020-11-22',18,0,2125,'',396846.5,'',0),(473,473,'2020-11-21',33,0,41954,'',-47800,'',0),(474,474,'2020-11-21',11,0,32897,'',305225,'',0),(475,475,'2020-11-23',19,0,1700,'',106432,'',0),(476,476,'2020-11-23',16,0,23935,'',70843.5,'',0),(477,477,'2020-11-21',51,0,680,'',-680,'',0),(478,478,'2020-11-23',51,0,1275,'',0,'',0),(479,479,'2020-11-23',63,0,950,'',-245377,'',0),(480,480,'2020-11-23',12,0,41300,'',456655,'',0),(481,481,'2020-11-24',20,0,655,'',306595,'',0),(482,482,'2020-11-25',20,0,950,'',307250,'',0),(483,483,'2020-11-28',18,0,26647,'',398971.5,'',0),(484,484,'2020-11-28',13,0,35950,'',84560,'',0),(485,485,'2020-11-28',19,0,3660,'',108132,'',0),(486,486,'2020-12-01',17,0,9990,'',201619,'',0),(487,487,'2020-12-01',18,0,10300,'',425618.5,'',0),(488,488,'2020-12-02',15,0,437,'',513958,'',0),(489,489,'2020-12-02',11,0,197455,'',188122,'',0),(490,490,'2020-12-07',13,0,10162.5,'',120510,'',0),(491,491,'2020-12-07',18,0,5800,'',435918.5,'',0),(492,492,'2020-12-07',18,0,6020,'',441718.5,'',0),(493,493,'2020-12-07',18,0,7582,'',447738.5,'',0),(494,494,'2020-12-08',20,0,1605,'',308200,'',0),(495,495,'2020-12-09',20,0,1825,'',309805,'',0),(496,496,'2020-12-10',20,0,3310,'',311630,'',0),(497,497,'2020-11-27',51,0,400,'',-400,'',0),(498,498,'2020-11-28',51,0,560,'',-560,'',0),(499,499,'2020-12-12',30,0,34122,'',357706,'',0),(500,500,'2020-12-08',15,0,947,'',514395,'',0),(501,501,'2020-12-08',18,0,3545,'',380320.5,'',0),(502,502,'2020-12-09',19,0,7412,'',111792,'',0),(503,503,'2020-12-12',19,0,1687,'',119204,'',0),(504,504,'2020-12-12',13,0,10980,'',130672.5,'',0),(505,505,'2020-12-12',20,0,4355,'',314940,'',0),(506,506,'2020-12-11',15,0,1020,'',515342,'',0),(507,507,'2020-12-12',18,0,7425,'',383865.5,'',0),(508,508,'2020-12-12',58,0,5232,'',7204,'',0),(509,509,'2020-12-12',11,0,52540,'',185577,'',0),(510,510,'2020-12-12',11,0,73800,'',238117,'',0),(511,511,'2020-12-12',20,0,1125,'',319295,'',0),(512,512,'2020-12-15',13,0,32532,'',141652.5,'',0),(513,513,'2020-12-12',20,0,3300,'',320420,'',0),(514,514,'2020-12-14',20,0,862,'',323720,'',0),(515,515,'2020-12-15',20,0,1725,'',324582,'',0),(516,516,'2020-12-17',20,0,6737,'',326307,'',0),(517,517,'2020-12-14',58,0,11987,'',12436,'',0),(518,518,'2020-12-14',30,0,18460,'',246828,'',0),(519,519,'2020-12-14',58,0,3925,'',24423,'',0),(520,520,'2020-12-15',30,0,37785,'',265288,'',0),(521,521,'2020-12-15',58,0,4325,'',28348,'',0),(522,522,'2020-12-15',60,0,3940,'',37693.5,'',0),(523,523,'2020-12-16',30,0,17960,'',303073,'',0),(524,524,'2020-12-16',59,0,1170,'',31517,'',0),(525,525,'2020-12-16',77,0,5095,'',0,'',0),(526,526,'2020-12-16',58,0,8660,'',32673,'',0),(527,527,'2020-12-16',19,0,6895,'',120891,'',0),(528,528,'2020-12-17',60,0,2787,'',41633.5,'',0),(529,529,'2020-12-17',11,0,126350,'',266917,'',0),(530,530,'2020-12-17',18,0,1440,'',391290.5,'',0),(531,531,'2020-12-18',60,0,2045,'',44420.5,'',0),(532,532,'2020-12-18',30,0,37625,'',321033,'',0),(533,533,'2020-12-17',15,0,10150,'',491362,'',0),(534,534,'2020-12-17',11,0,35860,'',393267,'',0),(535,535,'2020-12-18',77,0,2250,'',5095,'',0),(536,536,'2020-12-18',15,0,1050,'',501512,'',0),(537,537,'2020-12-18',20,0,7662,'',333044,'',0),(538,538,'2020-12-01',51,0,480,'',-7950,'',0),(539,539,'2020-12-02',51,0,1020,'',-7470,'',0),(540,540,'2020-12-09',51,0,480,'',-6450,'',0),(541,541,'2020-12-12',51,0,560,'',-5970,'',0),(542,542,'2020-12-17',51,0,1700,'',-5410,'',0),(543,543,'2020-12-18',51,0,1700,'',-3710,'',0),(544,544,'2020-12-22',51,0,510,'',-2010,'',0),(545,545,'2020-12-19',30,0,5250,'',288658,'',0),(546,546,'2020-12-21',30,0,1600,'',293908,'',0),(547,547,'2020-12-24',30,0,12425,'',295508,'',0),(548,548,'2020-12-19',58,0,3150,'',41333,'',0),(549,549,'2020-12-19',20,0,8650,'',340706,'',0),(550,550,'2020-12-19',19,0,5425,'',127786,'',0),(551,551,'2020-12-20',15,0,1740,'',502562,'',0),(552,552,'2020-12-21',20,0,9175,'',349356,'',0),(553,553,'2020-12-22',20,0,5187,'',358531,'',0),(554,554,'2020-12-22',77,0,2600,'',7345,'',0),(555,555,'2020-12-23',20,0,13650,'',363718,'',0),(556,556,'2020-12-14',51,0,510,'',-2470,'',0),(557,557,'2020-12-15',51,0,960,'',-1960,'',0),(558,558,'2020-12-24',51,0,595,'',-595,'',0),(559,559,'2020-12-26',51,0,400,'',-400,'',0),(560,560,'2020-12-24',13,0,28660,'',129184.5,'',0),(561,561,'2020-12-24',18,0,3850,'',392730.5,'',0),(562,562,'2020-12-24',15,0,14355,'',504302,'',0),(563,563,'2020-12-24',77,0,1130,'',9945,'',0),(564,564,'2020-12-24',19,0,6317,'',133211,'',0),(565,565,'2020-12-24',20,0,11987,'',377368,'',0),(566,566,'2020-12-24',20,0,2612,'',389355,'',0),(567,567,'2020-12-26',18,0,825,'',396580.5,'',0),(568,568,'2020-12-26',20,0,1475,'',391967,'',0),(569,569,'2020-12-27',51,0,680,'',-680,'',0),(570,570,'2020-12-28',18,0,4975,'',397405.5,'',0),(571,571,'2020-12-28',77,0,2400,'',11075,'',0),(572,572,'2020-12-28',11,0,74652,'',329127,'',0),(573,573,'2020-12-28',51,0,1105,'',0,'',0),(574,574,'2020-12-29',30,0,16450,'',282933,'',0),(575,575,'2020-12-29',20,0,6050,'',373442,'',0),(576,576,'2020-12-30',13,0,24845,'',157844.5,'',0),(577,577,'2020-12-30',18,0,61340,'',377380.5,'',0),(578,578,'2020-12-30',18,0,1725,'',438720.5,'',0),(579,579,'2020-12-30',20,0,11047,'',379492,'',0),(580,580,'2020-12-30',19,0,2625,'',139528,'',0),(581,581,'2020-12-30',18,0,12675,'',440445.5,'',0),(582,582,'2020-12-30',51,0,510,'',-1190,'',0),(583,583,'2020-12-31',51,0,680,'',-680,'',0),(584,584,'2020-12-31',30,0,9450,'',299383,'',0),(585,585,'2020-12-31',18,0,8045,'',453120.5,'',0),(586,586,'2020-12-31',18,0,4060,'',461155.5,'',0),(587,587,'2020-12-31',15,0,5040,'',518657,'',0),(588,588,'2020-12-31',15,0,140,'',523697,'',0),(589,589,'2020-12-31',19,0,3020,'',142153,'',0),(590,590,'2020-12-31',20,0,14005,'',390352,'',0),(591,591,'2021-01-01',18,0,4750,'',465215.5,'',0),(592,592,'2021-01-01',20,0,2040,'',404357,'',0),(593,593,'2021-01-02',51,0,510,'',-510,'',0),(594,594,'2021-01-01',20,0,812,'',406397,'',0),(595,595,'2021-01-02',18,0,1445,'',469975.5,'',0),(596,596,'2021-01-02',15,0,560,'',523837,'',0),(597,597,'2021-01-02',20,0,13015,'',407209,'',0),(598,598,'2021-01-05',77,0,10425,'',13475,'',0),(599,599,'2021-01-07',30,0,13150,'',308833,'',0),(600,600,'2021-01-04',18,0,8020,'',471420.5,'',0),(602,602,'2021-01-04',15,0,3295,'',524197,'',0),(603,603,'2021-01-04',18,0,1470,'',480910.5,'',0),(604,604,'2021-01-06',19,0,4210,'',145173,'',0),(605,605,'2021-01-06',20,0,2552,'',420224,'',0),(606,606,'2021-01-07',18,0,2190,'',482380.5,'',0),(607,607,'2021-01-07',20,0,1840,'',422776,'',0),(608,608,'2021-01-04',51,0,510,'',-2560,'',0),(609,609,'2021-01-05',51,0,850,'',-2050,'',0),(610,610,'2021-01-07',51,0,600,'',-1200,'',0),(611,611,'2021-01-07',51,0,600,'',-600,'',0),(612,612,'2021-01-08',15,0,1800,'',527492,'',0),(613,613,'2020-12-31',30,0,9450,'',261983,'',0),(614,614,'2021-01-09',20,0,2300,'',424803,'',0),(615,615,'2021-01-11',20,0,3365,'',427103,'',0),(616,616,'2021-01-09',30,0,22025,'',261983,'',0),(617,617,'2021-01-09',18,0,2160,'',423100.5,'',0),(618,618,'2021-01-09',19,0,8125,'',149383,'',0),(619,619,'2021-01-11',18,0,2695,'',425260.5,'',0),(620,620,'2021-01-12',30,0,11342.5,'',284008,'',0),(621,621,'2021-01-13',15,0,3100,'',489492,'',0),(622,622,'2021-01-13',18,0,7687,'',427955.5,'',0),(623,623,'2021-01-13',18,0,921,'',435642.5,'',0),(624,624,'2021-01-13',15,0,15187,'',492592,'',0),(625,625,'2021-01-13',20,0,2437,'',400468,'',0),(626,626,'2021-01-14',18,0,3607,'',436563.5,'',0),(627,627,'2021-01-14',18,0,4930,'',440170.5,'',0),(628,628,'2021-01-14',15,0,3417,'',507779,'',0),(629,629,'2021-01-11',51,0,500,'',-920,'',0),(630,630,'2021-01-13',51,0,420,'',-420,'',0),(631,631,'2021-01-14',51,0,340,'',0,'',0),(632,632,'2021-01-15',19,0,947,'',157508,'',0),(633,633,'2021-01-15',15,0,1760,'',511196,'',0),(634,634,'2021-01-16',30,0,6355,'',274800.5,'',0),(635,635,'2021-01-16',20,0,3910,'',402905,'',0),(636,636,'2021-01-16',15,0,2287,'',512956,'',0),(637,637,'2021-01-16',16,0,6332,'',45278.5,'',0),(638,638,'2021-01-17',51,0,340,'',-340,'',0),(639,639,'2021-01-18',51,0,680,'',0,'',0),(640,640,'2021-01-18',15,0,250,'',515243,'',0),(641,641,'2021-01-19',30,0,7195,'',231155.5,'',0),(642,642,'2021-01-19',25,275,275,'',27397,'',0),(643,643,'2021-01-20',30,0,21130,'',238350.5,'',0),(644,644,'2021-01-20',19,0,3620,'',128455,'',0),(645,645,'2021-01-20',20,0,1670,'',396815,'',0),(646,646,'2021-01-21',30,0,11152,'',259480.5,'',0),(647,647,'2021-01-21',20,0,7522,'',398485,'',0),(648,648,'2021-01-22',30,0,18527,'',270632.5,'',0),(649,649,'2021-01-22',20,0,2782,'',406007,'',0),(650,650,'2021-01-22',18,0,5115,'',365100.5,'',0),(651,651,'2021-01-23',30,0,17870,'',289159.5,'',0),(652,652,'2021-01-21',51,0,425,'',0,'',0),(653,653,'2021-01-23',20,0,5819,'',408789,'',0),(654,654,'2021-01-23',51,0,425,'',-425,'',0),(655,655,'2021-01-26',30,0,35265,'',307029.5,'',0),(656,656,'2021-01-27',30,0,28592,'',342294.5,'',0),(659,659,'2021-01-26',20,0,7587,'',418268,'',0),(660,660,'2021-01-25',20,0,3660,'',425855,'',0),(661,661,'2021-01-27',20,0,4499,'',429515,'',0),(662,662,'2021-01-28',15,0,6065,'',495493,'',0),(664,664,'2021-01-28',30,0,20980,'',391866.5,'',0),(665,665,'2021-01-28',18,0,20470,'',378762.5,'',0),(666,666,'2021-01-28',19,0,2022,'',132075,'',0),(667,667,'2021-01-28',25,0,1440,'',27397,'',0),(668,668,'2021-01-28',20,0,13495,'',437074,'',0),(669,669,'2021-01-25',18,0,8547,'',399232.5,'',0),(670,670,'2021-01-27',15,0,4995,'',501558,'',0),(671,671,'2021-01-29',15,0,6405,'',506553,'',0),(672,672,'2021-01-29',20,0,19330,'',450569,'',0),(673,673,'2021-01-30',15,0,4000,'',512958,'',0),(674,674,'2021-01-30',15,0,59430,'',516958,'',0),(675,675,'2021-01-30',30,0,45080,'',412846.5,'',0),(676,676,'2021-01-30',18,0,21055,'',407779.5,'',0),(677,677,'2021-01-30',19,0,4460,'',134097,'',0),(678,678,'2021-01-30',18,0,750,'',428834.5,'',0),(679,679,'2021-01-30',25,0,405,'',28837,'',0),(680,680,'2021-01-30',20,0,32905,'',469899,'',0),(681,681,'2021-02-01',30,0,14306,'',417926.5,'',0),(682,682,'2021-01-23',12,0,96000,'',497955,'',0),(683,683,'2021-02-01',18,0,9695,'',399584.5,'',0),(684,684,'2021-02-01',18,0,11295,'',409279.5,'',0),(685,685,'2021-02-01',15,0,16765,'',576388,'',0),(686,686,'2021-01-25',51,0,720,'',-720,'',0),(687,687,'2021-01-26',51,0,680,'',-680,'',0),(688,688,'2021-01-27',51,0,680,'',-680,'',0),(689,689,'2021-01-28',51,0,850,'',-850,'',0),(690,690,'2021-01-29',51,0,680,'',-680,'',0),(691,691,'2021-01-30',51,0,1700,'',0,'',0),(692,692,'2021-02-01',51,0,2295,'',-595,'',0),(693,693,'2021-02-01',15,0,2710,'',593153,'',0),(694,694,'2021-02-01',20,0,34655,'',472804,'',0),(695,695,'2021-02-01',16,0,65865,'',21610.5,'',0),(696,696,'2021-01-19',20,0,842,'',504399,'',0),(697,697,'2021-02-02',20,0,10055,'',501581,'',0),(698,698,'2021-02-02',11,0,186480,'',23829,'',0),(699,699,'2021-02-03',20,0,4715,'',511636,'',0),(700,700,'2021-02-04',51,0,510,'',-1360,'',0),(701,701,'2021-02-04',19,0,1450,'',138557,'',0),(702,702,'2021-02-04',18,0,2270,'',412027.5,'',0),(703,703,'2021-02-04',25,0,187,'',29242,'',0),(704,704,'2021-02-06',19,0,3680,'',140007,'',0),(705,705,'2021-02-07',51,0,850,'',-1700,'',0),(706,706,'2021-02-08',51,0,425,'',-1275,'',0),(707,707,'2021-02-12',51,0,590,'',-1950,'',0),(708,708,'2021-02-10',51,0,510,'',-1360,'',0);
/*!40000 ALTER TABLE `z_purchase_voucher` ENABLE KEYS */;
UNLOCK TABLES;

--
-- Table structure for table `z_purchase_voucher_item`
--

DROP TABLE IF EXISTS `z_purchase_voucher_item`;
/*!40101 SET @saved_cs_client     = @@character_set_client */;
/*!50503 SET character_set_client = utf8mb4 */;
CREATE TABLE `z_purchase_voucher_item` (
  `id_purchase_voucher_item` int NOT NULL AUTO_INCREMENT,
  `id_product` int NOT NULL,
  `quantity` double DEFAULT NULL,
  `kg` double DEFAULT NULL,
  `unit_price` double DEFAULT NULL,
  `total` double DEFAULT '0',
  `id_purchase_voucher` int DEFAULT NULL,
  `remarks` varchar(500) DEFAULT NULL,
  PRIMARY KEY (`id_purchase_voucher_item`)
) ENGINE=InnoDB AUTO_INCREMENT=2909 DEFAULT CHARSET=latin1;
/*!40101 SET character_set_client = @saved_cs_client */;

--
-- Dumping data for table `z_purchase_voucher_item`
--

LOCK TABLES `z_purchase_voucher_item` WRITE;
/*!40000 ALTER TABLE `z_purchase_voucher_item` DISABLE KEYS */;
INSERT INTO `z_purchase_voucher_item` VALUES (91,4,116.5,0,250,29125,5,NULL),(92,1,18.5,0,280,5180,5,NULL),(93,5,19,0,180,3420,5,NULL),(94,2,2,0,380,760,5,NULL),(95,4,65.5,0,250,16375,6,NULL),(96,1,14.5,0,280,4060,6,NULL),(97,1,5,0,280,1400,6,NULL),(103,1,160,0,290,46400,8,NULL),(104,4,147,0,250,36750,8,NULL),(105,5,40,0,180,7200,8,NULL),(106,6,62,0,220,13640,8,NULL),(113,4,74,0,250,18500,1,NULL),(114,6,76,0,220,16720,1,NULL),(115,3,21,0,330,6930,1,NULL),(116,2,19,0,380,7220,1,NULL),(117,5,46.5,0,180,8370,1,NULL),(118,1,254.5,0,290,73805,1,NULL),(119,5,21,0,180,3780,4,NULL),(120,1,11,0,290,3190,4,NULL),(121,2,5,0,380,1900,4,NULL),(122,4,2,0,250,500,4,NULL),(123,6,5.5,0,220,1210,4,NULL),(124,4,89.5,0,250,22375,3,NULL),(125,6,54,0,220,11880,3,NULL),(126,1,158.5,0,290,45965,3,NULL),(127,5,30.5,0,180,5490,3,NULL),(128,3,61,0,350,21350,3,NULL),(129,4,78.5,0,250,19625,9,NULL),(130,2,36,0,380,13680,9,NULL),(131,1,2,0,290,580,9,NULL),(132,5,7.5,0,180,1350,9,NULL),(133,3,9,0,330,2970,9,NULL),(134,6,0.5,0,220,110,9,NULL),(140,1,64,0,290,18560,7,NULL),(141,4,40.5,0,250,10125,7,NULL),(142,2,5.5,0,380,2090,7,NULL),(143,5,32,0,180,5760,7,NULL),(144,6,48.5,0,220,10670,7,NULL),(145,6,7.75,0,220,1705,10,NULL),(146,1,21,0,270,5670,10,NULL),(147,4,12,0,250,3000,10,NULL),(148,2,0.5,0,350,175,10,NULL),(149,4,204,0,250,51000,11,NULL),(150,1,10.5,0,280,2940,11,NULL),(151,6,8.5,0,220,1870,12,NULL),(152,1,18.5,0,290,5365,12,NULL),(153,4,55.5,0,250,13875,12,NULL),(164,2,31.5,0,380,11970,14,NULL),(165,5,24.5,0,180,4410,14,NULL),(166,1,2.5,0,290,725,14,NULL),(167,4,42,0,250,10500,14,NULL),(168,3,42,0,300,12600,14,NULL),(169,6,0.75,0,220,165,14,NULL),(170,4,35.5,0,250,8875,13,NULL),(171,5,8,0,180,1440,13,NULL),(172,6,0.75,0,220,165,13,NULL),(173,1,4,0,310,1240,13,NULL),(179,2,94.5,0,420,39690,15,NULL),(180,6,9.5,0,220,2090,15,NULL),(181,4,59.5,0,250,14875,15,NULL),(182,5,34,0,180,6120,15,NULL),(183,1,348,0,300,104400,15,NULL),(184,1,18,0,270,4860,16,NULL),(185,5,11,0,180,1980,16,NULL),(186,6,4,0,220,880,16,NULL),(187,4,25,0,250,6250,16,NULL),(188,1,5.5,0,270,1485,16,NULL),(193,1,15,0,290,4350,17,NULL),(194,4,28,0,250,7000,17,NULL),(201,1,40,0,270,10800,18,NULL),(202,12,31,0,180,5580,18,NULL),(203,12,4.5,0,180,810,20,NULL),(204,4,9,0,250,2250,20,NULL),(205,1,32,0,270,8640,20,NULL),(206,1,4,0,290,1160,19,NULL),(207,4,16,0,250,4000,21,NULL),(208,4,2,0,250,500,22,NULL),(209,12,3.5,0,180,630,22,NULL),(210,6,1,0,220,220,22,NULL),(211,2,2,0,380,760,22,NULL),(212,1,0.5,0,290,145,22,NULL),(213,1,16.75,0,300,5025,23,NULL),(214,2,5.5,0,380,2090,23,NULL),(215,4,1.25,0,250,312.5,23,NULL),(216,1,69.5,0,300,20850,24,NULL),(217,4,85.5,0,270,23085,24,NULL),(218,12,42,0,200,8400,24,NULL),(219,2,10.5,0,400,4200,24,NULL),(220,6,39.5,0,250,9875,24,NULL),(221,4,50,0,150,7500,24,NULL),(222,1,141.5,0,350,49525,25,NULL),(223,4,95.5,0,250,23875,25,NULL),(224,12,56,0,200,11200,25,NULL),(225,2,8.5,0,420,3570,25,NULL),(226,6,107,0,250,26750,25,NULL),(227,4,82,0,250,20500,26,NULL),(228,1,13.5,0,300,4050,26,NULL),(229,12,5.5,0,180,990,26,NULL),(230,6,2,0,240,480,26,NULL),(231,2,2.5,0,350,875,27,NULL),(232,4,4.5,0,250,1125,27,NULL),(233,1,7,0,270,1890,27,NULL),(234,6,3,0,220,660,27,NULL),(235,12,0.5,0,180,90,27,NULL),(236,15,252,0,123,30996,28,NULL),(237,16,384,0,152.71,58641,28,NULL),(238,12,8.75,0,180,1575,29,NULL),(239,4,2,0,250,500,29,NULL),(240,2,3.5,0,420,1470,30,NULL),(241,4,8.75,0,230,2012.5,31,NULL),(242,2,7,0,420,2940,31,NULL),(243,12,14,0,180,2520,31,NULL),(244,12,3.25,0,180,585,32,NULL),(245,2,6,0,420,2520,32,NULL),(246,1,1,0,320,320,32,NULL),(247,4,0.5,0,230,115,32,NULL),(248,4,7.25,0,230,1667.5,33,NULL),(249,1,1.25,0,320,400,33,NULL),(250,6,115,0,240,27600,34,NULL),(251,2,1.5,0,420,630,34,NULL),(252,4,14,0,240,3360,34,NULL),(253,12,1.5,0,180,270,34,NULL),(254,1,109.5,0,340,37230,34,NULL),(255,4,126.5,0,240,30360,35,NULL),(256,12,69.5,0,180,12510,35,NULL),(257,6,77,0,230,17710,35,NULL),(258,2,11.5,0,420,4830,35,NULL),(259,1,157.5,0,330,51975,35,NULL),(263,1,0.5,0,320,160,37,NULL),(264,4,1.75,0,230,402.5,37,NULL),(265,12,14,0,180,2520,37,NULL),(266,2,6.5,0,420,2730,37,NULL),(267,6,2.5,0,220,550,37,NULL),(268,4,10,0,230,2300,38,NULL),(269,6,7.5,0,220,1650,38,NULL),(270,12,2,0,180,360,38,NULL),(271,1,6,0,320,1920,38,NULL),(275,4,119.75,0,245,29338.75,36,NULL),(276,12,9.5,0,190,1805,36,NULL),(277,1,27,0,320,8640,36,NULL),(278,2,8,0,420,3360,39,NULL),(279,6,2.5,0,220,550,39,NULL),(280,1,1.75,0,320,560,39,NULL),(281,4,1.25,0,230,287.5,39,NULL),(282,2,1.75,0,420,735,40,NULL),(283,4,4.5,0,230,1035,40,NULL),(284,2,8.5,0,420,3570,41,NULL),(285,25,5,0,75,375,42,NULL),(286,25,15,0,75,1125,43,NULL),(288,25,5,0,75,375,45,NULL),(289,2,27,0,420,11340,46,NULL),(290,12,1.5,0,180,270,46,NULL),(291,2,8.5,0,420,3570,44,NULL),(292,6,3.25,0,220,715,44,NULL),(293,1,1.5,0,320,480,44,NULL),(296,1,21,0,320,6720,48,NULL),(297,6,4.75,0,220,1045,48,NULL),(298,4,35,0,230,8050,47,NULL),(299,2,4.75,0,420,1995,47,NULL),(300,1,36.5,0,320,11680,49,NULL),(301,12,2.5,0,180,450,50,NULL),(302,4,3.25,0,230,747.5,50,NULL),(303,1,24,0,320,7680,50,NULL),(304,2,54.5,0,420,22890,50,NULL),(306,2,14.25,0,420,5985,51,NULL),(307,25,6,0,75,450,52,NULL),(308,2,1.75,0,420,735,53,NULL),(309,12,2.25,0,180,405,53,NULL),(310,1,4,0,320,1280,53,NULL),(311,4,20.75,0,230,4772.5,53,NULL),(312,2,10.5,0,420,4410,54,NULL),(313,12,3.5,0,180,630,54,NULL),(314,6,0.75,0,220,165,54,NULL),(315,4,5.75,0,230,1322.5,54,NULL),(316,1,29.5,0,320,9440,54,NULL),(317,4,1,0,230,230,55,NULL),(318,1,5.25,0,320,1680,55,NULL),(324,12,2.25,0,180,405,57,NULL),(325,4,4,0,230,920,57,NULL),(326,6,7,0,220,1540,57,NULL),(332,25,12,0,75,900,59,NULL),(333,1,186.5,0,420,78330,58,NULL),(334,4,70,0,310,21700,58,NULL),(335,6,140,0,310,43400,58,NULL),(336,2,10,0,450,4500,58,NULL),(337,12,17.5,0,210,3675,58,NULL),(338,19,207,0,139.03,28780,60,NULL),(354,1,25.5,0,400,10200,61,NULL),(355,2,2,0,450,900,61,NULL),(356,6,6.5,0,280,1820,61,NULL),(357,4,16,0,300,4800,61,NULL),(358,12,6,0,200,1200,61,NULL),(359,2,9.5,0,420,3990,62,NULL),(360,4,126.5,0,270,34155,63,NULL),(361,1,48.25,0,370,17852.5,63,NULL),(362,4,20.5,0,250,5125,64,NULL),(363,6,9,0,250,2250,64,NULL),(364,12,6,0,200,1200,64,NULL),(365,1,2.5,0,350,875,64,NULL),(366,25,10,0,75,750,65,NULL),(367,2,10.25,0,420,4305,66,NULL),(368,12,0.75,0,200,150,66,NULL),(369,1,18.5,0,350,6475,67,NULL),(370,12,23,0,200,4600,67,NULL),(371,4,14.25,0,250,3562.5,67,NULL),(372,6,9.25,0,250,2312.5,67,NULL),(373,2,17.25,0,420,7245,67,NULL),(374,1,25,0,350,8750,68,NULL),(376,2,1.25,0,420,525,69,NULL),(377,4,5.25,0,250,1312.5,70,NULL),(378,1,4.25,0,350,1487.5,70,NULL),(379,6,0.5,0,250,125,70,NULL),(380,2,18,0,450,8100,71,NULL),(381,12,0.75,0,200,150,71,NULL),(382,25,5,0,80,400,72,NULL),(383,4,6,0,250,1500,73,NULL),(384,1,10,0,350,3500,73,NULL),(385,2,15,0,420,6300,73,NULL),(386,12,2,0,200,400,73,NULL),(390,4,106.75,0,270,28822.5,74,NULL),(391,1,27.25,0,370,10082.5,74,NULL),(392,2,4.25,0,420,1785,74,NULL),(393,25,12,0,85,1020,75,NULL),(394,6,11.5,0,290,3335,76,NULL),(395,4,13.5,0,300,4050,76,NULL),(396,12,16,0,200,3200,76,NULL),(397,1,61.5,0,400,24600,76,NULL),(398,1,41.5,0,500,20750,77,NULL),(399,6,117,0,320,37440,77,NULL),(400,4,57,0,350,19950,77,NULL),(401,12,19,0,220,4180,77,NULL),(402,4,8,0,270,2160,78,NULL),(403,12,25.75,0,200,5150,78,NULL),(404,1,5,0,370,1850,78,NULL),(405,6,7,0,250,1750,79,NULL),(406,1,1,0,350,350,79,NULL),(407,4,5.5,0,250,1375,79,NULL),(408,12,9,0,200,1800,79,NULL),(409,12,2.5,0,200,500,80,NULL),(410,2,1.75,0,420,735,80,NULL),(411,12,7,0,200,1400,81,NULL),(412,4,1,0,250,250,81,NULL),(413,2,4,0,420,1680,81,NULL),(414,1,16.75,0,350,5862.5,82,NULL),(415,2,10.75,0,420,4515,82,NULL),(416,25,14,0,85,1190,83,NULL),(417,6,0.75,0,250,187.5,84,NULL),(418,4,1.25,0,250,312.5,84,NULL),(419,12,12,0,200,2400,84,NULL),(420,2,10,0,420,4200,84,NULL),(430,1,213.5,0,500,106750,86,NULL),(431,4,206,0,380,78280,86,NULL),(432,12,94,0,230,21620,86,NULL),(433,6,458,0,300,137400,86,NULL),(434,25,7,0,84.29,590,87,NULL),(440,6,2.25,0,250,562.5,89,NULL),(441,4,0.5,0,250,125,89,NULL),(442,2,2.75,0,420,1155,89,NULL),(443,4,41,0,270,11070,90,NULL),(444,12,15,0,200,3000,90,NULL),(445,1,2,0,370,740,90,NULL),(446,1,3.25,0,430,1397.5,85,NULL),(447,12,4.75,0,200,950,85,NULL),(448,4,1,0,280,280,85,NULL),(449,6,5.75,0,270,1552.5,85,NULL),(450,2,14,0,450,6300,85,NULL),(456,1,47.5,0,430,20425,88,NULL),(457,4,1.75,0,280,490,88,NULL),(458,2,14.5,0,450,6525,88,NULL),(459,6,10.25,0,270,2767.5,88,NULL),(460,12,5.5,0,200,1100,88,NULL),(461,12,6,0,200,1200,91,NULL),(462,2,9.5,0,450,4275,91,NULL),(463,4,2.25,0,280,630,91,NULL),(464,1,2,0,430,860,91,NULL),(465,2,6,0,450,2700,92,NULL),(466,6,2.25,0,250,562.5,92,NULL),(467,12,11,0,200,2200,92,NULL),(468,4,5.5,0,250,1375,92,NULL),(469,1,1.5,0,350,525,92,NULL),(470,6,12.5,0,270,3375,93,NULL),(471,1,17,0,370,6290,93,NULL),(472,12,12.5,0,200,2500,93,NULL),(473,4,20,0,270,5400,93,NULL),(486,6,251,0,300,75300,94,NULL),(487,4,234.5,0,380,89110,94,NULL),(488,1,175,0,500,87500,94,NULL),(489,12,60,0,230,13800,94,NULL),(490,6,33,0,240,7920,95,NULL),(491,1,10.5,0,400,4200,95,NULL),(492,12,7,0,220,1540,95,NULL),(493,2,6.25,0,400,2500,95,NULL),(494,25,15,0,75.33,1130,96,NULL),(495,2,3,0,450,1350,97,NULL),(496,1,19.5,0,500,9750,97,NULL),(497,4,29,0,380,11020,97,NULL),(498,6,8,0,300,2400,97,NULL),(499,25,4,0,100,400,98,NULL),(500,1,33.5,0,380,12730,99,NULL),(501,4,29.5,0,280,8260,99,NULL),(502,6,35.5,0,270,9585,99,NULL),(503,12,1,0,220,220,99,NULL),(508,25,10,0,80,800,100,NULL),(509,1,1,0,380,380,101,NULL),(510,6,0.5,0,240,120,101,NULL),(511,4,2.5,0,280,700,101,NULL),(512,12,13,0,220,2860,101,NULL),(513,2,12,0,400,4800,102,NULL),(514,4,22,0,280,6160,102,NULL),(515,1,3.5,0,400,1400,102,NULL),(516,12,2,0,220,440,102,NULL),(517,6,13.5,0,240,3240,103,NULL),(518,1,11,0,400,4400,103,NULL),(519,12,8,0,220,1760,103,NULL),(520,4,1,0,280,280,103,NULL),(555,6,27.5,0,240,6600,107,NULL),(556,4,5,0,280,1400,107,NULL),(557,1,7.25,0,380,2755,107,NULL),(558,25,15,0,85.33,1280,108,NULL),(559,6,17,0,240,4080,109,NULL),(560,4,21.5,0,280,6020,109,NULL),(561,25,5,0,80,400,110,NULL),(562,12,4.25,0,220,935,111,NULL),(563,2,0.75,0,400,300,111,NULL),(564,4,246.5,0,360,88740,104,NULL),(565,6,306,0,280,85680,104,NULL),(566,2,0.5,0,600,300,104,NULL),(567,12,35,0,230,8050,104,NULL),(568,1,174,0,500,87000,104,NULL),(569,12,4,0,230,920,105,NULL),(570,6,5.5,0,280,1540,105,NULL),(571,1,2,0,500,1000,105,NULL),(572,4,14,0,360,5040,105,NULL),(573,2,2.75,0,600,1650,105,NULL),(574,6,3,0,210,630,106,NULL),(575,4,26,0,320,8320,106,NULL),(576,1,3,0,430,1290,106,NULL),(577,12,1,0,210,210,106,NULL),(578,2,1.25,0,520,650,106,NULL),(579,6,13,0,250,3250,112,NULL),(580,1,14,0,420,5880,112,NULL),(581,4,18.5,0,320,5920,112,NULL),(582,12,16.5,0,230,3795,112,NULL),(601,4,33,0,280,9240,115,NULL),(602,12,7,0,220,1540,115,NULL),(603,6,25,0,240,6000,115,NULL),(604,1,25.5,0,380,9690,115,NULL),(605,2,9,0,400,3600,115,NULL),(608,4,115,0,360,41400,114,NULL),(609,1,80.5,0,460,37030,114,NULL),(610,6,49,0,210,10290,114,NULL),(611,12,42,0,210,8820,114,NULL),(612,24,21.5,0,250,5375,114,NULL),(613,2,1.75,0,520,910,114,NULL),(614,27,44.5,0,150,6675,114,NULL),(615,12,3.5,0,210,735,116,NULL),(616,2,3.5,0,400,1400,116,NULL),(617,6,180.5,0,270,48735,113,NULL),(618,1,87,0,460,40020,113,NULL),(619,27,1.5,0,150,225,113,NULL),(620,25,15,0,80,1200,117,NULL),(621,25,10,0,85,850,118,NULL),(622,1,26,0,400,10400,119,NULL),(623,12,1.5,0,220,330,119,NULL),(624,6,8.5,0,220,1870,119,NULL),(625,2,0.5,0,480,240,119,NULL),(635,6,150,0,280,42000,120,NULL),(636,1,180,0,480,86400,120,NULL),(637,4,120,0,350,42000,120,NULL),(638,4,96,0,350,33600,121,NULL),(639,12,64,0,230,14720,121,NULL),(640,6,9,0,280,2520,121,NULL),(641,24,11,0,250,2750,121,NULL),(642,1,359,0,480,172320,121,NULL),(648,4,13.75,0,320,4400,123,NULL),(649,8,1.5,0,380,570,123,NULL),(650,2,17.75,0,480,8520,123,NULL),(651,12,0.5,0,200,100,123,NULL),(652,2,2.5,0,400,1000,124,NULL),(653,12,11,0,220,2420,124,NULL),(654,6,11.5,0,240,2760,125,NULL),(655,4,129,0,280,36120,125,NULL),(656,4,5.5,0,280,1540,126,NULL),(657,6,8,0,220,1760,126,NULL),(658,2,2,0,400,800,126,NULL),(659,1,11.5,0,360,4140,126,NULL),(660,6,27.5,0,220,6050,127,NULL),(661,1,1,0,360,360,127,NULL),(662,12,7,0,220,1540,128,NULL),(663,6,1.5,0,240,360,128,NULL),(664,4,4.5,0,280,1260,128,NULL),(665,2,2.5,0,400,1000,128,NULL),(666,1,1.25,0,380,475,128,NULL),(667,2,9,0,480,4320,129,NULL),(668,2,1.75,0,480,840,122,NULL),(669,4,72,0,280,20160,122,NULL),(670,1,21.75,0,400,8700,122,NULL),(671,12,7.5,0,200,1500,122,NULL),(672,6,47,0,220,10340,122,NULL),(673,2,1.75,0,400,700,130,NULL),(674,4,1.5,0,280,420,130,NULL),(675,1,22.5,0,360,8100,130,NULL),(676,12,2,0,200,400,130,NULL),(677,6,9.5,0,220,2090,130,NULL),(678,25,4,0,75,300,131,NULL),(679,6,7.75,0,240,1860,132,NULL),(680,4,42.25,0,280,11830,132,NULL),(681,2,24.25,0,500,12125,133,NULL),(682,12,1.75,0,200,350,133,NULL),(683,4,4.25,0,280,1190,133,NULL),(684,6,0.5,0,220,110,133,NULL),(685,1,0.75,0,360,270,134,NULL),(686,12,0.4,0,200,80,134,NULL),(687,6,25,0,220,5500,134,NULL),(688,12,0.5,0,220,110,135,NULL),(689,4,11,0,280,3080,135,NULL),(690,1,0.5,0,380,190,135,NULL),(691,2,1.25,0,400,500,135,NULL),(692,4,2.75,0,280,770,136,NULL),(693,2,3,0,500,1500,136,NULL),(694,25,6,0,88.33,530,137,NULL),(695,1,2.5,0,360,900,138,NULL),(696,4,3,0,280,840,138,NULL),(697,12,1.25,0,200,250,138,NULL),(698,6,24,0,220,5280,138,NULL),(719,2,17.25,0,400,6900,140,NULL),(720,4,1.5,0,280,420,140,NULL),(721,12,6.5,0,220,1430,140,NULL),(722,2,54.75,0,500,27375,139,NULL),(723,1,77,0,390,30030,139,NULL),(724,4,170,0,300,51000,139,NULL),(725,12,43,0,200,8600,139,NULL),(726,6,150,0,220,33000,139,NULL),(727,25,12,0,100,1200,141,NULL),(728,16,546,0,165.2,90199,142,NULL),(729,12,4.75,0,200,950,143,NULL),(730,4,3,0,250,750,143,NULL),(731,2,12,0,400,4800,144,NULL),(732,12,0.5,0,220,110,144,NULL),(733,12,10,0,190,1900,145,NULL),(734,4,1.5,0,240,360,145,NULL),(735,1,1,0,320,320,145,NULL),(736,25,2,0,80,160,146,NULL),(737,25,12,0,79.17,950,147,NULL),(738,12,10,0,190,1900,148,NULL),(739,4,5.5,0,240,1320,148,NULL),(740,2,26.75,0,370,9897.5,148,NULL),(741,2,11,0,200,2200,148,NULL),(742,6,12.5,0,190,2375,149,NULL),(743,12,2,0,190,380,149,NULL),(744,4,5.5,0,240,1320,149,NULL),(745,1,2,0,320,640,149,NULL),(756,2,28.5,0,370,10545,151,NULL),(757,2,8.5,0,150,1275,151,NULL),(758,2,24.5,0,370,9065,152,NULL),(759,12,6,0,190,1140,152,NULL),(760,4,14.5,0,240,3480,153,NULL),(761,2,17.5,0,370,6475,153,NULL),(762,1,5,0,320,1600,153,NULL),(763,12,19,0,190,3610,153,NULL),(764,2,22.75,0,370,8417.5,154,NULL),(765,20,78,0,46.67,3640.26,155,NULL),(766,25,5,0,80,400,156,NULL),(767,6,74,0,190,14060,150,NULL),(768,4,99,0,240,23760,150,NULL),(769,12,58,0,190,11020,150,NULL),(770,11,5.5,0,320,1760,150,NULL),(771,2,5,0,370,1850,150,NULL),(772,24,36,0,200,7200,150,NULL),(773,8,238,0,320,76160,150,NULL),(774,7,26,0,320,8320,150,NULL),(775,22,22,0,180,3960,150,NULL),(776,22,3.5,0,180,630,150,NULL),(777,2,8.25,0,370,3052.5,157,NULL),(779,2,47.75,0,370,17667.5,159,NULL),(780,12,1.25,0,190,237.5,159,NULL),(781,2,12.5,0,410,5125,158,NULL),(782,2,8.5,0,370,3145,160,NULL),(783,2,15,0,170,2550,160,NULL),(784,2,95,0,370,35150,161,NULL),(785,2,30,0,170,5100,161,NULL),(786,25,4,0,77.5,310,162,NULL),(787,2,10.25,0,370,3792.5,163,NULL),(791,2,10.5,0,370,3885,165,NULL),(792,2,57,0,370,21090,166,NULL),(793,4,3.5,0,240,840,166,NULL),(794,1,3,0,320,960,166,NULL),(795,12,2.75,0,190,522.5,166,NULL),(805,1,1.25,0,320,400,170,NULL),(806,12,17.25,0,190,3277.5,170,NULL),(807,4,2,0,240,480,170,NULL),(808,2,31.5,0,370,11655,170,NULL),(809,2,16,0,410,6560,171,NULL),(810,25,5,0,80,400,172,NULL),(811,1,1.75,0,320,560,167,NULL),(812,12,22.5,0,190,4275,167,NULL),(813,4,1.5,0,240,360,167,NULL),(814,12,2.75,0,190,522.5,173,NULL),(815,2,1.75,0,370,647.5,173,NULL),(816,4,1.5,0,240,360,174,NULL),(817,12,2.25,0,190,427.5,174,NULL),(818,2,21.75,0,370,8047.5,174,NULL),(827,12,10.5,0,190,1995,177,NULL),(828,4,5,0,240,1200,177,NULL),(829,1,5,0,320,1600,177,NULL),(830,25,15,0,80,1200,178,NULL),(831,12,6.5,0,190,1235,164,NULL),(832,2,25.5,0,370,9435,164,NULL),(833,4,0.75,0,240,180,164,NULL),(839,4,77.75,0,240,18660,175,NULL),(840,2,22,0,370,8140,175,NULL),(841,12,52.75,0,190,10022.5,175,NULL),(842,6,21,0,190,3990,175,NULL),(843,1,81.5,0,320,26080,175,NULL),(844,24,26,0,200,5200,175,NULL),(845,12,45,0,190,8550,176,NULL),(846,2,9.25,0,370,3422.5,176,NULL),(847,1,135.25,0,320,43280,176,NULL),(848,4,107.5,0,240,25800,176,NULL),(849,2,34,0,370,12580,168,NULL),(850,2,22,0,140,3080,168,NULL),(851,2,18,0,340,6120,179,NULL),(852,2,11,0,340,3740,180,NULL),(853,12,11.25,0,190,2137.5,180,NULL),(854,4,1.25,0,240,300,180,NULL),(855,1,0.5,0,320,160,180,NULL),(856,4,2.5,0,240,600,181,NULL),(857,12,1.5,0,190,285,181,NULL),(858,1,5.5,0,320,1760,181,NULL),(859,2,98.75,0,340,33575,181,NULL),(860,12,2.75,0,190,522.5,182,NULL),(861,1,6,0,320,1920,182,NULL),(862,4,16.5,0,240,3960,182,NULL),(863,2,40,0,340,13600,182,NULL),(864,2,22.5,0,370,8325,182,NULL),(865,2,20,0,340,6800,183,NULL),(866,12,5.5,0,190,1045,183,NULL),(867,25,6,0,100,600,184,NULL),(868,25,10,0,80,800,184,NULL),(869,2,21,0,340,7140,185,NULL),(870,1,7,0,320,2240,169,NULL),(871,12,14.5,0,190,2755,169,NULL),(872,4,36,0,240,8640,169,NULL),(873,2,32.25,0,370,11932.5,169,NULL),(874,1,25.75,0,300,7725,186,NULL),(875,4,5.5,0,240,1320,186,NULL),(876,12,1,0,190,190,186,NULL),(877,2,63,0,250,15750,187,NULL),(878,4,5,0,240,1200,187,NULL),(879,2,289,0,340,98260,188,NULL),(880,4,42.75,0,240,10260,188,NULL),(881,12,61.5,0,190,11685,188,NULL),(882,1,8.5,0,300,2550,188,NULL),(893,6,16,0,190,3040,189,NULL),(894,12,62,0,190,11780,189,NULL),(895,24,14,0,200,2800,189,NULL),(896,4,87.5,0,270,23625,189,NULL),(897,1,231,0,370,85470,189,NULL),(898,2,2,0,250,500,190,NULL),(899,6,38.5,0,190,7315,190,NULL),(900,12,23,0,190,4370,190,NULL),(901,4,66,0,270,17820,190,NULL),(902,1,34,0,370,12580,190,NULL),(903,12,15.5,0,190,2945,191,NULL),(904,2,1.75,0,250,437.5,191,NULL),(905,1,1.75,0,320,560,191,NULL),(906,4,0.5,0,240,120,191,NULL),(907,2,2.25,0,250,562.5,192,NULL),(908,12,0.75,0,190,142.5,192,NULL),(909,12,16,0,190,3040,193,NULL),(910,4,15,0,240,3600,193,NULL),(911,2,46.5,0,250,11625,193,NULL),(912,1,15.25,0,320,4880,193,NULL),(913,12,1.75,0,190,332.5,194,NULL),(914,4,2.5,0,240,600,194,NULL),(915,1,14.5,0,320,4640,194,NULL),(916,11,0.75,0,300,225,194,NULL),(917,2,8,0,200,1600,195,NULL),(918,12,0.75,0,190,142.5,195,NULL),(919,12,8,0,190,1520,196,NULL),(920,1,2,0,320,640,196,NULL),(921,2,36.5,0,250,9125,196,NULL),(922,2,16,0,200,3200,197,NULL),(923,1,1.5,0,320,480,197,NULL),(924,2,76.25,0,200,15250,198,NULL),(925,25,5,0,80,400,199,NULL),(926,25,20,0,80,1600,200,NULL),(927,2,69.5,0,200,13900,201,NULL),(928,1,9.75,0,320,3120,201,NULL),(929,4,6.75,0,240,1620,201,NULL),(930,6,6,0,190,1140,201,NULL),(931,2,11.75,0,200,2350,202,NULL),(932,1,4,0,320,1280,202,NULL),(933,12,3,0,190,570,202,NULL),(934,2,1.75,0,200,350,203,NULL),(935,1,6.5,0,320,2080,203,NULL),(936,2,62.75,0,200,12550,204,NULL),(942,1,30,0,320,9600,206,NULL),(943,4,19,0,240,4560,206,NULL),(944,12,11,0,190,2090,206,NULL),(945,2,232.5,0,200,46500,206,NULL),(946,1,12.5,0,320,4000,207,NULL),(947,6,2,0,190,380,207,NULL),(948,12,15,0,190,2850,207,NULL),(949,4,21,0,240,5040,207,NULL),(950,2,44.5,0,200,8900,207,NULL),(951,12,25.5,0,190,4845,208,NULL),(952,1,110.5,0,320,35360,208,NULL),(953,4,31,0,240,7440,208,NULL),(959,1,137.5,0,320,44000,209,NULL),(960,2,13.25,0,200,2650,209,NULL),(961,12,45,0,190,8550,209,NULL),(962,4,7.25,0,240,1740,209,NULL),(963,6,1.75,0,190,332.5,209,NULL),(964,12,2.75,0,190,522.5,210,NULL),(965,2,66.5,0,200,13300,211,NULL),(966,1,12,0,320,3840,212,NULL),(967,4,9,0,240,2160,212,NULL),(968,12,1.25,0,190,237.5,212,NULL),(969,2,1.75,0,200,350,212,NULL),(973,4,85.5,0,270,23085,205,NULL),(974,12,81,0,190,15390,205,NULL),(975,6,17.5,0,190,3325,205,NULL),(976,24,42,0,200,8400,205,NULL),(977,1,375,0,370,138750,205,NULL),(978,2,95,0,200,19000,214,NULL),(979,25,10,0,80,800,215,NULL),(984,2,6.5,0,200,1300,216,NULL),(985,1,1.25,0,320,400,216,NULL),(986,12,5,0,160,800,216,NULL),(987,2,7,0,200,1400,213,NULL),(988,12,4.25,0,160,680,213,NULL),(989,4,2.25,0,240,540,213,NULL),(994,2,4,0,200,800,220,NULL),(995,4,17,0,240,4080,220,NULL),(996,12,6.5,0,160,1040,220,NULL),(997,1,60,0,320,19200,220,NULL),(999,2,2.75,0,200,550,222,NULL),(1000,12,0.5,0,160,80,222,NULL),(1001,20,1080,0,37.00462,39964.9896,223,NULL),(1002,1,66.5,0,370,24605,218,NULL),(1003,11,4,0,320,1280,218,NULL),(1004,1,22,0,370,8140,221,NULL),(1007,12,0.75,0,160,120,225,NULL),(1008,4,6,0,240,1440,225,NULL),(1009,2,5.25,0,200,1050,225,NULL),(1010,1,109,0,320,34880,225,NULL),(1014,2,22,0,200,4400,227,NULL),(1015,12,3.25,0,160,520,227,NULL),(1075,1,25.5,0,320,8160,219,NULL),(1076,12,41.5,0,160,6640,219,NULL),(1077,4,21.5,0,240,5160,219,NULL),(1085,4,7,0,270,1890,230,NULL),(1086,1,78,0,350,27300,230,NULL),(1087,31,44,0,160,7040,230,NULL),(1088,2,43.75,0,200,8750,228,NULL),(1089,4,5,0,240,1200,228,NULL),(1090,1,6,0,320,1920,228,NULL),(1091,27,6.5,0,70,455,228,NULL),(1092,28,1,0,150,150,228,NULL),(1105,6,2.5,0,190,475,231,NULL),(1106,4,72.25,0,270,19507.5,231,NULL),(1107,12,54.5,0,160,8720,231,NULL),(1108,24,40.5,0,200,8100,231,NULL),(1109,1,77.75,0,350,27212.5,231,NULL),(1110,27,42.5,0,80,3400,231,NULL),(1111,11,29.25,0,290,8482.5,231,NULL),(1131,2,40,0,200,8000,233,NULL),(1132,12,41.5,0,160,6640,233,NULL),(1133,11,2.25,0,320,720,233,NULL),(1134,4,21.5,0,240,5160,233,NULL),(1135,1,34.5,0,320,11040,233,NULL),(1136,6,8.75,0,190,1662.5,233,NULL),(1137,27,11,0,70,770,233,NULL),(1138,32,11,0,150,1650,233,NULL),(1139,33,5,0,100,500,233,NULL),(1140,34,81.5,0,170,13855,233,NULL),(1141,12,27.25,0,160,4360,229,NULL),(1142,1,45.5,0,320,14560,229,NULL),(1143,2,10.75,0,200,2150,229,NULL),(1144,4,27.5,0,240,6600,229,NULL),(1145,6,0.5,0,190,95,229,NULL),(1146,29,6.5,0,150,975,229,NULL),(1147,30,2.25,0,150,337.5,229,NULL),(1150,25,7,0,80,560,236,NULL),(1151,25,20,0,80,1600,237,NULL),(1153,25,15,0,96.67,1450,238,NULL),(1154,25,5,0,80,400,239,NULL),(1155,2,4,0,200,800,240,NULL),(1156,12,5,0,160,800,240,NULL),(1157,4,1.5,0,240,360,240,NULL),(1158,1,8.75,0,320,2800,240,NULL),(1163,1,50.5,0,320,16160,241,NULL),(1164,12,5,0,160,800,241,NULL),(1165,2,10,0,200,2000,241,NULL),(1166,4,1,0,240,240,241,NULL),(1167,1,155,0,320,49600,242,NULL),(1168,4,18.5,0,240,4440,242,NULL),(1169,12,5.5,0,160,880,242,NULL),(1170,6,3,0,190,570,242,NULL),(1171,4,25.75,0,240,6180,243,NULL),(1172,2,15.75,0,200,3150,243,NULL),(1173,12,11.5,0,160,1840,243,NULL),(1174,1,23,0,320,7360,243,NULL),(1197,1,43,0,350,15050,234,NULL),(1198,12,11,0,160,1760,234,NULL),(1199,4,96.5,0,270,26055,234,NULL),(1200,6,21,0,190,3990,234,NULL),(1201,40,5.5,0,110,605,234,NULL),(1202,37,30,0,170,5100,234,NULL),(1203,27,50,0,70,3500,234,NULL),(1204,28,15,0,320,4800,234,NULL),(1205,36,14.5,0,150,2175,234,NULL),(1206,39,18.5,0,20,370,234,NULL),(1207,38,24,0,20,480,234,NULL),(1208,42,17,0,40,680,234,NULL),(1209,35,415,0,86,35692,235,NULL),(1217,12,2,0,160,320,226,NULL),(1218,11,5,0,280,1400,226,NULL),(1219,1,202.75,0,320,64880,226,NULL),(1220,4,42.5,0,240,10200,232,NULL),(1221,1,67.75,0,320,21680,232,NULL),(1222,12,10.75,0,160,1720,232,NULL),(1223,12,17,0,160,2720,224,NULL),(1224,4,2,0,240,480,224,NULL),(1225,1,43.25,0,300,12975,244,NULL),(1226,4,40,0,240,9600,244,NULL),(1227,12,17.5,0,160,2800,244,NULL),(1228,1,68.25,0,300,20475,245,NULL),(1229,4,21.75,0,240,5220,245,NULL),(1230,12,24,0,160,3840,245,NULL),(1236,11,1,0,350,350,247,NULL),(1237,12,5,0,160,800,247,NULL),(1238,4,40.5,0,270,10935,247,NULL),(1239,1,64.5,0,350,22575,247,NULL),(1240,1,54.5,0,300,16350,246,NULL),(1241,4,5.5,0,240,1320,246,NULL),(1242,12,16,0,160,2560,246,NULL),(1243,6,14.5,0,190,2755,246,NULL),(1244,43,120,0,180,21600,246,NULL),(1245,4,46,0,270,12420,248,NULL),(1246,1,8,0,350,2800,248,NULL),(1250,1,2.5,0,300,750,249,NULL),(1251,12,2.5,0,160,400,249,NULL),(1252,4,1.75,0,240,420,249,NULL),(1253,4,16.75,0,240,4020,250,NULL),(1254,12,25.5,0,160,4080,250,NULL),(1255,1,8.5,0,300,2550,250,NULL),(1256,1,6,0,300,1800,251,NULL),(1257,4,9,0,240,2160,251,NULL),(1258,2,25.5,0,200,5100,252,NULL),(1259,12,44.5,0,160,7120,252,NULL),(1260,1,8.75,0,300,2625,252,NULL),(1261,4,13.75,0,240,3300,252,NULL),(1262,25,20,0,100,2000,253,NULL),(1263,25,6,0,95,570,254,NULL),(1264,1,6.5,0,300,1950,255,NULL),(1265,12,2,0,160,320,255,NULL),(1266,4,3.5,0,240,840,255,NULL),(1267,1,15.75,0,350,5512.5,256,NULL),(1268,12,6.5,0,160,1040,256,NULL),(1269,4,1.25,0,270,337.5,256,NULL),(1270,4,25,0,240,6000,257,NULL),(1271,12,31.75,0,160,5080,257,NULL),(1272,1,0.75,0,300,225,257,NULL),(1273,6,40.5,0,190,7695,258,NULL),(1274,12,60.5,0,160,9680,258,NULL),(1275,24,46,0,200,9200,258,NULL),(1276,1,175.5,0,360,63180,258,NULL),(1277,11,14.5,0,360,5220,258,NULL),(1278,4,111.5,0,270,30105,258,NULL),(1285,12,54,0,160,8640,260,NULL),(1286,2,7.5,0,200,1500,260,NULL),(1287,1,1.5,0,300,450,260,NULL),(1288,6,25,0,200,5000,259,NULL),(1289,1,50,0,400,20000,259,NULL),(1290,1,92,0,350,32200,259,NULL),(1291,4,176,0,300,52800,259,NULL),(1292,24,56,0,200,11200,259,NULL),(1293,11,67,0,350,23450,259,NULL),(1294,12,75,0,200,15000,259,NULL),(1295,25,20,0,95,1900,261,NULL),(1296,1,7,0,350,2450,262,NULL),(1297,25,5,0,90,450,263,NULL),(1308,2,9.5,0,200,1900,264,NULL),(1309,1,2.25,0,350,787.5,264,NULL),(1310,4,17,0,270,4590,264,NULL),(1311,12,2.5,0,160,400,264,NULL),(1312,30,2.75,0,150,412.5,264,NULL),(1313,4,15.5,0,240,3720,265,NULL),(1314,1,4.75,0,300,1425,265,NULL),(1358,30,20.5,0,140,2870,270,NULL),(1359,1,1.25,0,350,437.5,271,NULL),(1360,6,1.75,0,190,332.5,271,NULL),(1361,4,7,0,270,1890,271,NULL),(1362,12,3,0,160,480,271,NULL),(1363,2,7,0,200,1400,271,NULL),(1364,4,0.5,0,220,110,272,NULL),(1365,1,1.5,0,320,480,272,NULL),(1366,12,12.5,0,150,1875,272,NULL),(1367,2,38,0,200,7600,272,NULL),(1379,35,183,0,90,16470,266,NULL),(1380,46,60,0,350,21000,266,NULL),(1381,46,11.25,0,500,5625,266,NULL),(1382,47,30,0,360,10800,266,NULL),(1383,40,60,0,90,5400,266,NULL),(1384,48,9.5,0,250,2375,266,NULL),(1385,49,114,0,140,15960,266,NULL),(1386,52,16,0,180,2880,266,NULL),(1387,28,8.5,0,230,1955,266,NULL),(1388,29,20,0,100,2000,266,NULL),(1389,53,11,0,180,1980,266,NULL),(1390,4,91,0,300,27300,268,NULL),(1391,1,72,0,400,28800,268,NULL),(1392,12,22,0,200,4400,268,NULL),(1393,27,60,0,70,4200,268,NULL),(1411,2,2.25,0,200,450,274,NULL),(1412,25,15,0,85.33,1280,275,NULL),(1413,25,8,0,85,680,276,NULL),(1414,45,3,0,220,660,273,NULL),(1415,44,32,0,290,9280,273,NULL),(1416,32,4,0,170,680,273,NULL),(1417,31,7,0,160,1120,273,NULL),(1418,30,3.5,0,150,525,273,NULL),(1419,27,20,0,70,1400,273,NULL),(1420,12,9,0,180,1620,269,NULL),(1421,4,29,0,280,8120,269,NULL),(1422,1,3,0,350,1050,269,NULL),(1423,35,150,0,110,16500,269,NULL),(1424,30,60,0,150,9000,269,NULL),(1425,43,20,0,80,1600,269,NULL),(1426,47,27,0,275,7425,269,NULL),(1427,46,33,0,280,9240,269,NULL),(1428,50,42,0,100,4200,269,NULL),(1429,51,30,0,65,1950,269,NULL),(1430,34,34.5,0,160,5520,267,NULL),(1431,30,7.5,0,150,1125,267,NULL),(1432,2,5.5,0,200,1100,267,NULL),(1433,2,1.5,0,200,300,277,NULL),(1434,12,9,0,150,1350,277,NULL),(1435,4,11.5,0,220,2530,277,NULL),(1436,53,1.75,0,200,350,277,NULL),(1444,2,4.25,0,200,850,279,NULL),(1445,12,2,0,150,300,279,NULL),(1446,4,11.5,0,220,2530,279,NULL),(1447,2,2.5,0,200,500,280,NULL),(1448,2,25,0,200,5000,281,NULL),(1449,4,3,0,220,660,281,NULL),(1450,12,0.75,0,150,112.5,281,NULL),(1451,2,0.95,0,200,190,282,NULL),(1452,34,4,0,150,600,282,NULL),(1453,1,107.5,0,350,37625,278,NULL),(1454,4,103.5,0,270,27945,278,NULL),(1455,12,80,0,170,13600,278,NULL),(1456,6,24,0,190,4560,278,NULL),(1457,11,25.5,0,300,7650,278,NULL),(1458,29,17.5,0,160,2800,278,NULL),(1459,27,6,0,70,420,278,NULL),(1460,24,10,0,190,1900,278,NULL),(1465,35,280,0,115,32200,283,NULL),(1466,35,100,0,110,11000,283,NULL),(1467,53,24,0,180,4320,283,NULL),(1468,45,8,0,250,2000,283,NULL),(1469,54,36,0,120,4320,283,NULL),(1470,46,90,0,280,25200,283,NULL),(1471,26,15,0,200,3000,283,NULL),(1472,30,30,0,150,4500,283,NULL),(1473,50,25,0,110,2750,283,NULL),(1474,29,7.5,0,120,900,283,NULL),(1475,4,29.5,0,220,6490,284,NULL),(1476,12,1.75,0,150,262.5,284,NULL),(1477,1,2.75,0,320,880,284,NULL),(1478,11,3.75,0,300,1125,285,NULL),(1479,4,9.5,0,270,2565,285,NULL),(1480,1,14,0,350,4900,285,NULL),(1481,12,1.5,0,170,255,285,NULL),(1482,6,9,0,190,1710,285,NULL),(1483,27,27,0,70,1890,285,NULL),(1484,27,10.5,0,70,735,285,NULL),(1485,53,5.5,0,180,990,285,NULL),(1486,12,7,0,150,1050,286,NULL),(1487,1,2.25,0,320,720,286,NULL),(1488,2,1.5,0,200,300,286,NULL),(1489,12,1.5,0,150,225,287,NULL),(1490,2,1.5,0,200,300,287,NULL),(1495,2,4,0,200,800,289,NULL),(1496,30,1.5,0,150,225,289,NULL),(1497,25,5,0,85,425,290,NULL),(1498,25,15,0,80,1200,291,NULL),(1499,25,7,0,85,595,292,NULL),(1500,1,86,0,320,27520,288,NULL),(1501,4,40,0,220,8800,288,NULL),(1502,2,18.5,0,200,3700,288,NULL),(1503,12,14.5,0,150,2175,288,NULL),(1504,43,3,0,190,570,288,NULL),(1505,2,2.25,0,200,450,293,NULL),(1506,12,5.25,0,150,787.5,293,NULL),(1507,34,7,0,150,1050,293,NULL),(1514,4,0.75,0,220,165,296,NULL),(1515,12,1.5,0,150,225,296,NULL),(1516,6,0.5,0,150,75,296,NULL),(1517,2,12.5,0,200,2500,297,NULL),(1518,12,1.5,0,150,225,297,NULL),(1519,34,24,0,150,3600,297,NULL),(1520,34,4,0,150,600,298,NULL),(1521,2,15,0,200,3000,299,NULL),(1522,12,3.5,0,150,525,299,NULL),(1523,25,10,0,85,850,300,NULL),(1528,2,4.5,0,200,900,295,NULL),(1529,55,6.25,0,140,875,295,NULL),(1532,2,9.5,0,200,1900,302,NULL),(1533,2,1.5,0,200,300,301,NULL),(1534,4,20,0,250,5000,301,NULL),(1535,4,32.5,0,220,7150,294,NULL),(1536,1,4.25,0,320,1360,294,NULL),(1537,12,2,0,150,300,294,NULL),(1538,47,22.25,0,280,6230,294,NULL),(1539,30,22.25,0,150,3337.5,294,NULL),(1540,1,5.75,0,320,1840,303,NULL),(1541,12,1.25,0,150,187.5,303,NULL),(1542,4,10,0,220,2200,303,NULL),(1543,46,33,0,350,11550,303,NULL),(1544,12,1.5,0,150,225,304,NULL),(1545,2,21,0,200,4200,304,NULL),(1546,30,1.75,0,150,262.5,304,NULL),(1553,1,27,0,350,9450,307,NULL),(1554,4,41.5,0,270,11205,307,NULL),(1555,12,34.5,0,170,5865,307,NULL),(1556,24,16,0,190,3040,307,NULL),(1557,6,13,0,190,2470,307,NULL),(1558,11,5,0,300,1500,307,NULL),(1559,27,42.5,0,70,2975,307,NULL),(1562,2,19.25,0,200,3850,309,NULL),(1563,12,10,0,150,1500,310,NULL),(1564,2,24,0,200,4800,310,NULL),(1565,1,0.5,0,320,160,310,NULL),(1566,25,10,0,85,850,311,NULL),(1567,25,15,0,85,1275,311,NULL),(1575,4,3.5,0,300,1050,306,NULL),(1576,1,58,0,400,23200,306,NULL),(1577,6,22,0,210,4620,306,NULL),(1578,12,10.5,0,170,1785,306,NULL),(1579,27,7.5,0,70,525,306,NULL),(1580,28,5,0,300,1500,306,NULL),(1581,45,3.5,0,250,875,306,NULL),(1582,56,8.75,0,350,3062.5,306,NULL),(1583,35,380,0,123,46740,308,NULL),(1584,40,60,0,125,7500,308,NULL),(1586,4,68,0,250,17000,312,NULL),(1587,2,14.5,0,200,2900,312,NULL),(1588,55,5,0,140,700,312,NULL),(1589,30,4,0,150,600,312,NULL),(1590,25,20,0,85,1700,313,NULL),(1595,2,9,0,200,1800,315,NULL),(1596,4,1,0,220,220,316,NULL),(1597,12,0.5,0,150,75,316,NULL),(1598,2,39.25,0,200,7850,316,NULL),(1599,2,1.75,0,200,350,317,NULL),(1600,6,46.75,0,150,7012.5,317,NULL),(1601,1,1.25,0,320,400,317,NULL),(1602,30,0.5,0,150,75,318,NULL),(1603,4,36,0,250,9000,318,NULL),(1604,12,15.75,0,150,2362.5,318,NULL),(1605,2,12.7,0,200,2540,318,NULL),(1606,1,4.5,0,320,1440,318,NULL),(1607,2,11,0,200,2200,319,NULL),(1608,4,78.25,0,250,19562.5,320,NULL),(1609,1,0.5,0,320,160,320,NULL),(1610,12,1,0,150,150,321,NULL),(1611,2,4.25,0,200,850,321,NULL),(1612,4,7.75,0,220,1705,321,NULL),(1613,30,2,0,150,300,321,NULL),(1614,4,13.25,0,220,2915,314,NULL),(1615,12,3.5,0,150,525,314,NULL),(1616,2,4.75,0,200,950,314,NULL),(1617,43,67,0,175,11725,314,NULL),(1618,46,9,0,350,3150,314,NULL),(1619,58,8.8,0,640,5632,322,NULL),(1622,12,3,0,150,450,324,NULL),(1623,2,15,0,200,3000,324,NULL),(1624,30,2.5,0,150,375,324,NULL),(1625,12,3.75,0,150,562.5,325,NULL),(1626,2,2.75,0,200,550,325,NULL),(1627,57,100,0,170,17000,325,NULL),(1628,2,17.75,0,200,3550,326,NULL),(1630,4,57,0,270,15390,328,NULL),(1631,1,36.75,0,350,12862.5,328,NULL),(1632,24,43.5,0,190,8265,328,NULL),(1633,6,36.5,0,190,6935,328,NULL),(1634,11,10.5,0,300,3150,328,NULL),(1635,12,21.5,0,170,3655,328,NULL),(1639,6,8,0,180,1440,330,NULL),(1640,12,5.5,0,150,825,330,NULL),(1641,2,13,0,200,2600,330,NULL),(1642,4,1,0,220,220,330,NULL),(1643,22,200,0,150,30000,305,NULL),(1644,46,33.3,0,350,11655,323,NULL),(1645,46,61.5,0,350,21525,323,NULL),(1646,35,632,0,100,63200,323,NULL),(1647,22,1154,0,165,190410,331,NULL),(1648,6,57,0,170,9690,329,NULL),(1649,1,281.5,0,380,106970,329,NULL),(1650,4,60.75,0,290,17617.5,329,NULL),(1653,25,26,0,85,2210,333,NULL),(1654,2,11,0,200,2200,332,NULL),(1655,11,4.75,0,280,1330,332,NULL),(1668,2,5.5,0,200,1100,334,NULL),(1669,6,9.25,0,185,1711.25,334,NULL),(1670,1,39,0,370,14430,334,NULL),(1671,4,62.5,0,255,15937.5,334,NULL),(1672,12,15,0,170,2550,334,NULL),(1673,30,5.5,0,150,825,334,NULL),(1678,2,39,0,200,7800,335,NULL),(1679,11,1.5,0,280,420,335,NULL),(1680,1,1.25,0,320,400,335,NULL),(1681,30,29.5,0,170,5015,335,NULL),(1682,2,10,0,200,2000,336,NULL),(1683,11,0.5,0,280,140,336,NULL),(1684,30,9,0,170,1530,336,NULL),(1685,6,2.25,0,150,337.5,337,NULL),(1686,4,8,0,220,1760,337,NULL),(1687,1,2,0,320,640,337,NULL),(1688,12,10.5,0,170,1785,338,NULL),(1689,4,103.75,0,260,26975,338,NULL),(1690,1,1.5,0,370,555,338,NULL),(1691,2,3,0,200,600,338,NULL),(1692,30,1.75,0,150,262.5,338,NULL),(1693,4,4.75,0,220,1045,339,NULL),(1694,2,15.5,0,200,3100,339,NULL),(1695,12,6.75,0,150,1012.5,339,NULL),(1696,53,0.5,0,180,90,339,NULL),(1697,34,7.25,0,150,1087.5,339,NULL),(1698,2,11.5,0,200,2300,340,NULL),(1699,34,5.75,0,150,862.5,340,NULL),(1700,6,16,0,150,2400,341,NULL),(1701,4,39,0,220,8580,341,NULL),(1702,12,3.75,0,150,562.5,341,NULL),(1703,1,3.25,0,320,1040,341,NULL),(1704,12,1,0,150,150,342,NULL),(1705,2,11.5,0,200,2300,342,NULL),(1706,4,1.5,0,220,330,342,NULL),(1707,12,89,0,170,15130,343,NULL),(1708,4,145.5,0,270,39285,343,NULL),(1709,1,274.75,0,350,96162.5,343,NULL),(1710,11,23.25,0,300,6975,343,NULL),(1711,24,14.25,0,190,2707.5,343,NULL),(1712,6,4.75,0,190,902.5,343,NULL),(1713,27,53.5,0,70,3745,343,NULL),(1714,2,8.5,0,200,1700,344,NULL),(1715,2,1.5,0,200,300,345,NULL),(1719,2,8,0,200,1600,347,NULL),(1720,6,26.5,0,150,3975,348,NULL),(1721,2,9.5,0,200,1900,348,NULL),(1722,4,2,0,220,440,348,NULL),(1723,11,6,0,280,1680,348,NULL),(1724,12,2,0,150,300,348,NULL),(1725,2,9.25,0,200,1850,349,NULL),(1726,6,10.75,0,150,1612.5,349,NULL),(1727,4,3.75,0,220,825,349,NULL),(1728,12,1,0,150,150,349,NULL),(1729,4,1.5,0,220,330,350,NULL),(1730,12,9.5,0,150,1425,350,NULL),(1731,1,2.5,0,320,800,350,NULL),(1732,2,4,0,200,800,350,NULL),(1733,30,3.5,0,150,525,350,NULL),(1734,34,4.5,0,150,675,350,NULL),(1735,53,0.5,0,180,90,350,NULL),(1736,25,25,0,85.2,2130,351,NULL),(1737,25,25,0,85,2125,352,NULL),(1742,25,13,0,84.62,1100,354,NULL),(1743,25,10,0,85,850,355,NULL),(1744,4,139.25,0,255,35508.75,356,NULL),(1745,12,25.75,0,170,4377.5,356,NULL),(1746,1,7,0,360,2520,356,NULL),(1747,11,2.5,0,360,900,356,NULL),(1748,2,2.25,0,200,450,356,NULL),(1749,30,0.75,0,150,112.5,356,NULL),(1750,2,7.25,0,200,1450,357,NULL),(1761,4,48.25,0,250,12062.5,358,NULL),(1762,12,38.75,0,170,6587.5,358,NULL),(1763,1,12.25,0,350,4287.5,358,NULL),(1764,24,20.5,0,190,3895,358,NULL),(1765,11,10,0,300,3000,358,NULL),(1766,6,2,0,190,380,358,NULL),(1767,53,1,0,180,180,358,NULL),(1768,4,124.75,0,280,34930,346,NULL),(1769,12,52,0,160,8320,346,NULL),(1770,1,124.5,0,370,46065,346,NULL),(1771,1,121,0,380,45980,359,NULL),(1772,12,8.5,0,160,1360,359,NULL),(1773,11,1.5,0,300,450,359,NULL),(1774,4,46.5,0,270,12555,359,NULL),(1775,2,10.75,0,200,2150,360,NULL),(1776,4,297.75,0,255,75926.25,361,NULL),(1777,12,58.75,0,170,9987.5,361,NULL),(1778,1,36.25,0,360,13050,361,NULL),(1779,2,5,0,200,1000,361,NULL),(1780,30,4.5,0,150,675,361,NULL),(1781,4,44.5,0,220,9790,362,NULL),(1782,12,5.25,0,150,787.5,362,NULL),(1783,11,3.5,0,300,1050,362,NULL),(1784,1,9,0,320,2880,362,NULL),(1785,1,91.25,0,360,32850,353,NULL),(1786,12,6.25,0,150,937.5,353,NULL),(1787,4,171,0,220,37620,353,NULL),(1788,6,7.25,0,150,1087.5,353,NULL),(1789,1,8,0,320,2560,363,NULL),(1790,12,3.5,0,150,525,363,NULL),(1791,4,25,0,220,5500,363,NULL),(1792,2,5.75,0,200,1150,363,NULL),(1793,2,13,0,200,2600,364,NULL),(1794,30,7.5,0,170,1275,364,NULL),(1795,12,3,0,150,450,365,NULL),(1796,2,7.5,0,200,1500,365,NULL),(1797,4,0.75,0,220,165,365,NULL),(1798,1,1,0,320,320,365,NULL),(1799,30,13.5,0,150,2025,365,NULL),(1800,2,3.5,0,200,700,366,NULL),(1801,2,5.5,0,200,1100,367,NULL),(1802,4,3.75,0,220,825,367,NULL),(1803,1,1.25,0,320,400,367,NULL),(1804,12,1,0,150,150,367,NULL),(1805,2,26.5,0,200,5300,367,NULL),(1806,4,80,0,250,20000,368,NULL),(1807,1,67.5,0,350,23625,368,NULL),(1808,12,12.25,0,170,2082.5,368,NULL),(1809,11,4.75,0,300,1425,368,NULL),(1810,24,19,0,190,3610,368,NULL),(1811,6,1.75,0,190,332.5,368,NULL),(1812,53,1.75,0,180,315,368,NULL),(1813,4,156.5,0,270,42255,369,NULL),(1814,1,173,0,380,65740,369,NULL),(1815,12,31,0,160,4960,369,NULL),(1816,2,3.25,0,200,650,369,NULL),(1817,25,15,0,84.67,1270,370,NULL),(1818,4,103.5,0,255,26392.5,371,NULL),(1819,2,4.75,0,200,950,371,NULL),(1820,1,24.5,0,360,8820,371,NULL),(1821,12,18,0,170,3060,371,NULL),(1822,30,5,0,150,750,371,NULL),(1828,4,3.5,0,220,770,372,NULL),(1829,12,2.75,0,150,412.5,372,NULL),(1830,1,1,0,320,320,372,NULL),(1831,30,6,0,150,900,372,NULL),(1832,27,4,0,70,280,372,NULL),(1836,2,15.75,0,200,3150,373,NULL),(1837,11,9.75,0,280,2730,373,NULL),(1838,30,2,0,170,340,373,NULL),(1839,2,17,0,200,3400,374,NULL),(1840,12,11,0,150,1650,374,NULL),(1841,2,22.5,0,200,4500,375,NULL),(1842,12,3.75,0,150,562.5,375,NULL),(1843,4,4,0,220,880,375,NULL),(1844,1,2,0,320,640,375,NULL),(1859,4,67.25,0,255,17148.75,377,NULL),(1860,1,19.5,0,360,7020,377,NULL),(1861,12,27.5,0,170,4675,377,NULL),(1862,2,3.5,0,200,700,378,NULL),(1870,4,98.5,0,270,26595,376,NULL),(1871,12,14,0,160,2240,376,NULL),(1872,2,2.5,0,200,500,376,NULL),(1873,1,24,0,380,9120,376,NULL),(1874,25,20,0,85,1700,380,NULL),(1875,25,10,0,85,850,381,NULL),(1880,4,132.5,0,250,33125,379,NULL),(1881,1,133.5,0,350,46725,379,NULL),(1882,24,51.5,0,190,9785,379,NULL),(1883,12,56,0,170,9520,379,NULL),(1884,6,5,0,190,950,379,NULL),(1885,11,12.25,0,300,3675,379,NULL),(1886,27,1.5,0,70,105,379,NULL),(1887,16,552,0,145,80040,382,NULL),(1890,1,22.5,0,360,8100,383,NULL),(1891,4,24,0,255,6120,383,NULL),(1892,12,3,0,170,510,383,NULL),(1893,2,16,0,200,3200,384,NULL),(1894,30,10.5,0,170,1785,384,NULL),(1895,2,7.25,0,200,1450,385,NULL),(1896,12,16.25,0,150,2437.5,385,NULL),(1897,1,6,0,320,1920,385,NULL),(1898,4,15.5,0,220,3410,385,NULL),(1899,34,6.75,0,150,1012.5,385,NULL),(1900,4,9,0,220,1980,386,NULL),(1901,4,25.5,0,255,6502.5,387,NULL),(1902,1,23.5,0,360,8460,387,NULL),(1903,4,1.5,0,220,330,388,NULL),(1904,1,22.25,0,320,7120,388,NULL),(1905,2,3.5,0,200,700,388,NULL),(1906,12,21,0,150,3150,388,NULL),(1907,25,8,0,85,680,389,NULL),(1908,4,83.5,0,255,21292.5,390,NULL),(1909,1,70.5,0,360,25380,390,NULL),(1910,2,6.5,0,200,1300,391,NULL),(1911,4,2.25,0,220,495,391,NULL),(1912,12,6.5,0,150,975,391,NULL),(1913,4,95,0,270,25650,392,NULL),(1914,12,16.5,0,160,2640,392,NULL),(1915,1,35,0,380,13300,392,NULL),(1916,2,1.5,0,200,300,392,NULL),(1917,1,7.5,0,320,2400,393,NULL),(1918,4,9.5,0,220,2090,393,NULL),(1919,12,1,0,150,150,393,NULL),(1920,2,5.5,0,200,1100,394,NULL),(1921,1,20.75,0,320,6640,394,NULL),(1922,12,1.25,0,150,187.5,394,NULL),(1923,4,1,0,220,220,395,NULL),(1924,1,5,0,320,1600,395,NULL),(1925,2,13.5,0,200,2700,395,NULL),(1926,30,1.25,0,170,212.5,395,NULL),(1927,4,58.75,0,255,14981.25,396,NULL),(1928,1,56.5,0,360,20340,396,NULL),(1929,12,7.25,0,170,1232.5,396,NULL),(1930,1,8,0,320,2560,397,NULL),(1931,25,10,0,100,1000,398,NULL),(1935,2,1,0,200,200,399,NULL),(1936,12,3.75,0,150,562.5,399,NULL),(1937,4,18.25,0,220,4015,399,NULL),(1939,59,72,0,37.74,2717,400,NULL),(1943,1,30.5,0,300,9150,401,NULL),(1944,4,65,0,220,14300,401,NULL),(1945,12,2.5,0,150,375,401,NULL),(1946,1,197,0,350,68950,402,NULL),(1947,4,102.25,0,250,25562.5,402,NULL),(1948,12,104.25,0,170,17722.5,402,NULL),(1949,6,20.5,0,190,3895,402,NULL),(1950,11,2.25,0,300,675,402,NULL),(1951,24,103,0,190,19570,402,NULL),(1952,12,5.5,0,150,825,403,NULL),(1953,4,16.5,0,220,3630,403,NULL),(1954,1,13.5,0,300,4050,404,NULL),(1955,4,3,0,220,660,404,NULL),(1959,1,5,0,300,1500,405,NULL),(1960,4,8,0,220,1760,405,NULL),(1961,12,1.5,0,150,225,405,NULL),(1962,27,10.75,0,70,752.5,405,NULL),(1964,25,10,0,85,850,406,NULL),(1966,25,8,0,85,680,408,NULL),(1967,25,10,0,85,850,407,NULL),(1968,25,10,0,85,850,409,NULL),(1970,4,8.25,0,220,1815,410,NULL),(1971,1,1,0,320,320,410,NULL),(1976,12,1,0,150,150,412,NULL),(1977,4,3.5,0,220,770,412,NULL),(1978,1,0.5,0,300,150,412,NULL),(1979,27,13.5,0,70,945,412,NULL),(1983,1,0.75,0,300,225,414,NULL),(1984,4,11,0,220,2420,414,NULL),(1985,1,40.75,0,300,12225,415,NULL),(1986,4,13.5,0,220,2970,415,NULL),(1987,12,15,0,150,2250,415,NULL),(1988,2,1,0,200,200,415,NULL),(1995,12,2.5,0,150,375,418,NULL),(1996,2,0.5,0,200,100,418,NULL),(1997,27,1,0,70,70,418,NULL),(1998,34,6.5,0,150,975,419,NULL),(1999,47,1,0,600,600,419,NULL),(2000,12,0.4,0,150,60,419,NULL),(2001,4,6.25,0,180,1125,420,NULL),(2002,4,77,0,180,13860,421,NULL),(2003,1,13,0,250,3250,421,NULL),(2004,12,18,0,150,2700,421,NULL),(2005,2,15.75,0,200,3150,421,NULL),(2006,30,2,0,170,340,421,NULL),(2007,4,108.25,0,200,21650,422,NULL),(2008,1,14.5,0,260,3770,422,NULL),(2009,2,0.75,0,200,150,422,NULL),(2012,4,2,0,180,360,424,NULL),(2013,1,2,0,250,500,424,NULL),(2014,27,1.5,0,70,105,424,NULL),(2015,29,37,0,120,4440,424,NULL),(2016,1,46.5,0,250,11625,425,NULL),(2017,4,9.75,0,180,1755,425,NULL),(2018,4,22.5,0,180,4050,426,NULL),(2019,2,8,0,200,1600,426,NULL),(2020,12,9.5,0,150,1425,426,NULL),(2021,6,1.5,0,160,240,426,NULL),(2022,30,6,0,150,900,426,NULL),(2029,1,4.5,0,250,1125,428,NULL),(2030,4,251.5,0,180,45270,428,NULL),(2031,12,28,0,150,4200,428,NULL),(2034,1,87,0,300,26100,427,NULL),(2035,1,19.75,0,250,4937.5,427,NULL),(2036,4,68,0,230,15640,427,NULL),(2037,4,29.5,0,180,5310,427,NULL),(2038,12,74,0,150,11100,427,NULL),(2039,24,16.25,0,180,2925,427,NULL),(2040,11,6.5,0,200,1300,427,NULL),(2041,6,5,0,160,800,427,NULL),(2043,25,8,0,85,680,431,NULL),(2044,25,15,0,85,1275,432,NULL),(2047,4,69.75,0,180,12555,433,NULL),(2048,1,20.5,0,250,5125,433,NULL),(2049,2,1,0,200,200,433,NULL),(2050,4,9.5,0,180,1710,434,NULL),(2051,12,1.5,0,150,225,434,NULL),(2052,1,1,0,250,250,434,NULL),(2053,53,1.5,0,180,270,434,NULL),(2059,12,2.5,0,150,375,436,NULL),(2060,2,1.5,0,200,300,436,NULL),(2061,1,1.75,0,250,437.5,436,NULL),(2062,4,14,0,180,2520,437,NULL),(2063,1,0.4,0,250,100,437,NULL),(2067,4,39.5,0,180,7110,439,NULL),(2068,1,3,0,250,750,439,NULL),(2069,11,0.5,0,200,100,439,NULL),(2070,4,1,0,180,180,440,NULL),(2071,12,0.5,0,150,75,440,NULL),(2072,2,6,0,200,1200,441,NULL),(2073,1,1.75,0,250,437.5,441,NULL),(2074,4,2.25,0,180,405,441,NULL),(2075,12,9.5,0,150,1425,441,NULL),(2076,30,4.75,0,150,712.5,441,NULL),(2077,4,92.75,0,180,16695,442,NULL),(2078,11,16,0,200,3200,442,NULL),(2079,1,70.25,0,250,17562.5,442,NULL),(2080,24,29,0,170,4930,442,NULL),(2081,12,53.75,0,150,8062.5,442,NULL),(2082,6,17,0,160,2720,442,NULL),(2083,11,2.5,0,200,500,443,NULL),(2084,2,3.25,0,200,650,443,NULL),(2086,53,6.5,0,180,1170,445,NULL),(2087,2,1.25,0,200,250,445,NULL),(2088,4,1.5,0,180,270,446,NULL),(2089,1,4,0,250,1000,446,NULL),(2090,4,87.25,0,180,15705,447,NULL),(2091,12,27.5,0,150,4125,447,NULL),(2092,1,2.25,0,250,562.5,447,NULL),(2094,4,17.5,0,180,3150,449,NULL),(2095,28,21.5,0,200,4300,450,NULL),(2096,2,3.75,0,200,750,451,NULL),(2097,1,24,0,250,6000,452,NULL),(2098,6,6.5,0,160,1040,452,NULL),(2099,12,29,0,150,4350,452,NULL),(2100,4,65.5,0,180,11790,452,NULL),(2101,11,1,0,200,200,452,NULL),(2102,4,1,0,180,180,453,NULL),(2103,2,0.5,0,200,100,453,NULL),(2104,25,10,0,85,850,454,NULL),(2105,25,6,0,85,510,455,NULL),(2106,25,20,0,85,1700,456,NULL),(2107,25,8,0,85,680,457,NULL),(2109,4,30.75,0,180,5535,459,NULL),(2110,1,25.75,0,250,6437.5,459,NULL),(2111,12,22.25,0,150,3337.5,459,NULL),(2112,11,3,0,250,750,459,NULL),(2114,12,4,0,150,600,461,NULL),(2115,2,0.5,0,200,100,461,NULL),(2116,30,5,0,150,750,461,NULL),(2119,4,18.5,0,180,3330,463,NULL),(2120,4,19.5,0,180,3510,464,NULL),(2121,1,1.25,0,250,312.5,464,NULL),(2122,11,4.5,0,200,900,465,NULL),(2124,4,3,0,180,540,467,NULL),(2125,12,3,0,150,450,468,NULL),(2126,4,2,0,180,360,468,NULL),(2127,2,4.5,0,200,900,468,NULL),(2128,30,0.5,0,150,75,468,NULL),(2129,12,12.75,0,150,1912.5,469,NULL),(2130,11,2.5,0,200,500,469,NULL),(2134,19,159.4,0,146,23272.4,473,NULL),(2135,18,117.5,0,159,18682.5,473,NULL),(2136,6,8.5,0,180,1530,474,NULL),(2137,4,36.5,0,200,7300,474,NULL),(2138,24,15.75,0,170,2677.5,474,NULL),(2139,12,42.5,0,150,6375,474,NULL),(2140,11,18,0,200,3600,474,NULL),(2141,1,37,0,300,11100,474,NULL),(2142,27,4.5,0,70,315,474,NULL),(2143,2,8.5,0,200,1700,475,NULL),(2144,1,13.5,0,300,4050,476,NULL),(2145,6,29.5,0,180,5310,476,NULL),(2146,4,57.5,0,200,11500,476,NULL),(2147,12,20.5,0,150,3075,476,NULL),(2148,25,8,0,85,680,477,NULL),(2150,25,15,0,85,1275,478,NULL),(2153,1,296,0,126.35,37400,480,NULL),(2154,4,19.75,0,220,4345,411,NULL),(2155,1,24,0,300,7200,411,NULL),(2156,2,5,0,250,1250,411,NULL),(2157,12,14,0,150,2100,411,NULL),(2158,4,36.25,0,220,7975,413,NULL),(2159,1,11.5,0,300,3450,413,NULL),(2160,12,6.5,0,150,975,413,NULL),(2161,4,88.25,0,220,19415,416,NULL),(2162,1,139.75,0,300,41925,416,NULL),(2163,12,3.5,0,150,525,416,NULL),(2164,4,30.25,0,180,5445,417,NULL),(2165,1,5.25,0,250,1312.5,417,NULL),(2166,12,7,0,150,1050,417,NULL),(2167,1,19,0,250,4750,423,NULL),(2168,4,3,0,180,540,423,NULL),(2169,1,15.75,0,250,3937.5,429,NULL),(2170,4,2,0,180,360,429,NULL),(2171,4,3.25,0,180,585,435,NULL),(2172,12,1.75,0,150,262.5,435,NULL),(2173,2,1.5,0,250,375,435,NULL),(2174,1,11.75,0,250,2937.5,435,NULL),(2175,2,3,0,200,600,435,NULL),(2176,4,55.25,0,180,9945,438,NULL),(2177,12,18,0,150,2700,438,NULL),(2178,1,37.25,0,250,9312.5,438,NULL),(2179,2,4,0,250,1000,444,NULL),(2180,1,8,0,250,2000,448,NULL),(2181,1,12.5,0,250,3125,458,NULL),(2182,2,6.5,0,250,1625,460,NULL),(2183,1,3.25,0,250,812.5,462,NULL),(2184,4,4.25,0,180,765,462,NULL),(2186,2,5,0,250,1250,466,NULL),(2187,2,7.5,0,250,1875,470,NULL),(2188,2,4,0,250,1000,471,NULL),(2189,2,8.5,0,250,2125,472,NULL),(2190,12,1.5,0,150,225,481,NULL),(2191,4,1,0,180,180,481,NULL),(2192,2,1.25,0,200,250,481,NULL),(2193,2,4.75,0,200,950,482,NULL),(2194,4,72,0,180,12960,483,NULL),(2195,12,25,0,150,3750,483,NULL),(2196,1,36.75,0,250,9187.5,483,NULL),(2197,2,1.5,0,250,375,483,NULL),(2198,11,1.5,0,250,375,483,NULL),(2202,12,19,0,150,2850,485,NULL),(2203,4,4.5,0,180,810,485,NULL),(2204,1,44.5,0,220,9790,486,NULL),(2205,4,1,0,200,200,486,NULL),(2206,12,26.75,0,150,4012.5,487,NULL),(2207,4,17.5,0,220,3850,487,NULL),(2208,1,7.5,0,300,2250,487,NULL),(2209,2,0.75,0,250,187.5,487,NULL),(2210,2,1.75,0,250,437.5,488,NULL),(2223,4,225,0,220,49500,489,NULL),(2224,12,128,0,150,19200,489,NULL),(2225,1,373,0,300,111900,489,NULL),(2226,24,34.5,0,190,6555,489,NULL),(2227,6,39.5,0,200,7900,489,NULL),(2228,11,12,0,200,2400,489,NULL),(2233,1,12,0,300,3600,491,NULL),(2234,4,11,0,200,2200,491,NULL),(2235,1,12,0,300,3600,492,NULL),(2236,4,11,0,220,2420,492,NULL),(2237,1,23.5,0,300,7050,493,NULL),(2238,4,1,0,220,220,493,NULL),(2239,2,1.25,0,250,312.5,493,NULL),(2240,12,34.5,0,150,5175,484,NULL),(2241,4,78.5,0,200,15700,484,NULL),(2242,1,50.25,0,300,15075,484,NULL),(2243,4,3.75,0,200,750,490,NULL),(2244,12,1.25,0,150,187.5,490,NULL),(2245,1,5.75,0,300,1725,490,NULL),(2246,6,37.5,0,200,7500,490,NULL),(2247,12,7,0,150,1050,494,NULL),(2248,1,1.25,0,300,375,494,NULL),(2249,41,1,0,180,180,494,NULL),(2250,12,9.5,0,150,1425,495,NULL),(2251,1,0.5,0,300,150,495,NULL),(2252,11,1,0,250,250,495,NULL),(2253,12,10.5,0,150,1575,496,NULL),(2254,1,2.5,0,300,750,496,NULL),(2255,4,0.5,0,220,110,496,NULL),(2256,11,3.5,0,250,875,496,NULL),(2257,25,5,0,80,400,497,NULL),(2258,25,7,0,80,560,498,NULL),(2259,4,89.25,0,250,22312.5,499,NULL),(2260,1,18,0,350,6300,499,NULL),(2261,6,8,0,220,1760,499,NULL),(2262,12,18.75,0,200,3750,499,NULL),(2263,6,5,0,160,800,500,NULL),(2264,4,0.4,0,180,72,500,NULL),(2265,12,0.5,0,150,75,500,NULL),(2266,1,9.25,0,300,2775,501,NULL),(2267,4,3.5,0,220,770,501,NULL),(2268,4,32.5,0,180,5850,502,NULL),(2269,12,7.5,0,150,1125,502,NULL),(2270,11,1.75,0,250,437.5,502,NULL),(2271,12,11.25,0,150,1687.5,503,NULL),(2272,12,13,0,200,2600,504,NULL),(2273,6,4,0,220,880,504,NULL),(2274,1,10,0,350,3500,504,NULL),(2275,4,16,0,250,4000,504,NULL),(2276,12,19.5,0,150,2925,505,NULL),(2277,4,6.5,0,220,1430,505,NULL),(2278,2,3.4,0,300,1020,506,NULL),(2279,1,5.5,0,350,1925,507,NULL),(2280,4,22,0,250,5500,507,NULL),(2281,12,0.5,0,200,100,508,NULL),(2282,4,5,0,250,1250,508,NULL),(2283,1,7.75,0,350,2712.5,508,NULL),(2284,2,3.9,0,300,1170,508,NULL),(2285,4,110,0,200,22000,509,NULL),(2286,1,50,0,300,15000,509,NULL),(2287,12,40,0,150,6000,509,NULL),(2288,6,28,0,180,5040,509,NULL),(2289,24,10,0,190,1900,509,NULL),(2290,11,13,0,200,2600,509,NULL),(2291,4,140.5,0,250,35125,510,NULL),(2292,1,78.5,0,350,27475,510,NULL),(2293,12,46.5,0,200,9300,510,NULL),(2294,24,10,0,190,1900,510,NULL),(2295,12,7.5,0,150,1125,511,NULL),(2296,6,28.5,0,220,6270,512,NULL),(2297,4,40,0,250,10000,512,NULL),(2298,1,31.75,0,350,11112.5,512,NULL),(2299,12,25.75,0,200,5150,512,NULL),(2300,12,18,0,150,2700,513,NULL),(2301,1,2,0,300,600,513,NULL),(2307,12,4.5,0,150,675,514,NULL),(2308,11,0.75,0,250,187.5,514,NULL),(2309,12,11.5,0,150,1725,515,NULL),(2310,4,9.5,0,200,1900,516,NULL),(2311,12,19.5,0,150,2925,516,NULL),(2312,1,0.75,0,300,225,516,NULL),(2313,2,3.75,0,250,937.5,516,NULL),(2314,11,3,0,250,750,516,NULL),(2315,4,33,0,250,8250,517,NULL),(2316,1,4.25,0,350,1487.5,517,NULL),(2317,11,1,0,250,250,517,NULL),(2318,12,8.5,0,200,1700,517,NULL),(2319,2,1,0,300,300,517,NULL),(2320,4,39,0,250,9750,518,NULL),(2321,1,11,0,350,3850,518,NULL),(2322,12,8.5,0,200,1700,518,NULL),(2323,6,13,0,220,2860,518,NULL),(2324,2,1,0,300,300,518,NULL),(2325,1,6,0,350,2100,519,NULL),(2326,2,4,0,300,1200,519,NULL),(2327,4,2.5,0,250,625,519,NULL),(2328,4,71.5,0,250,17875,520,NULL),(2329,1,30,0,350,10500,520,NULL),(2330,6,25.5,0,220,5610,520,NULL),(2331,12,19,0,200,3800,520,NULL),(2332,4,1,0,250,250,521,NULL),(2333,1,3.5,0,350,1225,521,NULL),(2334,2,9.5,0,300,2850,521,NULL),(2339,12,2,0,150,300,522,NULL),(2340,2,0.5,0,250,125,522,NULL),(2341,4,11,0,220,2420,522,NULL),(2342,1,3.25,0,300,975,522,NULL),(2343,34,0.75,0,160,120,522,NULL),(2344,4,37,0,200,7400,523,NULL),(2345,1,15,0,300,4500,523,NULL),(2346,6,15,0,200,3000,523,NULL),(2347,12,17,0,180,3060,523,NULL),(2348,12,1,0,150,150,524,NULL),(2349,2,2.5,0,250,625,524,NULL),(2350,4,1.25,0,220,275,524,NULL),(2351,34,0.75,0,160,120,524,NULL),(2352,4,23,0,200,4600,525,NULL),(2353,12,2.75,0,180,495,525,NULL),(2354,2,8.75,0,300,2625,526,NULL),(2355,1,4,0,300,1200,526,NULL),(2356,12,10.75,0,180,1935,526,NULL),(2357,4,14.5,0,200,2900,526,NULL),(2358,1,1,0,250,250,527,NULL),(2359,12,27.5,0,150,4125,527,NULL),(2360,4,14,0,180,2520,527,NULL),(2361,2,7.25,0,250,1812.5,528,NULL),(2362,12,1.5,0,150,225,528,NULL),(2363,1,2.5,0,300,750,528,NULL),(2370,2,3.5,0,300,1050,530,NULL),(2371,12,0.5,0,180,90,530,NULL),(2372,4,0.75,0,200,150,530,NULL),(2373,1,0.5,0,300,150,530,NULL),(2374,4,3.5,0,220,770,531,NULL),(2375,1,1.75,0,300,525,531,NULL),(2376,12,5,0,150,750,531,NULL),(2377,4,107.25,0,200,21450,532,NULL),(2378,1,49.25,0,300,14775,532,NULL),(2379,6,7,0,200,1400,532,NULL),(2380,2,30,0,300,9000,533,NULL),(2381,12,5,0,180,900,533,NULL),(2382,11,1,0,250,250,533,NULL),(2392,4,9,0,200,1800,535,NULL),(2393,1,1.5,0,300,450,535,NULL),(2394,2,3.5,0,300,1050,536,NULL),(2395,4,14.5,0,200,2900,537,NULL),(2396,11,2.75,0,250,687.5,537,NULL),(2397,12,25.5,0,150,3825,537,NULL),(2398,2,1,0,250,250,537,NULL),(2400,25,6,0,80,480,538,NULL),(2401,25,12,0,85,1020,539,NULL),(2402,25,6,0,80,480,540,NULL),(2403,25,7,0,80,560,541,NULL),(2404,25,20,0,85,1700,542,NULL),(2405,25,20,0,85,1700,543,NULL),(2406,25,6,0,85,510,544,NULL),(2407,4,24.5,0,200,4900,545,NULL),(2408,6,1,0,200,200,545,NULL),(2409,1,0.5,0,300,150,545,NULL),(2410,6,3,0,200,600,546,NULL),(2411,4,2,0,200,400,546,NULL),(2412,1,2,0,300,600,546,NULL),(2421,4,36,0,200,7200,547,NULL),(2422,1,7.75,0,300,2325,547,NULL),(2423,6,12,0,200,2400,547,NULL),(2424,11,2,0,250,500,547,NULL),(2425,2,9.75,0,300,2925,548,NULL),(2426,1,0.75,0,300,225,548,NULL),(2427,2,2.75,0,250,687.5,549,NULL),(2428,12,4.75,0,150,712.5,549,NULL),(2429,4,31.75,0,200,6350,549,NULL),(2430,1,3,0,300,900,549,NULL),(2431,2,5.5,0,250,1375,550,NULL),(2432,12,12,0,150,1800,550,NULL),(2433,4,12.5,0,180,2250,550,NULL),(2434,2,5.5,0,300,1650,551,NULL),(2435,12,0.5,0,180,90,551,NULL),(2436,1,2,0,300,600,552,NULL),(2437,11,17.5,0,250,4375,552,NULL),(2438,12,8,0,150,1200,552,NULL),(2439,2,12,0,250,3000,552,NULL),(2440,2,3.75,0,250,937.5,553,NULL),(2441,11,9,0,250,2250,553,NULL),(2442,1,1.25,0,300,375,553,NULL),(2443,4,7.75,0,200,1550,553,NULL),(2444,12,0.5,0,150,75,553,NULL),(2445,11,1.4,0,250,350,554,NULL),(2446,2,3,0,300,900,554,NULL),(2447,1,0.5,0,300,150,554,NULL),(2448,4,6,0,200,1200,554,NULL),(2449,1,2,0,300,600,555,NULL),(2450,4,23,0,200,4600,555,NULL),(2451,11,16.5,0,250,4125,555,NULL),(2452,12,6.75,0,150,1012.5,555,NULL),(2453,2,13.25,0,250,3312.5,555,NULL),(2454,25,6,0,85,510,556,NULL),(2455,25,12,0,80,960,557,NULL),(2456,25,7,0,85,595,558,NULL),(2457,25,5,0,80,400,559,NULL),(2458,4,53.75,0,200,10750,560,NULL),(2459,6,15.75,0,200,3150,560,NULL),(2460,2,5.5,0,300,1650,560,NULL),(2461,12,49.5,0,180,8910,560,NULL),(2462,1,14,0,300,4200,560,NULL),(2463,4,4.25,0,200,850,561,NULL),(2464,2,10,0,300,3000,561,NULL),(2465,2,9.75,0,300,2925,562,NULL),(2466,12,26,0,180,4680,562,NULL),(2467,4,30.25,0,200,6050,562,NULL),(2468,1,2,0,300,600,562,NULL),(2469,6,0.5,0,200,100,562,NULL),(2470,2,1,0,300,300,563,NULL),(2471,4,3.25,0,200,650,563,NULL),(2472,12,1,0,180,180,563,NULL),(2473,12,36.25,0,150,5437.5,564,NULL),(2474,4,3.5,0,180,630,564,NULL),(2475,1,1,0,250,250,564,NULL),(2476,2,8.25,0,250,2062.5,565,NULL),(2477,4,12.5,0,200,2500,565,NULL),(2478,1,22.75,0,300,6825,565,NULL),(2479,12,4,0,150,600,565,NULL),(2480,12,0.75,0,150,112.5,566,NULL),(2481,1,5,0,300,1500,566,NULL),(2482,2,4,0,250,1000,566,NULL),(2483,2,2.75,0,300,825,567,NULL),(2484,2,2.5,0,250,625,568,NULL),(2485,1,0.5,0,300,150,568,NULL),(2486,4,3.5,0,200,700,568,NULL),(2487,25,8,0,85,680,569,NULL),(2488,1,7.75,0,300,2325,570,NULL),(2489,6,10.5,0,200,2100,570,NULL),(2490,4,2.75,0,200,550,570,NULL),(2491,4,12,0,200,2400,571,NULL),(2492,4,98,0,200,19600,572,NULL),(2493,12,82.9,0,180,14922,572,NULL),(2494,24,62.4,0,200,12480,572,NULL),(2495,11,15,0,250,3750,572,NULL),(2496,6,17.5,0,200,3500,572,NULL),(2497,1,68,0,300,20400,572,NULL),(2498,24,47,0,200,9400,534,NULL),(2499,4,90,0,200,18000,534,NULL),(2500,12,47,0,180,8460,534,NULL),(2501,6,12.75,0,200,2550,529,NULL),(2502,24,54.25,0,200,10850,529,NULL),(2503,11,18.5,0,250,4625,529,NULL),(2504,1,197.75,0,300,59325,529,NULL),(2505,4,113,0,250,28250,529,NULL),(2506,12,103.75,0,200,20750,529,NULL),(2507,25,13,0,85,1105,573,NULL),(2508,1,35.5,0,300,10650,574,NULL),(2509,4,14,0,200,2800,574,NULL),(2510,6,15,0,200,3000,574,NULL),(2511,12,32,0,150,4800,575,NULL),(2512,11,3.5,0,250,875,575,NULL),(2513,1,1.25,0,300,375,575,NULL),(2514,12,9,0,180,1620,576,NULL),(2515,6,22.5,0,200,4500,576,NULL),(2516,1,28.75,0,300,8625,576,NULL),(2517,2,6.5,0,300,1950,576,NULL),(2518,4,40.75,0,200,8150,576,NULL),(2519,1,176.5,0,300,52950,577,NULL),(2520,12,0.5,0,180,90,577,NULL),(2521,4,36.25,0,200,7250,577,NULL),(2522,2,3.5,0,300,1050,577,NULL),(2523,1,0.75,0,300,225,578,NULL),(2524,2,5,0,300,1500,578,NULL),(2529,12,11.5,0,150,1725,580,NULL),(2530,4,5,0,180,900,580,NULL),(2531,12,2.5,0,180,450,581,NULL),(2532,2,4.25,0,300,1275,581,NULL),(2533,1,12.5,0,300,3750,581,NULL),(2534,4,26,0,200,5200,581,NULL),(2535,6,10,0,200,2000,581,NULL),(2536,25,6,0,85,510,582,NULL),(2537,25,8,0,85,680,583,NULL),(2546,1,14.5,0,280,4060,586,NULL),(2547,2,18,0,280,5040,587,NULL),(2548,2,0.5,0,280,140,588,NULL),(2549,4,1,0,180,180,589,NULL),(2550,12,17.75,0,160,2840,589,NULL),(2551,4,13.25,0,180,2385,590,NULL),(2552,12,12.25,0,160,1960,590,NULL),(2553,1,14.5,0,280,4060,590,NULL),(2554,2,20,0,280,5600,590,NULL),(2555,12,6.5,0,160,1040,591,NULL),(2556,2,13.25,0,280,3710,591,NULL),(2557,2,7,0,280,1960,592,NULL),(2558,12,0.5,0,160,80,592,NULL),(2559,25,6,0,85,510,593,NULL),(2565,2,16.5,0,280,4620,585,NULL),(2566,1,5,0,280,1400,585,NULL),(2567,4,7,0,180,1260,585,NULL),(2568,11,0.5,0,250,125,585,NULL),(2569,12,4,0,160,640,585,NULL),(2570,11,3.25,0,250,812.5,594,NULL),(2571,2,0.5,0,280,140,595,NULL),(2572,12,1.25,0,160,200,595,NULL),(2573,6,1.5,0,200,300,595,NULL),(2574,4,1,0,180,180,595,NULL),(2575,11,2.5,0,250,625,595,NULL),(2577,1,15,0,280,4200,597,NULL),(2578,4,17.5,0,180,3150,597,NULL),(2579,2,18,0,280,5040,597,NULL),(2580,11,2.5,0,250,625,597,NULL),(2581,12,4,0,160,640,598,NULL),(2582,1,12,0,280,3360,598,NULL),(2583,4,9.25,0,180,1665,598,NULL),(2584,2,17,0,280,4760,598,NULL),(2585,1,24.5,0,290,7105,599,NULL),(2586,4,27.75,0,180,4995,599,NULL),(2587,6,5.25,0,200,1050,599,NULL),(2588,1,5.75,0,280,1610,600,NULL),(2589,4,15,0,180,2700,600,NULL),(2590,12,13,0,160,2080,600,NULL),(2591,6,5,0,200,1000,600,NULL),(2592,2,2.25,0,280,630,600,NULL),(2594,4,9.75,0,180,1755,602,NULL),(2595,12,3.5,0,160,560,602,NULL),(2596,2,3.5,0,280,980,602,NULL),(2597,2,5.25,0,280,1470,603,NULL),(2598,4,6.5,0,180,1170,604,NULL),(2599,12,19,0,160,3040,604,NULL),(2600,12,14,0,160,2240,605,NULL),(2601,11,1.25,0,250,312.5,605,NULL),(2602,1,7.5,0,280,2100,606,NULL),(2603,4,0.5,0,180,90,606,NULL),(2604,12,11.5,0,160,1840,607,NULL),(2605,25,6,0,85,510,608,NULL),(2606,25,10,0,85,850,609,NULL),(2610,6,9,0,200,1800,612,NULL),(2611,12,9,0,150,1350,579,NULL),(2612,4,30.75,0,180,5535,579,NULL),(2613,1,10.75,0,300,3225,579,NULL),(2614,2,3.75,0,250,937.5,579,NULL),(2615,2,2,0,280,560,596,NULL),(2617,4,35.5,0,180,6390,613,NULL),(2618,6,2,0,200,400,613,NULL),(2619,1,9.5,0,280,2660,613,NULL),(2624,12,10,0,170,1700,614,NULL),(2625,1,2,0,300,600,614,NULL),(2626,12,9.5,0,170,1615,615,NULL),(2627,1,2.5,0,300,750,615,NULL),(2628,11,4,0,250,1000,615,NULL),(2633,4,4.5,0,200,900,617,NULL),(2634,1,3.5,0,300,1050,617,NULL),(2635,12,0.5,0,170,85,617,NULL),(2636,11,0.5,0,250,125,617,NULL),(2637,12,24.5,0,160,3920,618,NULL),(2638,2,7,0,250,1750,618,NULL),(2639,1,5.5,0,250,1375,618,NULL),(2640,4,6,0,180,1080,618,NULL),(2641,1,6.5,0,300,1950,619,NULL),(2642,4,0.75,0,200,150,619,NULL),(2643,12,3.5,0,170,595,619,NULL),(2648,1,38.5,0,300,11550,616,NULL),(2649,4,45.5,0,200,9100,616,NULL),(2650,6,3.75,0,200,750,616,NULL),(2651,11,2.5,0,250,625,616,NULL),(2652,1,7.5,0,300,2250,620,NULL),(2653,4,37,0,200,7400,620,NULL),(2654,6,4,0,200,800,620,NULL),(2655,41,5.25,0,170,892.5,620,NULL),(2656,1,10,0,310,3100,621,NULL),(2657,1,24.25,0,310,7517.5,622,NULL),(2658,12,1,0,170,170,622,NULL),(2659,2,2,0,320,640,623,NULL),(2660,4,0.75,0,210,157.5,623,NULL),(2661,1,0.4,0,310,124,623,NULL),(2662,11,1.25,0,250,312.5,624,NULL),(2663,2,42.5,0,320,13600,624,NULL),(2664,12,7.5,0,170,1275,624,NULL),(2665,12,7.5,0,170,1275,625,NULL),(2666,1,3.75,0,310,1162.5,625,NULL),(2667,1,2.75,0,310,852.5,626,NULL),(2668,12,1,0,170,170,626,NULL),(2669,2,7.75,0,320,2480,626,NULL),(2670,4,0.5,0,210,105,626,NULL),(2671,1,11,0,310,3410,627,NULL),(2672,2,4.75,0,320,1520,627,NULL),(2673,1,2.25,0,310,697.5,628,NULL),(2674,2,8.5,0,320,2720,628,NULL),(2675,25,6,0,83.33,500,629,NULL),(2676,25,5,0,84,420,630,NULL),(2678,4,0.75,0,210,157.5,632,NULL),(2679,12,1,0,170,170,632,NULL),(2680,1,2,0,310,620,632,NULL),(2681,2,5.5,0,320,1760,633,NULL),(2682,25,4,0,85,340,631,NULL),(2683,1,20.5,0,310,6355,634,NULL),(2684,2,5,0,320,1600,635,NULL),(2685,11,1.75,0,250,437.5,635,NULL),(2686,12,6,0,170,1020,635,NULL),(2687,1,2.75,0,310,852.5,635,NULL),(2688,4,5,0,210,1050,636,NULL),(2689,12,5,0,170,850,636,NULL),(2690,1,1.25,0,310,387.5,636,NULL),(2691,4,17.5,0,220,3850,637,NULL),(2692,12,4.25,0,170,722.5,637,NULL),(2693,1,5.5,0,320,1760,637,NULL),(2694,25,4,0,85,340,638,NULL),(2695,25,8,0,85,680,639,NULL),(2696,25,7,0,85.71,600,611,NULL),(2697,25,7,0,85.71,600,610,NULL),(2698,11,1,0,250,250,640,NULL),(2704,4,35.5,0,180,6390,584,NULL),(2705,6,2,0,200,400,584,NULL),(2706,1,9.5,0,280,2660,584,NULL),(2707,4,22,0,210,4620,641,NULL),(2708,6,1,0,200,200,641,NULL),(2709,11,1.75,0,250,437.5,641,NULL),(2710,1,6.25,0,310,1937.5,641,NULL),(2711,11,0.5,0,250,125,642,NULL),(2712,1,0.5,0,300,150,642,NULL),(2713,1,37.75,0,320,12080,643,NULL),(2714,6,19,0,200,3800,643,NULL),(2715,4,25,0,210,5250,643,NULL),(2716,12,10.5,0,170,1785,644,NULL),(2717,4,6,0,210,1260,644,NULL),(2718,11,0.75,0,250,187.5,644,NULL),(2719,1,1.25,0,310,387.5,644,NULL),(2720,12,7,0,170,1190,645,NULL),(2721,2,1.5,0,320,480,645,NULL),(2722,1,10.5,0,320,3360,646,NULL),(2723,4,14.25,0,210,2992.5,646,NULL),(2724,6,24,0,200,4800,646,NULL),(2725,12,7,0,170,1190,647,NULL),(2726,1,1.25,0,310,387.5,647,NULL),(2727,11,22.5,0,250,5625,647,NULL),(2728,2,1,0,320,320,647,NULL),(2729,1,38,0,320,12160,648,NULL),(2730,4,18,0,210,3780,648,NULL),(2731,6,10.75,0,200,2150,648,NULL),(2732,11,1.75,0,250,437.5,648,NULL),(2733,12,13.25,0,170,2252.5,649,NULL),(2734,1,0.5,0,310,155,649,NULL),(2735,11,1.5,0,250,375,649,NULL),(2737,1,43,0,320,13760,651,NULL),(2738,4,11,0,210,2310,651,NULL),(2739,6,9,0,200,1800,651,NULL),(2740,1,16.5,0,310,5115,650,NULL),(2741,25,5,0,85,425,652,NULL),(2742,12,30.5,0,170,5185,653,NULL),(2743,1,0.9,0,310,279,653,NULL),(2744,4,0.5,0,210,105,653,NULL),(2745,11,1,0,250,250,653,NULL),(2746,25,5,0,85,425,654,NULL),(2747,27,89,0,50,4450,430,NULL),(2748,4,4.5,0,188.888888888889,850,479,NULL),(2749,1,0.5,0,200,100,479,NULL),(2750,1,59.5,0,320,19040,655,NULL),(2751,4,48.5,0,210,10185,655,NULL),(2752,6,27,0,200,5400,655,NULL),(2753,9,2,0,320,640,655,NULL),(2754,1,37.75,0,320,12080,656,NULL),(2755,4,51.25,0,210,10762.5,656,NULL),(2756,6,28.75,0,200,5750,656,NULL),(2765,12,38.75,0,170,6587.5,659,NULL),(2766,11,4,0,250,1000,659,NULL),(2767,12,17.5,0,170,2975,660,NULL),(2768,4,1,0,210,210,660,NULL),(2769,1,0.5,0,310,155,660,NULL),(2770,2,1,0,320,320,660,NULL),(2774,4,18.5,0,180,3330,662,NULL),(2775,6,0.75,0,180,135,662,NULL),(2776,12,16.25,0,160,2600,662,NULL),(2780,4,42,0,180,7560,664,NULL),(2781,6,17,0,180,3060,664,NULL),(2782,1,37,0,280,10360,664,NULL),(2783,2,6.75,0,300,2025,665,NULL),(2784,4,48,0,180,8640,665,NULL),(2785,1,22,0,280,6160,665,NULL),(2786,12,22,0,160,3520,665,NULL),(2787,11,0.5,0,250,125,665,NULL),(2788,2,3.25,0,300,975,666,NULL),(2789,12,2.25,0,160,360,666,NULL),(2790,11,2.75,0,250,687.5,666,NULL),(2791,4,8,0,180,1440,667,NULL),(2792,1,7,0,280,1960,668,NULL),(2793,4,18.5,0,180,3330,668,NULL),(2794,12,44.25,0,160,7080,668,NULL),(2795,2,3.75,0,300,1125,668,NULL),(2796,1,26.25,0,310,8137.5,669,NULL),(2797,11,0.5,0,250,125,669,NULL),(2798,4,0.75,0,210,157.5,669,NULL),(2799,12,0.75,0,170,127.5,669,NULL),(2800,1,12,0,310,3720,670,NULL),(2801,4,1,0,210,210,670,NULL),(2802,12,3.5,0,170,595,670,NULL),(2803,6,0.75,0,200,150,670,NULL),(2804,2,1,0,320,320,670,NULL),(2805,2,2.25,0,300,675,671,NULL),(2806,12,3,0,160,480,671,NULL),(2807,1,18.75,0,280,5250,671,NULL),(2808,1,48.25,0,280,13510,672,NULL),(2809,4,18.75,0,180,3375,672,NULL),(2810,2,3.75,0,300,1125,672,NULL),(2811,12,8.25,0,160,1320,672,NULL),(2812,4,12,0,180,2160,673,NULL),(2813,12,11.5,0,160,1840,673,NULL),(2814,1,137.75,0,280,38570,674,NULL),(2815,4,80,0,180,14400,674,NULL),(2816,12,38.5,0,160,6160,674,NULL),(2817,2,1,0,300,300,674,NULL),(2818,1,96,0,290,27840,675,NULL),(2819,4,44,0,190,8360,675,NULL),(2820,6,48,0,185,8880,675,NULL),(2821,1,60.25,0,280,16870,676,NULL),(2822,4,23.25,0,180,4185,676,NULL),(2823,12,10.5,0,160,1680,677,NULL),(2824,4,6,0,180,1080,677,NULL),(2825,1,1.25,0,280,350,677,NULL),(2826,2,4.5,0,300,1350,677,NULL),(2827,2,2.5,0,300,750,678,NULL),(2828,4,2.25,0,180,405,679,NULL),(2829,4,54.25,0,180,9765,680,NULL),(2830,1,75,0,280,21000,680,NULL),(2831,2,5,0,300,1500,680,NULL),(2832,12,4,0,160,640,680,NULL),(2833,1,30.5,0,290,8845,681,NULL),(2834,4,12.25,0,190,2327.5,681,NULL),(2835,11,1.25,0,250,312.5,681,NULL),(2836,6,15.25,0,185,2821.25,681,NULL),(2842,1,20,0,280,5600,683,NULL),(2843,4,13.5,0,180,2430,683,NULL),(2844,12,6.5,0,160,1040,683,NULL),(2845,11,2.5,0,250,625,683,NULL),(2846,1,27.75,0,280,7770,684,NULL),(2847,12,2.5,0,160,400,684,NULL),(2848,4,15,0,180,2700,684,NULL),(2849,2,1,0,300,300,684,NULL),(2850,11,0.5,0,250,125,684,NULL),(2851,1,53.5,0,280,14980,685,NULL),(2852,4,2.75,0,180,495,685,NULL),(2853,2,3.5,0,300,1050,685,NULL),(2854,12,1.5,0,160,240,685,NULL),(2855,1,340,0,276.47,94000,682,NULL),(2856,25,9,0,80,720,686,NULL),(2857,25,8,0,85,680,687,NULL),(2859,25,10,0,85,850,689,NULL),(2860,25,8,0,85,680,688,NULL),(2861,25,8,0,85,680,690,NULL),(2862,25,20,0,85,1700,691,NULL),(2863,25,27,0,85,2295,692,NULL),(2864,12,4,0,160,640,693,NULL),(2865,4,11.5,0,180,2070,693,NULL),(2866,1,89.75,0,280,25130,694,NULL),(2867,4,16.5,0,180,2970,694,NULL),(2868,2,8.25,0,300,2475,694,NULL),(2869,12,25.5,0,160,4080,694,NULL),(2870,1,162.5,0,280,45500,695,NULL),(2871,12,30,0,160,4800,695,NULL),(2872,4,65,0,180,11700,695,NULL),(2873,6,18.5,0,180,3330,695,NULL),(2874,11,1.5,0,250,375,695,NULL),(2875,24,1,0,160,160,695,NULL),(2876,12,24.5,0,170,4165,661,NULL),(2877,4,1,0,210,210,661,NULL),(2878,1,0.4,0,310,124,661,NULL),(2879,4,1.5,0,200,300,696,NULL),(2880,12,2.25,0,170,382.5,696,NULL),(2881,2,0.5,0,320,160,696,NULL),(2882,2,0.5,0,300,150,697,NULL),(2883,12,2,0,160,320,697,NULL),(2884,4,32.25,0,180,5805,697,NULL),(2885,1,13.5,0,280,3780,697,NULL),(2886,12,62,0,160,9920,698,NULL),(2887,4,188,0,180,33840,698,NULL),(2888,1,435,0,280,121800,698,NULL),(2889,11,76,0,250,19000,698,NULL),(2890,24,12,0,160,1920,698,NULL),(2891,1,3,0,280,840,699,NULL),(2892,4,11.5,0,180,2070,699,NULL),(2893,12,8,0,160,1280,699,NULL),(2894,2,1.75,0,300,525,699,NULL),(2895,25,6,0,85,510,700,NULL),(2896,12,2.5,0,160,400,701,NULL),(2897,2,2,0,300,600,701,NULL),(2898,4,2.5,0,180,450,701,NULL),(2899,2,1.5,0,300,450,702,NULL),(2900,1,6.5,0,280,1820,702,NULL),(2901,11,0.75,0,250,187.5,703,NULL),(2902,1,1.25,0,280,350,704,NULL),(2903,2,5.5,0,300,1650,704,NULL),(2904,12,10.5,0,160,1680,704,NULL),(2905,25,10,0,85,850,705,NULL),(2906,25,5,0,85,425,706,NULL),(2907,25,7,0,84.29,590,707,NULL),(2908,25,6,0,85,510,708,NULL);
/*!40000 ALTER TABLE `z_purchase_voucher_item` ENABLE KEYS */;
UNLOCK TABLES;

--
-- Table structure for table `z_sales_expenses`
--

DROP TABLE IF EXISTS `z_sales_expenses`;
/*!40101 SET @saved_cs_client     = @@character_set_client */;
/*!50503 SET character_set_client = utf8mb4 */;
CREATE TABLE `z_sales_expenses` (
  `id_sales_expense` int NOT NULL AUTO_INCREMENT,
  `expense` varchar(200) CHARACTER SET utf8 COLLATE utf8_unicode_ci DEFAULT NULL,
  `amount` double DEFAULT NULL,
  `id_sales_voucher` int DEFAULT NULL,
  PRIMARY KEY (`id_sales_expense`)
) ENGINE=InnoDB AUTO_INCREMENT=299 DEFAULT CHARSET=utf8 COLLATE=utf8_unicode_ci;
/*!40101 SET character_set_client = @saved_cs_client */;

--
-- Dumping data for table `z_sales_expenses`
--

LOCK TABLES `z_sales_expenses` WRITE;
/*!40000 ALTER TABLE `z_sales_expenses` DISABLE KEYS */;
INSERT INTO `z_sales_expenses` VALUES (9,'COMMISION',0,1),(10,'LELAM',0,1),(11,'FREIGHT',0,1),(12,'OTHER EXPENSES',0,1),(13,'COMMISION',0,2),(14,'LELAM',0,2),(15,'FREIGHT',0,2),(16,'OTHER EXPENSES',0,2),(17,'COMMISION',0,3),(18,'LELAM',0,3),(19,'FREIGHT',0,3),(20,'OTHER EXPENSES',0,3),(21,'COMMISION',0,4),(22,'LELAM',0,4),(23,'FREIGHT',0,4),(24,'OTHER EXPENSES',0,4),(25,'COMMISION',0,5),(26,'LELAM',0,5),(27,'FREIGHT',0,5),(28,'OTHER EXPENSES',0,5),(29,'COMMISION',0,6),(30,'LELAM',0,6),(31,'FREIGHT',0,6),(32,'OTHER EXPENSES',0,6),(33,'COMMISION',0,7),(34,'LELAM',0,7),(35,'FREIGHT',0,7),(36,'OTHER EXPENSES',0,7),(45,'COMMISION',0,8),(46,'LELAM',0,8),(47,'FREIGHT',0,8),(48,'OTHER EXPENSES',0,8),(53,'COMMISION',0,9),(54,'LELAM',0,9),(55,'FREIGHT',0,9),(56,'OTHER EXPENSES',0,9),(61,'COMMISION',0,11),(62,'LELAM',0,11),(63,'FREIGHT',0,11),(64,'OTHER EXPENSES',0,11),(65,'COMMISION',0,12),(66,'LELAM',0,12),(67,'FREIGHT',0,12),(68,'OTHER EXPENSES',0,12),(81,'COMMISION',-8339,13),(82,'LELAM',0,13),(83,'FREIGHT',0,13),(84,'OTHER EXPENSES',0,13),(89,'COMMISION',0,14),(90,'LELAM',0,14),(91,'FREIGHT',0,14),(92,'OTHER EXPENSES',0,14),(97,'COMMISION',0,15),(98,'LELAM',0,15),(99,'FREIGHT',0,15),(100,'OTHER EXPENSES',0,15),(109,'COMMISION',0,16),(110,'LELAM',0,16),(111,'FREIGHT',0,16),(112,'OTHER EXPENSES',0,16),(121,'COMMISION',0,17),(122,'LELAM',0,17),(123,'FREIGHT',0,17),(124,'OTHER EXPENSES',0,17),(125,'COMMISION',0,18),(126,'LELAM',0,18),(127,'FREIGHT',0,18),(128,'OTHER EXPENSES',0,18),(129,'ICE',0,18),(130,'LABOUR',0,18),(185,'COMMISION',0,27),(186,'LELAM',0,27),(187,'FREIGHT',0,27),(188,'OTHER EXPENSES',0,27),(189,'LABOUR & ICE',0,27),(190,'LABOUR',0,27),(191,'COMMISION',0,28),(192,'LELAM',0,28),(193,'FREIGHT',0,28),(194,'OTHER EXPENSES',0,28),(195,'LABOUR & ICE',0,28),(196,'LABOUR',0,28),(209,'COMMISION',0,31),(210,'LELAM',0,31),(211,'FREIGHT',0,31),(212,'OTHER EXPENSES',0,31),(213,'LABOUR & ICE',0,31),(214,'LABOUR',0,31),(215,'COMMISION',0,19),(216,'LELAM',0,19),(217,'FREIGHT',0,19),(218,'OTHER EXPENSES',0,19),(219,'ICE',0,19),(220,'LABOUR',0,19),(221,'COMMISION',0,20),(222,'LELAM',0,20),(223,'FREIGHT',0,20),(224,'OTHER EXPENSES',0,20),(225,'ICE',0,20),(226,'LABOUR',0,20),(233,'COMMISION',0,22),(234,'LELAM',0,22),(235,'FREIGHT',0,22),(236,'OTHER EXPENSES',0,22),(237,'ICE',0,22),(238,'LABOUR',0,22),(239,'COMMISION',0,23),(240,'LELAM',0,23),(241,'FREIGHT',0,23),(242,'OTHER EXPENSES',0,23),(243,'ICE',0,23),(244,'LABOUR',0,23),(245,'COMMISION',0,24),(246,'LELAM',0,24),(247,'FREIGHT',0,24),(248,'OTHER EXPENSES',0,24),(249,'ICE',0,24),(250,'LABOUR',0,24),(251,'COMMISION',0,25),(252,'LELAM',0,25),(253,'FREIGHT',0,25),(254,'OTHER EXPENSES',0,25),(255,'ICE',0,25),(256,'LABOUR',0,25),(257,'COMMISION',0,21),(258,'LELAM',0,21),(259,'FREIGHT',0,21),(260,'OTHER EXPENSES',0,21),(261,'ICE',0,21),(262,'LABOUR',0,21),(263,'COMMISION',0,26),(264,'LELAM',0,26),(265,'FREIGHT',0,26),(266,'OTHER EXPENSES',0,26),(267,'LABOUR & ICE',0,26),(268,'LABOUR',0,26),(269,'COMMISION',0,29),(270,'LELAM',0,29),(271,'FREIGHT',0,29),(272,'OTHER EXPENSES',0,29),(273,'LABOUR & ICE',0,29),(274,'LABOUR',0,29),(275,'COMMISION',0,30),(276,'LELAM',0,30),(277,'FREIGHT',0,30),(278,'OTHER EXPENSES',0,30),(279,'LABOUR & ICE',0,30),(280,'LABOUR',0,30),(287,'COMMISION',0,32),(288,'LELAM',0,32),(289,'FREIGHT',0,32),(290,'OTHER EXPENSES',0,32),(291,'LABOUR & ICE',0,32),(292,'LABOUR',0,32),(293,'COMMISION',0,33),(294,'LELAM',0,33),(295,'FREIGHT',0,33),(296,'OTHER EXPENSES',0,33),(297,'LABOUR & ICE',0,33),(298,'LABOUR',0,33);
/*!40000 ALTER TABLE `z_sales_expenses` ENABLE KEYS */;
UNLOCK TABLES;

--
-- Table structure for table `z_sales_voucher`
--

DROP TABLE IF EXISTS `z_sales_voucher`;
/*!40101 SET @saved_cs_client     = @@character_set_client */;
/*!50503 SET character_set_client = utf8mb4 */;
CREATE TABLE `z_sales_voucher` (
  `id_sales_voucher` int NOT NULL AUTO_INCREMENT,
  `voucher_no` int DEFAULT NULL,
  `date` date DEFAULT NULL,
  `id_account_head` int DEFAULT NULL,
  `received` double DEFAULT '0',
  `gross` double DEFAULT '0',
  `narration` varchar(250) DEFAULT '0',
  `_old_balance` double DEFAULT NULL,
  `ref_no` varchar(100) DEFAULT NULL,
  PRIMARY KEY (`id_sales_voucher`)
) ENGINE=InnoDB AUTO_INCREMENT=34 DEFAULT CHARSET=latin1;
/*!40101 SET character_set_client = @saved_cs_client */;

--
-- Dumping data for table `z_sales_voucher`
--

LOCK TABLES `z_sales_voucher` WRITE;
/*!40000 ALTER TABLE `z_sales_voucher` DISABLE KEYS */;
INSERT INTO `z_sales_voucher` VALUES (1,1,'2020-07-20',18,0,26475,'',338314.5,''),(2,2,'2020-09-05',15,0,2830,'',562641,''),(3,3,'2020-09-05',56,0,55000,'',0,''),(4,4,'2020-09-14',57,0,3549,'',3640,''),(5,5,'2020-09-14',15,0,3675,'',484721,''),(6,6,'2020-09-18',15,0,3080,'',481046,''),(7,7,'2020-09-23',16,0,50700,'',173770,''),(8,8,'2020-09-26',16,0,38410,'',63725,''),(9,9,'2020-09-26',63,0,81004,'',0,''),(11,11,'2020-09-28',15,0,0,'',613468,''),(12,12,'2020-10-03',15,0,3570,'',542203,''),(13,13,'2020-09-29',16,0,80356,'',309752,''),(14,14,'2020-10-09',63,0,77707,'',-43849,''),(15,15,'2020-10-13',63,0,97555,'',-121556,''),(16,16,'2020-10-17',63,0,89332,'',-112731,''),(17,17,'2020-10-20',63,0,120049,'',-128063,''),(18,18,'2020-10-24',12,0,0,'',616655,''),(19,19,'2020-10-28',63,0,15675,'',-147772,''),(20,20,'2020-11-01',63,0,5885,'',-138447,''),(21,21,'2020-11-02',63,0,105,'',-144332,''),(22,22,'2020-11-02',63,0,2797.5,'',-144332,''),(23,23,'2020-11-06',63,0,212.5,'',-147129.5,''),(24,24,'2020-11-06',63,0,1800,'',-147129.5,''),(25,25,'2020-11-07',63,0,1697.5,'',-149142,''),(26,26,'2020-11-11',63,0,6530,'',-246494.5,''),(27,27,'2020-11-11',76,0,7100,'',0,''),(28,28,'2020-11-11',11,0,4450,'',406505,''),(29,29,'2020-11-16',63,0,7352.5,'',-238024.5,''),(30,30,'2020-11-23',63,0,1140,'',-244427,''),(31,31,'2021-01-12',77,0,0,'',13900,''),(32,32,'2021-02-02',15,0,22190,'',595863,''),(33,33,'2021-02-12',50,0,127200,'',140282,'');
/*!40000 ALTER TABLE `z_sales_voucher` ENABLE KEYS */;
UNLOCK TABLES;

--
-- Table structure for table `z_sales_voucher_item`
--

DROP TABLE IF EXISTS `z_sales_voucher_item`;
/*!40101 SET @saved_cs_client     = @@character_set_client */;
/*!50503 SET character_set_client = utf8mb4 */;
CREATE TABLE `z_sales_voucher_item` (
  `id_sales_voucher_item` int NOT NULL AUTO_INCREMENT,
  `id_product` int NOT NULL,
  `quantity` double DEFAULT NULL,
  `kg` double DEFAULT NULL,
  `unit_price` double DEFAULT NULL,
  `total` double DEFAULT '0',
  `id_sales_voucher` int DEFAULT NULL,
  `remarks` varchar(500) DEFAULT NULL,
  PRIMARY KEY (`id_sales_voucher_item`)
) ENGINE=InnoDB AUTO_INCREMENT=269 DEFAULT CHARSET=latin1;
/*!40101 SET character_set_client = @saved_cs_client */;

--
-- Dumping data for table `z_sales_voucher_item`
--

LOCK TABLES `z_sales_voucher_item` WRITE;
/*!40000 ALTER TABLE `z_sales_voucher_item` DISABLE KEYS */;
INSERT INTO `z_sales_voucher_item` VALUES (3,12,3.75,0,180,675,1,NULL),(4,6,2,0,220,440,1,NULL),(5,1,19,0,300,5700,1,NULL),(6,4,79,0,240,18960,1,NULL),(7,2,2.5,0,200,500,1,NULL),(8,1,2,0,100,200,1,NULL),(9,4,8,0,290,2320,2,NULL),(10,6,3,0,170,510,2,NULL),(11,2,100,0,550,55000,3,NULL),(12,19,24,0,147.91,3549.84,4,NULL),(13,2,20,0,140,2800,5,NULL),(14,1,3.5,0,250,875,5,NULL),(15,2,22,0,140,3080,6,NULL),(16,2,195,0,260,50700,7,NULL),(19,2,167,0,230,38410,8,NULL),(28,35,415,0,86,35692,9,NULL),(29,34,81.5,0,170,13855,9,NULL),(30,40,5.5,0,110,605,9,NULL),(31,37,30,0,170,5100,9,NULL),(32,36,14.5,0,150,2175,9,NULL),(33,33,5,0,100,500,9,NULL),(34,32,11,0,150,1650,9,NULL),(35,31,44,0,160,7040,9,NULL),(36,30,2.25,0,150,337.5,9,NULL),(37,29,6.5,0,150,975,9,NULL),(38,28,15,0,320,4800,9,NULL),(39,28,1,0,150,150,9,NULL),(40,27,42.5,0,80,3400,9,NULL),(41,27,67.5,0,70,4725,9,NULL),(43,38,24,0,0,0,11,NULL),(44,39,18.5,0,0,0,11,NULL),(45,42,17,0,0,0,11,NULL),(46,2,25.5,0,140,3570,12,NULL),(76,46,60,0,320,19200,13,NULL),(77,46,11.25,0,480,5400,13,NULL),(78,47,30,0,330,9900,13,NULL),(79,35,183,0,40,7320,13,NULL),(80,40,60,0,70,4200,13,NULL),(81,53,11,0,160,1760,13,NULL),(82,52,16,0,160,2560,13,NULL),(83,48,9.5,0,220,2090,13,NULL),(84,28,8.5,0,210,1785,13,NULL),(85,49,114,0,120,13680,13,NULL),(86,29,20,0,80,1600,13,NULL),(87,43,120,0,160,19200,13,NULL),(104,30,73.75,0,150,11062.5,14,NULL),(105,30,20.5,0,140,2870,14,NULL),(106,34,34.5,0,160,5520,14,NULL),(107,35,150,0,110,16500,14,NULL),(108,43,20,0,80,1600,14,NULL),(109,47,27,0,275,7425,14,NULL),(110,46,33,0,280,9240,14,NULL),(111,50,42,0,100,4200,14,NULL),(112,51,30,0,65,1950,14,NULL),(113,45,3,0,220,660,14,NULL),(114,44,32,0,290,9280,14,NULL),(115,32,4,0,170,680,14,NULL),(116,31,7,0,160,1120,14,NULL),(117,27,80,0,70,5600,14,NULL),(132,45,8,0,250,2000,15,NULL),(133,54,36,0,120,4320,15,NULL),(134,30,30,0,150,4500,15,NULL),(135,27,37.5,0,70,2625,15,NULL),(136,50,25,0,110,2750,15,NULL),(137,26,15,0,200,3000,15,NULL),(138,29,7.5,0,120,900,15,NULL),(139,29,17.5,0,160,2800,15,NULL),(140,34,4,0,150,600,15,NULL),(141,53,29.5,0,180,5310,15,NULL),(142,53,1.75,0,200,350,15,NULL),(143,35,280,0,115,32200,15,NULL),(144,35,100,0,110,11000,15,NULL),(145,46,90,0,280,25200,15,NULL),(162,35,380,0,123,46740,16,NULL),(163,40,60,0,125,7500,16,NULL),(164,27,50,0,70,3500,16,NULL),(165,46,33,0,350,11550,16,NULL),(166,47,22.25,0,280,6230,16,NULL),(167,34,35,0,150,5250,16,NULL),(168,55,6.25,0,140,875,16,NULL),(169,30,15,0,150,2250,16,NULL),(170,28,5,0,300,1500,16,NULL),(171,45,3.5,0,250,875,16,NULL),(172,56,8.75,0,350,3062.5,16,NULL),(189,35,632,0,100,63200,17,NULL),(190,46,103.8,0,350,36330,17,NULL),(191,58,8.8,0,640,5632,17,NULL),(192,43,67,0,175,11725,17,NULL),(193,30,5.75,0,150,862.5,17,NULL),(194,30,4.25,0,200,850,17,NULL),(195,55,5,0,140,700,17,NULL),(196,30,5,0,150,750,17,NULL),(197,22,590,0,0,0,18,NULL),(198,22,10,0,0,0,18,NULL),(224,4,17,0,250,4250,27,NULL),(225,1,9.5,0,300,2850,27,NULL),(226,27,89,0,50,4450,28,NULL),(232,41,5.25,0,0,0,31,NULL),(233,6,18,0,0,0,31,NULL),(234,30,38.5,0,170,6545,19,NULL),(235,27,53.5,0,70,3745,19,NULL),(236,34,17.5,0,150,2625,19,NULL),(237,53,2,0,180,360,19,NULL),(238,30,16,0,150,2400,19,NULL),(239,30,9.5,0,170,1615,20,NULL),(240,30,24.5,0,150,3675,20,NULL),(241,53,1.75,0,180,315,20,NULL),(242,27,4,0,70,280,20,NULL),(244,30,10.5,0,170,1785,22,NULL),(245,34,6.75,0,150,1012.5,22,NULL),(246,30,1.25,0,170,212.5,23,NULL),(247,2,9,0,200,1800,24,NULL),(248,27,24.25,0,70,1697.5,25,NULL),(249,27,1.5,0,70,105,21,NULL),(250,34,6.5,0,150,975,26,NULL),(251,47,1,0,600,600,26,NULL),(252,27,2.5,0,70,175,26,NULL),(253,30,2,0,170,340,26,NULL),(254,29,37,0,120,4440,26,NULL),(255,30,10.75,0,150,1612.5,29,NULL),(256,28,21.5,0,200,4300,29,NULL),(257,53,8,0,180,1440,29,NULL),(258,27,4.5,0,70,315,30,NULL),(259,30,5.5,0,150,825,30,NULL),(263,1,21,0,230,4830,32,NULL),(264,1,114,0,137.54,15680,32,NULL),(265,1,42,0,40,1680,32,NULL),(266,1,529,0,151.13,79950,33,NULL),(267,4,231,0,150,34650,33,NULL),(268,12,84,0,150,12600,33,NULL);
/*!40000 ALTER TABLE `z_sales_voucher_item` ENABLE KEYS */;
UNLOCK TABLES;

--
-- Table structure for table `z_stock`
--

DROP TABLE IF EXISTS `z_stock`;
/*!40101 SET @saved_cs_client     = @@character_set_client */;
/*!50503 SET character_set_client = utf8mb4 */;
CREATE TABLE `z_stock` (
  `id_stock` int NOT NULL AUTO_INCREMENT,
  `id_product` int DEFAULT NULL,
  `date` datetime DEFAULT NULL,
  `quantity` double DEFAULT NULL,
  `type` int DEFAULT NULL,
  `rate` double DEFAULT NULL,
  KEY `id_stock` (`id_stock`)
) ENGINE=InnoDB AUTO_INCREMENT=428 DEFAULT CHARSET=latin1;
/*!40101 SET character_set_client = @saved_cs_client */;

--
-- Dumping data for table `z_stock`
--

LOCK TABLES `z_stock` WRITE;
/*!40000 ALTER TABLE `z_stock` DISABLE KEYS */;
INSERT INTO `z_stock` VALUES (6,17,'2020-06-30 00:00:00',101,0,305),(7,15,'2020-06-30 00:00:00',205,0,160),(8,16,'2020-06-30 00:00:00',162,0,183),(9,18,'2020-06-30 00:00:00',125,0,140),(10,19,'2020-06-30 00:00:00',71,0,140),(11,20,'2020-06-30 00:00:00',400,0,32),(12,21,'2020-06-30 00:00:00',13,0,900),(40,2,'2020-07-14 00:00:00',1,0,374),(41,3,'2020-07-14 00:00:00',0,0,328),(42,1,'2020-07-14 00:00:00',2.5,0,284),(43,3,'2020-07-14 00:00:00',0.5,0,328),(44,6,'2020-07-14 00:00:00',1.75,1,220),(45,12,'2020-07-14 00:00:00',6.5,1,180),(56,6,'2020-07-20 00:00:00',0.5,1,220),(57,4,'2020-07-20 00:00:00',52.75,1,250),(58,1,'2020-07-20 00:00:00',33.25,0,300),(59,2,'2020-07-20 00:00:00',0.5,0,400),(60,12,'2020-07-20 00:00:00',12,0,180),(65,1,'2020-08-05 00:00:00',0,1,320),(66,12,'2020-08-05 00:00:00',0,1,180),(67,1,'2020-08-04 00:00:00',2.25,0,320),(68,12,'2020-08-04 00:00:00',0.25,0,180),(69,2,'2020-08-04 00:00:00',1,0,420),(70,4,'2020-08-04 00:00:00',0.5,1,230),(71,2,'2020-08-12 00:00:00',1,0,420),(72,4,'2020-08-12 00:00:00',0.5,0,230),(73,6,'2020-08-12 00:00:00',0.75,0,220),(74,12,'2020-08-12 00:00:00',1.5,0,180),(76,19,'2020-08-13 00:00:00',10.5,1,140),(80,1,'2020-08-18 00:00:00',0,0,0),(81,4,'2020-08-18 00:00:00',0,0,0),(82,6,'2020-08-18 00:00:00',0,0,0),(83,1,'2020-08-18 00:00:00',1.75,1,350),(84,4,'2020-08-18 00:00:00',2.25,1,270),(85,6,'2020-08-18 00:00:00',0.25,1,250),(88,4,'2020-08-21 00:00:00',0.25,0,250),(89,12,'2020-08-21 00:00:00',0,1,0),(90,6,'2020-08-21 00:00:00',0.5,1,250),(92,15,'2020-08-25 00:00:00',0,1,0),(93,15,'2020-08-25 00:00:00',88,0,142),(98,1,'2020-08-28 00:00:00',0,0,0),(99,6,'2020-08-28 00:00:00',2.25,0,250),(100,4,'2020-08-28 00:00:00',4.25,0,280),(101,1,'2020-08-28 00:00:00',3.75,1,500),(102,1,'2020-08-31 00:00:00',3,0,460),(103,2,'2020-08-31 00:00:00',1.25,1,500),(104,4,'2020-08-31 00:00:00',0.75,1,360),(105,6,'2020-08-31 00:00:00',0.5,1,210),(106,12,'2020-08-31 00:00:00',0.25,1,210),(107,1,'2020-09-05 00:00:00',5.75,0,322),(108,2,'2020-09-05 00:00:00',13,0,419),(109,4,'2020-09-05 00:00:00',3.5,0,257),(110,6,'2020-09-05 00:00:00',5.75,0,227),(111,12,'2020-09-05 00:00:00',3.1,0,193),(112,16,'2020-09-08 00:00:00',17,1,183),(115,1,'2020-09-19 00:00:00',5,0,250),(116,6,'2020-09-19 00:00:00',1.25,0,250),(117,2,'2020-09-19 00:00:00',13.75,1,300),(118,4,'2020-09-19 00:00:00',3.5,1,200),(119,12,'2020-09-19 00:00:00',1.75,1,200),(120,22,'2020-09-19 00:00:00',3.5,1,200),(122,12,'2020-09-20 00:00:00',3.5,0,200),(183,12,'2020-09-23 00:00:00',1,1,190),(184,12,'2020-09-23 00:00:00',79.75,1,190),(185,24,'2020-09-23 00:00:00',4,1,190),(191,1,'2020-09-23 00:00:00',8.5,0,320),(192,12,'2020-09-23 00:00:00',76,0,190),(193,4,'2020-09-23 00:00:00',0.75,0,240),(194,2,'2020-09-23 00:00:00',0.25,0,200),(195,24,'2020-09-23 00:00:00',9,0,200),(200,1,'2020-09-26 00:00:00',42,0,340),(201,6,'2020-09-26 00:00:00',0.5,0,190),(210,2,'2020-09-26 00:00:00',3.75,1,0),(211,4,'2020-09-26 00:00:00',0.25,1,240),(212,12,'2020-09-26 00:00:00',0.25,1,160),(213,24,'2020-09-26 00:00:00',0.5,1,160),(214,27,'2020-09-26 00:00:00',46,1,160),(216,1,'2020-09-29 00:00:00',1.75,1,320),(217,4,'2020-09-29 00:00:00',1,1,240),(218,6,'2020-09-29 00:00:00',2.5,0,190),(219,12,'2020-09-29 00:00:00',0.5,0,160),(225,4,'2020-10-02 00:00:00',1,0,0),(226,6,'2020-10-02 00:00:00',1.5,0,0),(227,1,'2020-10-02 00:00:00',0.25,1,0),(228,12,'2020-10-02 00:00:00',0.25,1,0),(229,24,'2020-10-02 00:00:00',0.5,1,0),(230,2,'2020-10-02 00:00:00',0.25,1,0),(231,1,'2020-10-12 00:00:00',1.25,1,0),(232,2,'2020-10-12 00:00:00',2.95,1,0),(233,4,'2020-10-12 00:00:00',2,0,0),(234,6,'2020-10-12 00:00:00',1.25,0,0),(235,12,'2020-10-12 00:00:00',2.25,0,0),(238,25,'2020-10-11 00:00:00',5,1,0),(239,27,'2020-10-13 00:00:00',6,1,0),(240,43,'2020-10-13 00:00:00',3,1,0),(252,2,'2020-10-17 00:00:00',4,0,0),(253,12,'2020-10-17 00:00:00',0.75,0,0),(254,24,'2020-10-17 00:00:00',0.5,0,0),(255,22,'2020-10-17 00:00:00',0,0,0),(256,1,'2020-10-17 00:00:00',3.75,1,0),(257,4,'2020-10-17 00:00:00',1.75,1,0),(258,6,'2020-10-17 00:00:00',0.5,1,0),(259,30,'2020-10-17 00:00:00',8.75,1,0),(260,22,'2020-10-17 00:00:00',2,1,0),(269,30,'2020-10-20 00:00:00',4.25,0,0),(270,1,'2020-10-20 00:00:00',8.5,0,0),(271,4,'2020-10-20 00:00:00',0,0,0),(275,4,'2020-10-20 00:00:00',1,1,0),(276,2,'2020-10-20 00:00:00',3.7,1,0),(277,24,'2020-10-20 00:00:00',0.5,1,0),(278,25,'2020-10-23 00:00:00',15,1,0),(279,22,'2020-10-24 00:00:00',4,1,0),(280,25,'2020-11-28 00:00:00',6,0,0),(282,25,'2020-10-28 00:00:00',26,0,0),(283,16,'2020-10-31 00:00:00',27,1,0),(284,19,'2020-10-31 00:00:00',14.35,0,0),(285,1,'2020-10-29 00:00:00',7,1,0),(286,2,'2020-10-29 00:00:00',15.25,1,0),(287,6,'2020-10-29 00:00:00',0.25,1,0),(288,24,'2020-10-29 00:00:00',0.25,1,0),(289,4,'2020-10-29 00:00:00',3.25,0,0),(290,12,'2020-10-29 00:00:00',1,0,0),(291,1,'2020-11-01 00:00:00',1.5,1,0),(292,4,'2020-11-01 00:00:00',0.75,1,0),(304,25,'2020-11-04 00:00:00',18,1,0),(319,1,'2020-11-06 00:00:00',3.75,1,0),(320,12,'2020-11-06 00:00:00',0.75,1,0),(321,6,'2020-11-06 00:00:00',0.5,1,0),(322,2,'2020-11-06 00:00:00',0.75,1,0),(323,4,'2020-11-06 00:00:00',1.25,1,0),(324,24,'2020-11-06 00:00:00',1,0,0),(325,4,'2020-11-06 00:00:00',0,0,0),(335,2,'2020-11-11 00:00:00',0.5,0,0),(336,12,'2020-11-11 00:00:00',0.6,0,0),(337,1,'2020-11-11 00:00:00',3.75,1,0),(338,4,'2020-11-11 00:00:00',1.5,1,0),(339,6,'2020-11-11 00:00:00',0.5,1,0),(340,24,'2020-11-11 00:00:00',0.25,1,0),(343,1,'2020-11-16 00:00:00',0.4,1,0),(344,6,'2020-11-16 00:00:00',0.25,1,0),(351,2,'2020-11-16 00:00:00',1,0,0),(352,4,'2020-11-16 00:00:00',1.25,0,0),(353,12,'2020-11-16 00:00:00',0.5,0,0),(354,2,'2020-11-23 00:00:00',0.5,0,0),(355,1,'2020-11-23 00:00:00',0.5,1,0),(356,4,'2020-11-23 00:00:00',0.5,1,0),(357,12,'2020-11-23 00:00:00',0.5,1,0),(358,24,'2020-11-23 00:00:00',1,1,0),(370,24,'2021-01-13 00:00:00',0.6,0,0),(371,12,'2021-01-13 00:00:00',1.35,0,0),(372,12,'2021-01-13 00:00:00',0,1,0),(373,1,'2021-01-13 00:00:00',103.9,1,0),(374,6,'2021-01-13 00:00:00',6.25,1,0),(375,2,'2021-01-13 00:00:00',9.8,1,0),(376,4,'2021-01-13 00:00:00',11.15,1,0),(377,41,'2021-01-13 00:00:00',1,1,0),(378,34,'2021-01-13 00:00:00',1.5,1,0),(379,1,'2021-01-19 00:00:00',1.1,0,0),(380,2,'2021-01-19 00:00:00',0.25,0,0),(398,4,'2021-01-19 00:00:00',1,1,0),(399,6,'2021-01-19 00:00:00',0.25,1,0),(400,12,'2021-01-19 00:00:00',0.25,1,0),(401,25,'2021-01-19 00:00:00',31,1,0),(402,6,'2021-01-19 00:00:00',2,1,0),(403,1,'2021-01-19 00:00:00',9.5,1,0),(404,4,'2021-01-19 00:00:00',35.5,1,0),(411,12,'2021-02-02 00:00:00',27,0,0),(412,24,'2021-02-02 00:00:00',0.25,0,0),(413,1,'2021-02-02 00:00:00',11.5,1,0),(414,2,'2021-02-02 00:00:00',6,1,0),(415,4,'2021-02-02 00:00:00',3.25,1,0),(416,6,'2021-02-02 00:00:00',15.05,1,0),(422,1,'2021-02-12 00:00:00',7,1,0),(423,2,'2021-02-12 00:00:00',11.25,1,0),(424,4,'2021-02-12 00:00:00',3.25,1,0),(425,12,'2021-02-12 00:00:00',1,1,0),(426,24,'2021-02-12 00:00:00',12,1,0),(427,25,'2021-02-13 00:00:00',34,1,0);
/*!40000 ALTER TABLE `z_stock` ENABLE KEYS */;
UNLOCK TABLES;
/*!40103 SET TIME_ZONE=@OLD_TIME_ZONE */;

/*!40101 SET SQL_MODE=@OLD_SQL_MODE */;
/*!40014 SET FOREIGN_KEY_CHECKS=@OLD_FOREIGN_KEY_CHECKS */;
/*!40014 SET UNIQUE_CHECKS=@OLD_UNIQUE_CHECKS */;
/*!40101 SET CHARACTER_SET_CLIENT=@OLD_CHARACTER_SET_CLIENT */;
/*!40101 SET CHARACTER_SET_RESULTS=@OLD_CHARACTER_SET_RESULTS */;
/*!40101 SET COLLATION_CONNECTION=@OLD_COLLATION_CONNECTION */;
/*!40111 SET SQL_NOTES=@OLD_SQL_NOTES */;

-- Dump completed on 2021-07-05  1:42:50
