-- phpMyAdmin SQL Dump
-- version 4.7.4
-- https://www.phpmyadmin.net/
--
-- Host: 127.0.0.1
-- Generation Time: Sep 17, 2018 at 08:53 AM
-- Server version: 10.1.28-MariaDB
-- PHP Version: 5.6.32

SET SQL_MODE = "NO_AUTO_VALUE_ON_ZERO";
SET AUTOCOMMIT = 0;
START TRANSACTION;
SET time_zone = "+00:00";


/*!40101 SET @OLD_CHARACTER_SET_CLIENT=@@CHARACTER_SET_CLIENT */;
/*!40101 SET @OLD_CHARACTER_SET_RESULTS=@@CHARACTER_SET_RESULTS */;
/*!40101 SET @OLD_COLLATION_CONNECTION=@@COLLATION_CONNECTION */;
/*!40101 SET NAMES utf8mb4 */;

--
-- Database: `shade_2`
--

-- --------------------------------------------------------

--
-- Table structure for table `ledger_group`
--

CREATE TABLE `ledger_group` (
  `id_ledger_group` int(11) NOT NULL,
  `name` varchar(100) NOT NULL
) ENGINE=MyISAM DEFAULT CHARSET=latin1;

--
-- Dumping data for table `ledger_group`
--

INSERT INTO `ledger_group` (`id_ledger_group`, `name`) VALUES
(1, 'OTHER'),
(2, 'KADAM'),
(3, 'ADVANCE CUTTING');

-- --------------------------------------------------------

--
-- Table structure for table `tblaccount_head`
--

CREATE TABLE `tblaccount_head` (
  `id_account_head` int(11) NOT NULL,
  `code` varchar(100) NOT NULL,
  `name` varchar(100) NOT NULL,
  `id_ledger_group` int(100) NOT NULL,
  `opening_balance` double NOT NULL
) ENGINE=MyISAM DEFAULT CHARSET=latin1;

--
-- Dumping data for table `tblaccount_head`
--

INSERT INTO `tblaccount_head` (`id_account_head`, `code`, `name`, `id_ledger_group`, `opening_balance`) VALUES
(1, 'BT', 'BATA', 1, 0),
(2, 'EXP', 'EXPENSE', 1, 0),
(3, 'ICE', 'KNH ICE', 1, 0),
(4, 'F', 'FISH LOADING', 1, 0),
(5, 'VR', 'VEHICLE RENT', 1, 0),
(6, 'ASNA', 'ASNAMOL RENT', 1, 0),
(7, 'BX', 'BOX RENT', 1, 0),
(8, 'RIYAS', 'RIYAS DOSTH RENT', 1, 0),
(9, '5906', 'KNH 5906 RENT', 1, 0),
(10, '5923', 'KNH 5923 RENT', 1, 0),
(11, 'AD', 'KNH 5906 ADVANCE', 1, 0),
(12, 'AD', 'KNH 5923 ADVANCE', 1, 0),
(13, 'RENT', 'MUSAFIR RENT', 1, 0),
(14, 'RNT', 'MUHAMMADKHAIF RENT', 1, 0),
(15, 'AD', 'MUHAMMAD KHAIF ADVANCE', 1, 0),
(16, 'RNT', 'EICHER 6569 RENT', 1, 0),
(17, 'AD', 'EICHER 6569 ADVANCE', 1, 0),
(18, 'AD', 'MAHEEN PALLANA ADVANCE', 1, 0),
(19, 'BXM', 'BOX LOADING', 1, 0),
(20, 'SD', 'SADAKHA', 1, 0),
(21, 'CR', 'ASNAMOL AD RETURN', 1, 0),
(22, 'CR', 'MUSAFIR AD CREDIT', 1, 0),
(23, 'PX', 'PLANT EXPENSE', 1, 0),
(24, 'EP', 'ETTUMANOOR ADVANCE PAYMENT', 1, 0),
(25, 'NB', 'NAZAR BATA', 1, 0),
(26, 'KB', 'KABEER BATA', 1, 0),
(27, 'VB', 'VADI BATA', 1, 0),
(28, 'BTRNT', 'BTF PICKUP RENT', 1, 0),
(29, 'SALT', 'NISAR SALT', 1, 0),
(30, 'BATA', 'KOLLAM BATA', 1, 0),
(31, 'GOA', 'BAITHOOL GOA', 1, 0),
(32, 'HR', 'HAROON', 1, 0),
(33, 'RTN', 'MUSAFIR OLD ADVANCE RETURN', 1, 0),
(34, 'RNT', 'KOCHUMON VEHICLE RENT', 1, 0),
(35, 'TYRE', 'KMH TYRE', 1, 0),
(36, 'AD', 'FANTASTIC ADVANCE', 1, 0),
(37, 'RNT', 'FANTASTIC RENT', 1, 0),
(38, 'RNT', 'MUHAMMAD KHAIF RENT', 1, 0),
(39, 'RTN', 'RIYAS OLD AD RETURN', 1, 0),
(40, 'BTA', 'AMEER BATA', 1, 0),
(41, 'EX', 'SLIP EXPENSE PRESS', 1, 0),
(42, 'SLRY', 'RASHEED SALARY ADVANCE', 1, 0),
(43, 'AD', 'KNH 4617 ADVANCE', 1, 0),
(44, 'RNT', 'KNH 4617 RENT', 1, 0),
(45, 'ASS', 'ASSAMIES DIESEL', 1, 0),
(46, 'CT', 'SHAIJU CTM', 1, 0),
(47, 'LOAN', 'BOX RENT LOAN', 1, 0),
(48, 'LOAN', 'VEHICLE BALANCE LOAN', 1, 0),
(49, 'LOAN', 'GABYS BALANCE LOAN', 1, 0),
(50, 'TCM', 'TCM MUNAMBAM', 1, 0),
(51, 'AD', 'ASSAMIES ADVANCE', 1, 0),
(52, 'RT', 'GABYS BALANCE LOAN RETURN', 1, 0),
(53, 'PDM', 'KABEER PAPPADAM ADVANCE', 1, 0),
(54, 'TH', 'THRASS KUMAR', 1, 0),
(55, 'JIO', 'JIO RECHARGE MODEM', 1, 0),
(56, 'AD', 'TAV ULLANASSERY ADVANCE', 1, 0),
(57, 'RNT', 'TAV ULLANASSERY RENT', 1, 0),
(58, 'SL', 'NAZEER SALARY', 1, 0),
(59, 'HSD', 'GABYS HSD', 1, 0),
(60, 'AD', 'KOLLAM ADVANCE', 1, 0),
(61, 'EX', 'BEACH EXPENSE', 1, 0),
(62, 'BTA', 'BEACH BATA', 1, 0),
(63, 'NW', 'NEWS PAPER', 1, 0),
(64, 'AD', 'VADI AFSAL ADVANCE', 1, 0),
(65, 'AD', 'SKYSHIP ADVANCE', 1, 0),
(66, 'RNT', 'SKYSHIP RENT', 1, 0),
(67, 'AD', 'TA ADVANCE', 1, 0),
(68, 'RNT', 'TA RENT', 1, 0),
(69, 'BTA', 'SALESMAN BATA', 1, 0),
(70, 'RT', 'KOLLAM BATA RETURN', 1, 0),
(71, 'AD', 'RIYAS DOSTH ADVANCE', 1, 0),
(72, 'X', 'EXPENSE', 1, 0),
(73, 'AD', 'ASNAMOL SHAMNAD ADVANCE', 1, 0),
(74, 'RNT', 'RAHMATH RENT', 1, 0),
(75, 'BL', 'KNH 4617 VEHICLE BALANCE', 1, 0),
(76, 'AD', 'SALI ADVANCE KMH TYRE', 1, 0),
(77, 'BT', 'HASHIM BATA', 1, 0),
(78, 'RNT', 'GA08V8261 JHONSON RENT', 1, 0),
(79, 'RT', 'MAHEEN PALLANA OLD AD RETURN', 1, 0),
(80, 'BILL', 'KALAM C/O HAROON KSEB BILL', 1, 0),
(81, 'TA', 'TA WORKSHOP C/O GOA ', 1, 0),
(82, 'EX', 'RCBOOK CC CLOSED 5923 EXPENCE', 1, 0),
(83, 'C', 'COSTAL ', 1, 0),
(84, 'G', 'HANEEF GOA', 1, 0),
(85, 'K', 'KSEB WORK', 1, 0),
(86, 'JMC', 'VAADI JMC', 1, 0),
(87, 'C', 'HAROON CREDIT', 1, 0),
(88, 'RNT', 'COSTAL RENT', 1, 0),
(89, 'P', 'MOUSE PAD', 1, 0),
(90, 'LBR', 'ICE LBR', 1, 0),
(91, 'RC', 'RECHARGE HAROON', 1, 0),
(92, 'MH', 'MAH ADVANCE', 1, 0),
(93, 'MH', 'MAH RENT', 1, 0),
(94, 'AD', 'YSF( 909) ADVANCE', 1, 0),
(95, 'RNT', 'YSF( 909) RENT', 1, 0),
(96, 'AD', 'DELETE', 1, 0),
(97, 'SLT', 'SALT FISH', 1, 0),
(98, 'ICE', 'KALATHILPARAMBIL ICE', 1, 0),
(99, 'BL', 'YSF BALANCE RETURN', 1, 0),
(100, 'ADV', 'ADV. SALEEM', 1, 0),
(101, 'AD', 'RIYAS DOSTH AD RETURN', 1, 0),
(102, 'WRK', 'PLANT WORK', 1, 0),
(103, 'BNK', 'KNH ACCOUNT BANK', 1, 0),
(104, 'PD', 'PPC KOZHIKODE ADVANCE PAYMENT', 1, 0),
(105, 'RT', 'MAH ADVANCE RETURN', 1, 0),
(106, 'AD', 'MAHEEN ADVANCE ', 1, 0),
(107, 'AD', 'NAZAR ADVANCE', 1, 0),
(108, 'B', 'RIYAS BATA', 1, 0),
(109, 'AD', 'KNH 5923 WORKSHOP AD', 1, 0),
(110, 'RT', 'KABEER ADVANCE RETURN', 1, 0),
(111, 'PR', 'CTM FISH PURCHASE', 1, 0),
(112, 'SL', 'MANSOOR SALARY', 1, 0),
(113, 'RT', 'NAZAR ADVANCE RETURN', 1, 0),
(114, 'P', 'VAIKOM PIDUTHAM', 1, 0),
(115, 'AD', 'SG T. PATTANAM ICE AD', 1, 0),
(116, 'KSEB', 'HAROON KSEB CHARGE', 1, 0),
(117, 'B', 'KSEB BULB', 1, 0),
(118, 'RT', 'KNH BANK A/C RETURN', 1, 0),
(119, 'EX', 'RTGS BANK EXPENSE', 1, 0),
(120, 'EX', 'OFFICE STATIONERY EXPENSE', 1, 0),
(121, 'ALPY', 'LABOUR OFFICE FUND ALPY', 1, 0),
(122, 'P', 'PRINTER', 1, 0),
(128, 'PD', 'PENDRIVE ', 1, 0),
(123, 'RT', 'FANTASTIC OLD AD RETURN', 1, 0),
(124, 'EX', 'ELECTRICAL EXPENSE', 1, 0),
(125, 'LBR', 'ICE LOADING LBR', 1, 0),
(126, 'C', 'SOFTWARE CALICUT', 1, 0),
(127, 'RT', 'KNH 5906 AD RETURN', 1, 0),
(129, 'RT', 'FANTASTIC AD RETURN', 1, 0),
(130, 'AD', 'SHAMNAD ADVANCE', 1, 0),
(131, 'AD', 'SALI ADVANCE', 1, 0),
(132, 'EX', 'GATE & GRILL WELDING PLANT', 1, 0),
(133, 'RNT', 'MAF GA07F4421 RENT', 1, 0),
(134, 'RT', 'SHAMNAD AD RETURN', 1, 0),
(135, 'RT', 'AMEER AD RETURN', 1, 0),
(136, 'AD', 'COSMOS ADVANCE', 1, 0),
(137, 'RNT', 'COSMOS RENT', 1, 0),
(138, 'EX', 'MARKET VLY EXPENSE', 1, 0),
(139, 'RT', 'YSF (909) ADVANCE RETURN', 1, 0),
(140, 'RNT', 'AAMIR DOSTH RENT', 1, 0),
(141, 'AD', 'AAMIR DOSTH ADVANCE', 1, 0),
(142, 'PL', 'SARA ICE FACTORY', 1, 0),
(143, 'AD', 'RAHMATH ADVANCE', 1, 0),
(144, 'AD', 'VPS TN ADVANCE', 1, 0),
(145, 'RNT', 'VPS TN RENT', 1, 0),
(146, 'EX', 'COMPANY EXPENSE', 1, 0),
(147, 'PAY', 'ALUVA ADVANCE PAYMENT', 1, 0),
(148, 'AD', 'NOUFAL YSF ADVANCE', 1, 0),
(149, 'RT', 'NOUFAL YSF AD RETURN', 1, 0),
(150, 'BT', 'COMPANY BATA', 1, 0),
(151, 'SL', 'OFFICE SALARY', 1, 0),
(152, 'AD', 'SHAMNAD PICKUP ADVANCE', 1, 0),
(153, 'RT', 'SHAMNAD PICKUP RENT', 1, 0),
(154, 'RT', 'TAV ADVANCE RETURN', 1, 0),
(155, 'AD', 'COMPANY EXPENSE ADVANCE', 1, 0),
(156, 'AD', 'ANAS DRIVER ADVANCE', 1, 0),
(157, 'AD', 'OFFICE CAMERA FITTINGS AD', 1, 0),
(158, 'AD', 'MABROOK ADVANCE', 1, 0),
(159, 'RT', 'MABROOK RENT', 1, 0),
(160, 'AD', 'JOHNSON ADVANCE', 1, 0),
(161, 'RT', 'JOHNSON RENT', 1, 0),
(162, 'BT', 'MUSTHAFA BATA', 1, 0),
(163, 'R', 'DELETE', 1, 0),
(164, 'AD', 'SIDHI PRASAD KA20D2307 AD', 1, 0),
(165, 'RT', 'SIDHI PRASAD KA20D2307 RENT', 1, 0),
(166, 'RM', 'MASJID EXPENSE RAMADAN', 1, 0),
(167, 'AD', 'KNH ICE PLANT ADVANCE', 1, 0),
(168, 'BT', 'SHAMNAD BATA', 1, 0),
(169, 'BT', 'AKBAR BATA', 1, 0),
(170, 'AD', 'AKBAR ADVANCE', 1, 0),
(171, 'RT', 'ANAS DRIVER AD RETURN', 1, 0),
(172, 'TST', 'KNH 5923 TEST CHAINI', 1, 0),
(173, 'TX', 'KNH 5906 N.P TAX', 1, 0),
(174, 'C', 'COUNTING MACHINE', 1, 0),
(175, 'B', 'NAZEER BONUS', 1, 0),
(176, 'AD', 'SOUPARNIKA KA20D6867 AD', 1, 0),
(177, 'RNT', 'SOUPARNIKA KA20D6867 RENT', 1, 0),
(178, 'RNT', 'PANDALAM DOSTH RENT', 1, 0),
(179, 'AD', 'NANDU DRVR KAROOR AD', 1, 0),
(180, 'RNT', 'SOUPARNIKA KA20D0155 RENT', 1, 0),
(181, 'AD', 'SOUPARNIKA KA20D0155 AD', 1, 0),
(182, 'RNT', 'RIO DOSTH RENT', 1, 0),
(183, 'RNT', 'ACHU ANSIL DOSTH RENT', 1, 0),
(184, 'RC', 'RC C/O VADI CHANDRAPADY', 1, 0),
(185, 'P', 'PARIPPALLY ADVANCE PAYMENT', 1, 0),
(186, 'AD', 'NISAM KAYAMKULAM ', 1, 0),
(187, 'AD', 'KA20D0767 ADVANCE', 1, 0),
(188, 'RNT', 'KA20D0767 RENT', 1, 0),
(189, 'AD', 'CHANGANACHERRY AD PAYMENT', 1, 0),
(190, 'BT', 'MAAMU BATA', 1, 0),
(191, 'LR', 'VEHICLE LINER', 1, 0),
(192, 'RT', 'VADI AFSAL AD RETURN', 1, 0),
(193, 'D', 'ICE CHANDRAPADY', 1, 0),
(194, 'BT', 'SADIK KOCHAPPA BATA', 1, 0),
(195, 'RNT', 'KRNGPLY DOSTH RENT', 1, 0),
(196, 'RT', 'SRS DOSTH RENT', 1, 0),
(197, 'F', 'SRS FISH LOADING', 1, 0),
(198, 'AD', 'KA20C8755 IPL AD', 1, 0),
(199, 'RNT', 'KA20C8755 IPL RENT', 1, 0),
(200, 'AD', 'NPS (407) ADVANCE', 1, 0),
(201, 'RNT', 'NPS (407) RENT', 1, 0),
(202, 'AD', 'NPS (709) ADVANCE', 1, 0),
(203, 'RNT', 'NPS (709) RENT', 1, 0),
(204, 'TEA', 'CONTAINER TEA CASH', 1, 0),
(205, 'RT', 'SALI ADVANCE RETURN', 1, 0),
(206, 'RT', 'EICHER 6569 AD RETURN', 1, 0),
(207, 'AD', 'PICKUP PAIPPAD AD', 1, 0),
(208, 'RT', 'PICKUP PAIPPAD RENT', 1, 0),
(209, 'P', 'PRANAVAM PRESS', 1, 0),
(210, 'RT', 'DELETE', 2, 0),
(211, 'RT', 'YASEEN DOSTH RENT', 1, 0),
(212, 'AD', 'YASEEN DOSTH ADVANCE', 1, 0),
(213, 'RT', 'CONTAINER RENT', 1, 0),
(214, 'RNT', 'SALMAN DOSTH RENT', 1, 0),
(215, 'TST', 'KNH 5906 TEST CHAINI', 1, 0),
(216, 'LN', 'KNH ICE BALANCE LOAN', 1, 0),
(217, 'RT', 'KNH ICE BAL LOAN RETURN', 1, 0),
(218, 'AD', 'AKBAR DRVR ADVANCE', 1, 0),
(219, 'RT', 'AKBAR DRVR AD RETURN', 1, 0),
(220, 'LBR', 'BEACH BOX LOADING LBR', 1, 0),
(221, 'RNT', 'AJAS DOSTH RENT', 1, 0),
(222, 'RNT', 'AJMAL DOSTH RENT', 1, 0),
(223, 'BX', 'KADAMBUKATTIL EXPORTS BOX', 1, 0),
(224, 'RNT', 'NAVAS PICKUP RENT', 1, 0),
(225, 'AD', 'NAVAS PICKUP ADVANCE', 1, 0),
(226, 'AD', 'CHIRAKKAL CALICUT AD', 1, 0),
(227, 'RNT', 'CHIRAKKAL CALICUT RENT', 1, 0);

-- --------------------------------------------------------

--
-- Table structure for table `tblaccount_voucher`
--

CREATE TABLE `tblaccount_voucher` (
  `id_account_voucher` int(11) NOT NULL,
  `voucher_no` int(11) NOT NULL,
  `date` date NOT NULL,
  `ledger_type` int(11) NOT NULL,
  `id_ledger` int(11) NOT NULL,
  `id_account` int(11) NOT NULL,
  `type` varchar(100) NOT NULL,
  `discount` double NOT NULL,
  `_closing_balance` varchar(50) NOT NULL
) ENGINE=InnoDB DEFAULT CHARSET=latin1;

--
-- Dumping data for table `tblaccount_voucher`
--

INSERT INTO `tblaccount_voucher` (`id_account_voucher`, `voucher_no`, `date`, `ledger_type`, `id_ledger`, `id_account`, `type`, `discount`, `_closing_balance`) VALUES
(48, 0, '2018-03-02', 3, 24, 2, 'Payment', 0, '0'),
(49, 0, '2018-03-02', 3, 26, 2, 'Payment', 0, '0'),
(50, 0, '2018-03-02', 3, 25, 2, 'Payment', 0, '0'),
(51, 0, '2018-03-02', 3, 16, 2, 'Payment', 0, '0'),
(52, 0, '2018-03-02', 3, 28, 2, 'Payment', 0, '0'),
(53, 0, '2018-03-02', 3, 20, 2, 'Payment', 0, '0'),
(54, 0, '2018-03-02', 3, 31, 2, 'Payment', 0, '0'),
(67, 0, '2018-03-02', 2, 3, 2, 'Receipt', 0, '0'),
(68, 0, '2018-03-02', 2, 6, 2, 'Receipt', 0, '0'),
(69, 0, '2018-03-02', 2, 9, 2, 'Receipt', 0, '0'),
(70, 0, '2018-03-02', 2, 21, 2, 'Receipt', 0, '0'),
(71, 0, '2018-03-02', 2, 11, 2, 'Receipt', 0, '0'),
(72, 0, '2018-03-02', 3, 29, 2, 'Receipt', 0, '0'),
(73, 0, '2018-03-02', 2, 27, 2, 'Receipt', 0, '0'),
(80, 0, '2018-03-03', 2, 28, 2, 'Receipt', 0, '0'),
(81, 0, '2018-03-03', 2, 10, 2, 'Receipt', 0, '0'),
(82, 0, '2018-03-03', 3, 33, 2, 'Receipt', 0, '0'),
(83, 0, '2018-03-03', 2, 22, 2, 'Receipt', 0, '0'),
(87, 0, '2018-03-03', 3, 25, 2, 'Payment', 0, '0'),
(88, 0, '2018-03-03', 3, 27, 2, 'Payment', 0, '0'),
(89, 0, '2018-03-03', 3, 8, 2, 'Payment', 0, '0'),
(90, 0, '2018-03-03', 3, 36, 2, 'Payment', 0, '0'),
(91, 0, '2018-03-03', 3, 13, 2, 'Payment', 0, '0'),
(92, 0, '2018-03-03', 3, 4, 2, 'Payment', 0, '0'),
(93, 0, '2018-03-03', 3, 3, 2, 'Payment', 0, '0'),
(94, 0, '2018-03-03', 1, 5, 2, 'Payment', 0, '0'),
(95, 0, '2018-03-03', 3, 34, 2, 'Payment', 0, '0'),
(107, 0, '2018-03-04', 2, 18, 2, 'Receipt', 0, '0'),
(108, 0, '2018-03-04', 2, 21, 2, 'Receipt', 0, '0'),
(109, 0, '2018-03-04', 2, 19, 2, 'Receipt', 0, '0'),
(110, 0, '2018-03-04', 2, 22, 2, 'Receipt', 0, '0'),
(111, 0, '2018-03-04', 2, 5, 2, 'Receipt', 0, '0'),
(112, 0, '2018-03-04', 2, 8, 2, 'Receipt', 0, '0'),
(113, 0, '2018-03-04', 3, 39, 2, 'Receipt', 0, '0'),
(114, 0, '2018-03-04', 2, 9, 2, 'Receipt', 0, '0'),
(115, 0, '2018-03-04', 3, 26, 2, 'Payment', 0, '0'),
(116, 0, '2018-03-04', 3, 38, 2, 'Payment', 0, '0'),
(117, 0, '2018-03-04', 3, 25, 2, 'Payment', 0, '0'),
(118, 0, '2018-03-04', 3, 8, 2, 'Payment', 0, '0'),
(119, 0, '2018-03-04', 3, 27, 2, 'Payment', 0, '0'),
(120, 0, '2018-03-04', 3, 16, 2, 'Payment', 0, '0'),
(121, 0, '2018-03-05', 3, 40, 2, 'Payment', 0, '0'),
(122, 0, '2018-03-05', 3, 37, 2, 'Payment', 0, '0'),
(123, 0, '2018-03-05', 3, 41, 2, 'Payment', 0, '0'),
(125, 0, '2018-03-06', 2, 12, 2, 'Receipt', 0, '0'),
(126, 0, '2018-03-06', 2, 9, 2, 'Receipt', 0, '0'),
(127, 0, '2018-03-06', 2, 3, 2, 'Receipt', 0, '0'),
(128, 0, '2018-03-06', 2, 22, 2, 'Receipt', 0, '0'),
(129, 0, '2018-03-06', 2, 28, 2, 'Receipt', 0, '0'),
(136, 0, '2018-03-06', 3, 12, 2, 'Payment', 0, '0'),
(137, 0, '2018-03-06', 3, 30, 2, 'Payment', 0, '0'),
(138, 0, '2018-03-06', 3, 20, 2, 'Payment', 0, '0'),
(139, 0, '2018-03-06', 1, 2, 2, 'Payment', 0, '0'),
(140, 0, '2018-03-06', 3, 42, 2, 'Payment', 0, '0'),
(141, 0, '2018-03-06', 3, 43, 2, 'Payment', 0, '0'),
(142, 0, '2018-03-06', 3, 46, 2, 'Payment', 0, '0'),
(143, 0, '2018-03-06', 3, 45, 2, 'Payment', 0, '0'),
(145, 0, '2018-03-07', 3, 33, 2, 'Receipt', 0, '0'),
(146, 0, '2018-03-07', 3, 47, 2, 'Receipt', 0, '0'),
(147, 0, '2018-03-07', 3, 48, 2, 'Receipt', 0, '0'),
(148, 0, '2018-03-07', 3, 49, 2, 'Receipt', 0, '0'),
(149, 0, '2018-03-07', 3, 50, 2, 'Payment', 0, '0'),
(150, 0, '2018-03-07', 1, 1, 2, 'Payment', 0, '0'),
(168, 0, '2018-03-08', 2, 19, 2, 'Receipt', 0, '0'),
(169, 0, '2018-03-08', 2, 21, 2, 'Receipt', 0, '0'),
(170, 0, '2018-03-08', 2, 6, 2, 'Receipt', 0, '0'),
(171, 0, '2018-03-08', 2, 4, 2, 'Receipt', 0, '0'),
(185, 0, '2018-03-08', 3, 26, 2, 'Payment', 0, '0'),
(186, 0, '2018-03-08', 3, 51, 2, 'Payment', 0, '0'),
(187, 0, '2018-03-08', 3, 38, 2, 'Payment', 0, '0'),
(188, 0, '2018-03-08', 3, 16, 2, 'Payment', 0, '0'),
(189, 0, '2018-03-08', 3, 17, 2, 'Payment', 0, '0'),
(190, 0, '2018-03-08', 3, 25, 2, 'Payment', 0, '0'),
(191, 0, '2018-03-08', 3, 24, 2, 'Payment', 0, '0'),
(192, 0, '2018-03-08', 3, 52, 2, 'Payment', 0, '0'),
(201, 0, '2018-03-09', 2, 9, 2, 'Receipt', 0, '0'),
(202, 0, '2018-03-09', 2, 8, 2, 'Receipt', 0, '0'),
(203, 0, '2018-03-09', 2, 1, 2, 'Receipt', 0, '0'),
(204, 0, '2018-03-09', 3, 53, 2, 'Payment', 0, '0'),
(205, 0, '2018-03-09', 1, 1, 2, 'Payment', 0, '0'),
(206, 0, '2018-03-09', 1, 1, 2, 'Payment', 0, '0'),
(207, 0, '2018-03-10', 2, 5, 2, 'Receipt', 0, '0'),
(211, 0, '2018-03-10', 3, 25, 2, 'Payment', 0, '0'),
(212, 0, '2018-03-10', 3, 54, 2, 'Payment', 0, '0'),
(213, 0, '2018-03-10', 3, 55, 2, 'Payment', 0, '0'),
(214, 0, '2018-03-10', 3, 42, 2, 'Payment', 0, '0'),
(221, 0, '2018-03-11', 3, 63, 2, 'Payment', 0, '0'),
(222, 0, '2018-03-11', 3, 56, 2, 'Payment', 0, '0'),
(223, 0, '2018-03-11', 3, 64, 2, 'Payment', 0, '0'),
(224, 0, '2018-03-12', 3, 36, 2, 'Payment', 0, '0'),
(225, 0, '2018-03-12', 3, 56, 2, 'Payment', 0, '0'),
(228, 0, '2018-03-13', 3, 49, 2, 'Receipt', 0, '0'),
(229, 0, '2018-03-13', 3, 19, 2, 'Payment', 0, '0'),
(230, 0, '2018-03-13', 3, 45, 2, 'Payment', 0, '0'),
(231, 0, '2018-03-13', 3, 65, 2, 'Payment', 0, '0'),
(393, 0, '2018-03-14', 2, 20, 2, 'Receipt', 0, '0'),
(394, 0, '2018-03-14', 2, 8, 2, 'Receipt', 0, '0'),
(395, 0, '2018-03-14', 2, 19, 2, 'Receipt', 0, '0'),
(396, 0, '2018-03-14', 3, 21, 2, 'Receipt', 0, '0'),
(397, 0, '2018-03-14', 2, 88, 2, 'Receipt', 0, '0'),
(398, 0, '2018-03-14', 2, 16, 2, 'Receipt', 0, '0'),
(399, 0, '2018-03-14', 3, 70, 2, 'Receipt', 0, '0'),
(400, 0, '2018-03-14', 2, 26, 2, 'Receipt', 0, '0'),
(401, 0, '2018-03-14', 2, 49, 2, 'Receipt', 0, '0'),
(402, 0, '2018-03-14', 3, 32, 2, 'Receipt', 0, '0'),
(403, 0, '2018-03-14', 2, 37, 2, 'Receipt', 0, '0'),
(420, 0, '2018-03-14', 3, 26, 2, 'Payment', 0, '0'),
(421, 0, '2018-03-14', 3, 15, 2, 'Payment', 0, '0'),
(422, 0, '2018-03-14', 3, 6, 2, 'Payment', 0, '0'),
(423, 0, '2018-03-14', 3, 27, 2, 'Payment', 0, '0'),
(424, 0, '2018-03-14', 3, 32, 2, 'Payment', 0, '0'),
(425, 0, '2018-03-14', 3, 9, 2, 'Payment', 0, '0'),
(426, 0, '2018-03-14', 3, 68, 2, 'Payment', 0, '0'),
(427, 0, '2018-03-14', 3, 17, 2, 'Payment', 0, '0'),
(428, 0, '2018-03-14', 3, 25, 2, 'Payment', 0, '0'),
(429, 0, '2018-03-14', 3, 30, 2, 'Payment', 0, '0'),
(430, 0, '2018-03-14', 3, 11, 2, 'Payment', 0, '0'),
(431, 0, '2018-03-14', 3, 71, 2, 'Payment', 0, '0'),
(432, 0, '2018-03-14', 3, 4, 2, 'Payment', 0, '0'),
(433, 0, '2018-03-14', 3, 3, 2, 'Payment', 0, '0'),
(434, 0, '2018-03-14', 3, 19, 2, 'Payment', 0, '0'),
(435, 0, '2018-03-14', 1, 1, 2, 'Payment', 0, '0'),
(436, 0, '2018-03-14', 3, 52, 2, 'Payment', 0, '0'),
(550, 0, '2018-03-15', 3, 38, 2, 'Payment', 0, '0'),
(551, 0, '2018-03-15', 3, 25, 2, 'Payment', 0, '0'),
(552, 0, '2018-03-15', 3, 26, 2, 'Payment', 0, '0'),
(553, 0, '2018-03-15', 3, 16, 2, 'Payment', 0, '0'),
(554, 0, '2018-03-15', 3, 10, 2, 'Payment', 0, '0'),
(555, 0, '2018-03-15', 3, 8, 2, 'Payment', 0, '0'),
(556, 0, '2018-03-15', 3, 32, 2, 'Payment', 0, '0'),
(557, 0, '2018-03-15', 3, 54, 2, 'Payment', 0, '0'),
(558, 0, '2018-03-15', 3, 6, 2, 'Payment', 0, '0'),
(559, 0, '2018-03-15', 1, 1, 2, 'Payment', 0, '0'),
(560, 0, '2018-03-15', 3, 36, 2, 'Payment', 0, '0'),
(561, 0, '2018-03-15', 3, 44, 2, 'Payment', 0, '0'),
(616, 0, '2018-03-15', 2, 9, 2, 'Receipt', 0, '0'),
(617, 0, '2018-03-15', 2, 11, 2, 'Receipt', 0, '0'),
(618, 0, '2018-03-15', 2, 20, 2, 'Receipt', 0, '0'),
(619, 0, '2018-03-15', 2, 14, 2, 'Receipt', 0, '0'),
(620, 0, '2018-03-15', 2, 16, 2, 'Receipt', 0, '0'),
(621, 0, '2018-03-15', 2, 37, 2, 'Receipt', 0, '0'),
(622, 0, '2018-03-15', 2, 26, 2, 'Receipt', 0, '0'),
(623, 0, '2018-03-15', 2, 49, 2, 'Receipt', 0, '0'),
(624, 0, '2018-03-15', 3, 75, 2, 'Receipt', 0, '0'),
(685, 0, '2018-03-16', 2, 18, 2, 'Receipt', 0, '0'),
(686, 0, '2018-03-16', 2, 20, 2, 'Receipt', 0, '0'),
(687, 0, '2018-03-16', 2, 19, 2, 'Receipt', 0, '0'),
(688, 0, '2018-03-16', 2, 6, 2, 'Receipt', 0, '0'),
(689, 0, '2018-03-16', 2, 9, 2, 'Receipt', 0, '0'),
(690, 0, '2018-03-16', 2, 14, 2, 'Receipt', 0, '0'),
(691, 0, '2018-03-16', 2, 13, 2, 'Receipt', 0, '0'),
(692, 0, '2018-03-16', 2, 26, 2, 'Receipt', 0, '0'),
(693, 0, '2018-03-16', 2, 16, 2, 'Receipt', 0, '0'),
(765, 0, '2018-03-16', 3, 26, 2, 'Payment', 0, '0'),
(766, 0, '2018-03-16', 3, 24, 2, 'Payment', 0, '0'),
(767, 0, '2018-03-16', 3, 38, 2, 'Payment', 0, '0'),
(768, 0, '2018-03-16', 3, 6, 2, 'Payment', 0, '0'),
(769, 0, '2018-03-16', 3, 73, 2, 'Payment', 0, '0'),
(770, 0, '2018-03-16', 3, 74, 2, 'Payment', 0, '0'),
(771, 0, '2018-03-16', 3, 27, 2, 'Payment', 0, '0'),
(772, 0, '2018-03-16', 3, 25, 2, 'Payment', 0, '0'),
(773, 0, '2018-03-16', 3, 71, 2, 'Payment', 0, '0'),
(774, 0, '2018-03-16', 3, 20, 2, 'Payment', 0, '0'),
(775, 0, '2018-03-16', 3, 4, 2, 'Payment', 0, '0'),
(776, 0, '2018-03-16', 3, 3, 2, 'Payment', 0, '0'),
(777, 0, '2018-03-16', 3, 76, 2, 'Payment', 0, '0'),
(778, 0, '2018-03-16', 1, 1, 2, 'Payment', 0, '0'),
(779, 0, '2018-03-16', 3, 37, 2, 'Payment', 0, '0'),
(780, 0, '2018-03-16', 3, 77, 2, 'Payment', 0, '0'),
(781, 0, '2018-03-16', 3, 30, 2, 'Payment', 0, '0'),
(782, 0, '2018-03-16', 3, 42, 2, 'Payment', 0, '0'),
(783, 0, '2018-03-16', 3, 78, 2, 'Payment', 0, '0'),
(882, 0, '2018-03-17', 3, 30, 2, 'Payment', 0, '0'),
(883, 0, '2018-03-17', 3, 8, 2, 'Payment', 0, '0'),
(884, 0, '2018-03-17', 3, 16, 2, 'Payment', 0, '0'),
(885, 0, '2018-03-17', 3, 4, 2, 'Payment', 0, '0'),
(886, 0, '2018-03-17', 3, 3, 2, 'Payment', 0, '0'),
(887, 0, '2018-03-17', 3, 80, 2, 'Payment', 0, '0'),
(888, 0, '2018-03-17', 3, 6, 2, 'Payment', 0, '0'),
(889, 0, '2018-03-17', 3, 25, 2, 'Payment', 0, '0'),
(890, 0, '2018-03-17', 3, 40, 2, 'Payment', 0, '0'),
(891, 0, '2018-03-17', 3, 81, 2, 'Payment', 0, '0'),
(892, 0, '2018-03-17', 1, 9, 2, 'Payment', 0, '0'),
(893, 0, '2018-03-17', 3, 45, 2, 'Payment', 0, '0'),
(894, 0, '2018-03-17', 3, 26, 2, 'Payment', 0, '0'),
(895, 0, '2018-03-17', 2, 16, 2, 'Receipt', 0, '0'),
(896, 0, '2018-03-17', 3, 39, 2, 'Receipt', 0, '0'),
(897, 0, '2018-03-17', 2, 18, 2, 'Receipt', 0, '0'),
(898, 0, '2018-03-17', 2, 3, 2, 'Receipt', 0, '0'),
(899, 0, '2018-03-17', 2, 5, 2, 'Receipt', 0, '0'),
(900, 0, '2018-03-17', 3, 21, 2, 'Receipt', 0, '0'),
(901, 0, '2018-03-17', 3, 79, 2, 'Receipt', 0, '0'),
(902, 0, '2018-03-17', 2, 8, 2, 'Receipt', 0, '0'),
(903, 0, '2018-03-17', 2, 26, 2, 'Receipt', 0, '0'),
(907, 0, '2018-03-18', 2, 9, 2, 'Receipt', 0, '0'),
(908, 0, '2018-03-18', 2, 19, 2, 'Receipt', 0, '0'),
(921, 0, '2018-03-18', 3, 27, 2, 'Payment', 0, '0'),
(922, 0, '2018-03-18', 3, 25, 2, 'Payment', 0, '0'),
(923, 0, '2018-03-18', 3, 26, 2, 'Payment', 0, '0'),
(924, 0, '2018-03-18', 3, 71, 2, 'Payment', 0, '0'),
(925, 0, '2018-03-18', 3, 16, 2, 'Payment', 0, '0'),
(926, 0, '2018-03-18', 3, 57, 2, 'Payment', 0, '0'),
(927, 0, '2018-03-18', 3, 4, 2, 'Payment', 0, '0'),
(928, 0, '2018-03-18', 3, 3, 2, 'Payment', 0, '0'),
(929, 0, '2018-03-18', 3, 19, 2, 'Payment', 0, '0'),
(983, 0, '2018-03-19', 2, 11, 2, 'Receipt', 0, '0'),
(984, 0, '2018-03-19', 2, 9, 2, 'Receipt', 0, '0'),
(985, 0, '2018-03-19', 2, 18, 2, 'Receipt', 0, '0'),
(986, 0, '2018-03-19', 2, 20, 2, 'Receipt', 0, '0'),
(987, 0, '2018-03-19', 2, 13, 2, 'Receipt', 0, '0'),
(988, 0, '2018-03-19', 2, 12, 2, 'Receipt', 0, '0'),
(989, 0, '2018-03-19', 2, 22, 2, 'Receipt', 0, '0'),
(990, 0, '2018-03-19', 2, 26, 2, 'Receipt', 0, '0'),
(1008, 0, '2018-03-19', 3, 26, 2, 'Payment', 0, '0'),
(1009, 0, '2018-03-19', 3, 30, 2, 'Payment', 0, '0'),
(1010, 0, '2018-03-19', 3, 8, 2, 'Payment', 0, '0'),
(1011, 0, '2018-03-19', 1, 2, 2, 'Payment', 0, '0'),
(1012, 0, '2018-03-19', 1, 1, 2, 'Payment', 0, '0'),
(1013, 0, '2018-03-19', 3, 20, 2, 'Payment', 0, '0'),
(1014, 0, '2018-03-19', 3, 82, 2, 'Payment', 0, '0'),
(1015, 0, '2018-03-19', 3, 43, 2, 'Payment', 0, '0'),
(1016, 0, '2018-03-19', 3, 12, 2, 'Payment', 0, '0'),
(1047, 0, '2018-03-20', 2, 19, 2, 'Receipt', 0, '0'),
(1048, 0, '2018-03-20', 2, 10, 2, 'Receipt', 0, '0'),
(1049, 0, '2018-03-20', 3, 87, 2, 'Receipt', 0, '0'),
(1050, 0, '2018-03-20', 2, 18, 2, 'Receipt', 0, '0'),
(1099, 0, '2018-03-20', 3, 85, 2, 'Payment', 0, '0'),
(1100, 0, '2018-03-20', 3, 18, 2, 'Payment', 0, '0'),
(1101, 0, '2018-03-20', 3, 86, 2, 'Payment', 0, '0'),
(1102, 0, '2018-03-20', 3, 32, 2, 'Payment', 0, '0'),
(1103, 0, '2018-03-20', 3, 6, 2, 'Payment', 0, '0'),
(1104, 0, '2018-03-20', 3, 27, 2, 'Payment', 0, '0'),
(1105, 0, '2018-03-20', 3, 25, 2, 'Payment', 0, '0'),
(1106, 0, '2018-03-20', 3, 26, 2, 'Payment', 0, '0'),
(1107, 0, '2018-03-20', 3, 88, 2, 'Payment', 0, '0'),
(1108, 0, '2018-03-20', 3, 71, 2, 'Payment', 0, '0'),
(1109, 0, '2018-03-20', 3, 89, 2, 'Payment', 0, '0'),
(1110, 0, '2018-03-20', 3, 4, 2, 'Payment', 0, '0'),
(1111, 0, '2018-03-20', 3, 19, 2, 'Payment', 0, '0'),
(1112, 0, '2018-03-20', 3, 90, 2, 'Payment', 0, '0'),
(1113, 0, '2018-03-20', 3, 36, 2, 'Payment', 0, '0'),
(1203, 0, '2018-03-22', 2, 16, 2, 'Receipt', 0, '0'),
(1204, 0, '2018-03-22', 3, 99, 2, 'Receipt', 0, '0'),
(1205, 0, '2018-03-22', 2, 26, 2, 'Receipt', 0, '0'),
(1206, 0, '2018-03-22', 3, 101, 2, 'Receipt', 0, '0'),
(1261, 0, '2018-03-22', 3, 38, 2, 'Payment', 0, '0'),
(1262, 0, '2018-03-22', 3, 98, 2, 'Payment', 0, '0'),
(1263, 0, '2018-03-22', 3, 95, 2, 'Payment', 0, '0'),
(1264, 0, '2018-03-22', 3, 27, 2, 'Payment', 0, '0'),
(1265, 0, '2018-03-22', 3, 17, 2, 'Payment', 0, '0'),
(1266, 0, '2018-03-22', 3, 20, 2, 'Payment', 0, '0'),
(1267, 0, '2018-03-22', 3, 66, 2, 'Payment', 0, '0'),
(1268, 0, '2018-03-22', 3, 4, 2, 'Payment', 0, '0'),
(1269, 0, '2018-03-22', 3, 25, 2, 'Payment', 0, '0'),
(1270, 0, '2018-03-22', 3, 3, 2, 'Payment', 0, '0'),
(1271, 0, '2018-03-22', 3, 90, 2, 'Payment', 0, '0'),
(1272, 0, '2018-03-22', 3, 100, 2, 'Payment', 0, '0'),
(1273, 0, '2018-03-22', 3, 8, 2, 'Payment', 0, '0'),
(1274, 0, '2018-03-22', 3, 102, 2, 'Payment', 0, '0'),
(1275, 0, '2018-03-22', 3, 94, 2, 'Payment', 0, '0'),
(1326, 0, '2018-03-23', 2, 6, 2, 'Receipt', 0, '0'),
(1327, 0, '2018-03-23', 2, 9, 2, 'Receipt', 0, '0'),
(1328, 0, '2018-03-23', 2, 19, 2, 'Receipt', 0, '0'),
(1329, 0, '2018-03-23', 2, 16, 2, 'Receipt', 0, '0'),
(1330, 0, '2018-03-23', 2, 57, 2, 'Receipt', 0, '0'),
(1331, 0, '2018-03-23', 3, 24, 2, 'Payment', 0, '0'),
(1332, 0, '2018-03-23', 3, 10, 2, 'Payment', 0, '0'),
(1333, 0, '2018-03-23', 3, 27, 2, 'Payment', 0, '0'),
(1334, 0, '2018-03-23', 3, 25, 2, 'Payment', 0, '0'),
(1335, 0, '2018-03-23', 3, 103, 2, 'Payment', 0, '0'),
(1336, 0, '2018-03-23', 3, 71, 2, 'Payment', 0, '0'),
(1337, 0, '2018-03-23', 3, 56, 2, 'Payment', 0, '0'),
(1338, 0, '2018-03-23', 1, 9, 2, 'Payment', 0, '0'),
(1339, 0, '2018-03-23', 3, 104, 2, 'Payment', 0, '0'),
(1441, 0, '2018-03-24', 2, 8, 2, 'Receipt', 0, '0'),
(1442, 0, '2018-03-24', 2, 20, 2, 'Receipt', 0, '0'),
(1443, 0, '2018-03-24', 2, 18, 2, 'Receipt', 0, '0'),
(1444, 0, '2018-03-24', 3, 21, 2, 'Receipt', 0, '0'),
(1445, 0, '2018-03-24', 3, 105, 2, 'Receipt', 0, '0'),
(1446, 0, '2018-03-24', 2, 16, 2, 'Receipt', 0, '0'),
(1447, 0, '2018-03-24', 2, 13, 2, 'Receipt', 0, '0'),
(1448, 0, '2018-03-24', 2, 6, 2, 'Receipt', 0, '0'),
(1449, 0, '2018-03-24', 2, 5, 2, 'Receipt', 0, '0'),
(1450, 0, '2018-03-24', 2, 3, 2, 'Receipt', 0, '0'),
(1451, 0, '2018-03-24', 2, 14, 2, 'Receipt', 0, '0'),
(1452, 0, '2018-03-24', 3, 79, 2, 'Receipt', 0, '0'),
(1453, 0, '2018-03-24', 2, 49, 2, 'Receipt', 0, '0'),
(1481, 0, '2018-03-25', 1, 10, 2, 'Receipt', 0, '0'),
(1482, 0, '2018-03-25', 2, 19, 2, 'Receipt', 0, '0'),
(1483, 0, '2018-03-25', 2, 9, 2, 'Receipt', 0, '0'),
(1484, 0, '2018-03-25', 3, 110, 2, 'Receipt', 0, '0'),
(1485, 0, '2018-03-25', 2, 1, 2, 'Receipt', 0, '0'),
(1486, 0, '2018-03-25', 3, 75, 2, 'Receipt', 0, '0'),
(1496, 0, '2018-03-25', 3, 50, 2, 'Payment', 0, '0'),
(1497, 0, '2018-03-25', 3, 108, 2, 'Payment', 0, '0'),
(1498, 0, '2018-03-25', 3, 9, 2, 'Payment', 0, '0'),
(1499, 0, '2018-03-25', 3, 11, 2, 'Payment', 0, '0'),
(1500, 0, '2018-03-25', 3, 26, 2, 'Payment', 0, '0'),
(1501, 0, '2018-03-25', 3, 17, 2, 'Payment', 0, '0'),
(1502, 0, '2018-03-25', 3, 109, 2, 'Payment', 0, '0'),
(1503, 0, '2018-03-25', 3, 44, 2, 'Payment', 0, '0'),
(1504, 0, '2018-03-25', 3, 111, 2, 'Payment', 0, '0'),
(1655, 0, '2018-03-26', 2, 19, 2, 'Receipt', 0, '0'),
(1656, 0, '2018-03-26', 2, 18, 2, 'Receipt', 0, '0'),
(1657, 0, '2018-03-26', 3, 21, 2, 'Receipt', 0, '0'),
(1658, 0, '2018-03-26', 3, 110, 2, 'Receipt', 0, '0'),
(1659, 0, '2018-03-26', 2, 9, 2, 'Receipt', 0, '0'),
(1660, 0, '2018-03-26', 2, 16, 2, 'Receipt', 0, '0'),
(1661, 0, '2018-03-26', 2, 34, 2, 'Receipt', 0, '0'),
(1662, 0, '2018-03-26', 2, 26, 2, 'Receipt', 0, '0'),
(1663, 0, '2018-03-26', 2, 49, 2, 'Receipt', 0, '0'),
(1664, 0, '2018-03-26', 3, 113, 2, 'Receipt', 0, '0'),
(1665, 0, '2018-03-26', 3, 118, 2, 'Receipt', 0, '0'),
(1666, 0, '2018-03-26', 3, 123, 2, 'Receipt', 0, '0'),
(1787, 0, '2018-03-27', 2, 19, 2, 'Receipt', 0, '0'),
(1788, 0, '2018-03-27', 2, 18, 2, 'Receipt', 0, '0'),
(1789, 0, '2018-03-27', 3, 21, 2, 'Receipt', 0, '0'),
(1790, 0, '2018-03-27', 1, 1, 2, 'Receipt', 0, '0'),
(1791, 0, '2018-03-27', 2, 16, 2, 'Receipt', 0, '0'),
(1792, 0, '2018-03-27', 3, 118, 2, 'Receipt', 0, '0'),
(1793, 0, '2018-03-27', 3, 26, 2, 'Payment', 0, '0'),
(1794, 0, '2018-03-27', 3, 6, 2, 'Payment', 0, '0'),
(1795, 0, '2018-03-27', 3, 17, 2, 'Payment', 0, '0'),
(1796, 0, '2018-03-27', 3, 57, 2, 'Payment', 0, '0'),
(1797, 0, '2018-03-27', 3, 109, 2, 'Payment', 0, '0'),
(1798, 0, '2018-03-27', 3, 124, 2, 'Payment', 0, '0'),
(1799, 0, '2018-03-27', 3, 25, 2, 'Payment', 0, '0'),
(1800, 0, '2018-03-27', 3, 71, 2, 'Payment', 0, '0'),
(1801, 0, '2018-03-27', 3, 4, 2, 'Payment', 0, '0'),
(1802, 0, '2018-03-27', 3, 19, 2, 'Payment', 0, '0'),
(1803, 0, '2018-03-27', 3, 125, 2, 'Payment', 0, '0'),
(1804, 0, '2018-03-27', 3, 3, 2, 'Payment', 0, '0'),
(1805, 0, '2018-03-27', 3, 43, 2, 'Payment', 0, '0'),
(1806, 0, '2018-03-27', 3, 56, 2, 'Payment', 0, '0'),
(1807, 0, '2018-03-27', 1, 12, 2, 'Payment', 0, '0'),
(1808, 0, '2018-03-27', 3, 36, 2, 'Payment', 0, '0'),
(1816, 0, '2018-03-28', 2, 9, 2, 'Receipt', 0, '0'),
(1817, 0, '2018-03-28', 2, 12, 2, 'Receipt', 0, '0'),
(1818, 0, '2018-03-28', 2, 71, 2, 'Receipt', 0, '0'),
(1819, 0, '2018-03-28', 2, 11, 2, 'Receipt', 0, '0'),
(1836, 0, '2018-03-28', 3, 26, 2, 'Payment', 0, '0'),
(1837, 0, '2018-03-28', 3, 17, 2, 'Payment', 0, '0'),
(1838, 0, '2018-03-28', 3, 30, 2, 'Payment', 0, '0'),
(1839, 0, '2018-03-28', 3, 3, 2, 'Payment', 0, '0'),
(1840, 0, '2018-03-28', 3, 90, 2, 'Payment', 0, '0'),
(1841, 0, '2018-03-28', 3, 126, 2, 'Payment', 0, '0'),
(1860, 0, '2018-03-29', 2, 3, 2, 'Receipt', 0, '0'),
(1861, 0, '2018-03-29', 2, 8, 2, 'Receipt', 0, '0'),
(1862, 0, '2018-03-29', 2, 10, 2, 'Receipt', 0, '0'),
(1863, 0, '2018-03-29', 3, 127, 2, 'Receipt', 0, '0'),
(1900, 0, '2018-03-26', 3, 6, 2, 'Payment', 0, '0'),
(1901, 0, '2018-03-26', 3, 26, 2, 'Payment', 0, '0'),
(1902, 0, '2018-03-26', 3, 17, 2, 'Payment', 0, '0'),
(1903, 0, '2018-03-26', 3, 25, 2, 'Payment', 0, '0'),
(1904, 0, '2018-03-26', 3, 30, 2, 'Payment', 0, '0'),
(1905, 0, '2018-03-26', 3, 71, 2, 'Payment', 0, '0'),
(1906, 0, '2018-03-26', 3, 112, 2, 'Payment', 0, '0'),
(1907, 0, '2018-03-26', 3, 114, 2, 'Payment', 0, '0'),
(1908, 0, '2018-03-26', 3, 32, 2, 'Payment', 0, '0'),
(1909, 0, '2018-03-26', 3, 115, 2, 'Payment', 0, '0'),
(1910, 0, '2018-03-26', 3, 116, 2, 'Payment', 0, '0'),
(1911, 0, '2018-03-26', 3, 117, 2, 'Payment', 0, '0'),
(1912, 0, '2018-03-26', 3, 119, 2, 'Payment', 0, '0'),
(1913, 0, '2018-03-26', 3, 120, 2, 'Payment', 0, '0'),
(1914, 0, '2018-03-26', 3, 121, 2, 'Payment', 0, '0'),
(1915, 0, '2018-03-26', 3, 122, 2, 'Payment', 0, '0'),
(1916, 0, '2018-03-26', 3, 37, 2, 'Payment', 0, '0'),
(1917, 0, '2018-03-26', 3, 11, 2, 'Payment', 0, '0'),
(1918, 0, '2018-03-26', 1, 12, 2, 'Payment', 0, '0'),
(1936, 0, '2018-03-24', 3, 6, 2, 'Payment', 0, '0'),
(1937, 0, '2018-03-24', 3, 93, 2, 'Payment', 0, '0'),
(1938, 0, '2018-03-24', 3, 24, 2, 'Payment', 0, '0'),
(1939, 0, '2018-03-24', 3, 27, 2, 'Payment', 0, '0'),
(1940, 0, '2018-03-24', 3, 30, 2, 'Payment', 0, '0'),
(1941, 0, '2018-03-24', 3, 8, 2, 'Payment', 0, '0'),
(1942, 0, '2018-03-24', 3, 71, 2, 'Payment', 0, '0'),
(1943, 0, '2018-03-24', 3, 16, 2, 'Payment', 0, '0'),
(1944, 0, '2018-03-24', 3, 4, 2, 'Payment', 0, '0'),
(1945, 0, '2018-03-24', 3, 3, 2, 'Payment', 0, '0'),
(1946, 0, '2018-03-24', 3, 106, 2, 'Payment', 0, '0'),
(1947, 0, '2018-03-24', 3, 107, 2, 'Payment', 0, '0'),
(1948, 0, '2018-03-24', 3, 45, 2, 'Payment', 0, '0'),
(1949, 0, '2018-03-24', 3, 11, 2, 'Payment', 0, '0'),
(1950, 0, '2018-03-24', 3, 42, 2, 'Payment', 0, '0'),
(1951, 0, '2018-03-24', 3, 53, 2, 'Payment', 0, '0'),
(1952, 0, '2018-03-24', 3, 26, 2, 'Payment', 0, '0'),
(1953, 0, '2018-03-24', 1, 12, 2, 'Payment', 0, '0'),
(1962, 0, '2018-03-21', 3, 91, 2, 'Payment', 0, '0'),
(1963, 0, '2018-03-21', 3, 30, 2, 'Payment', 0, '0'),
(1964, 0, '2018-03-21', 3, 16, 2, 'Payment', 0, '0'),
(1965, 0, '2018-03-21', 3, 92, 2, 'Payment', 0, '0'),
(1966, 0, '2018-03-21', 3, 26, 2, 'Payment', 0, '0'),
(1967, 0, '2018-03-21', 3, 71, 2, 'Payment', 0, '0'),
(1968, 0, '2018-03-21', 3, 65, 2, 'Payment', 0, '0'),
(1969, 0, '2018-03-21', 1, 12, 2, 'Payment', 0, '0'),
(1976, 0, '2018-03-21', 2, 9, 2, 'Receipt', 0, '0'),
(1977, 0, '2018-03-21', 2, 19, 2, 'Receipt', 0, '0'),
(1978, 0, '2018-03-21', 2, 18, 2, 'Receipt', 0, '0'),
(1979, 0, '2018-03-21', 2, 26, 2, 'Receipt', 0, '0'),
(1980, 0, '2018-03-21', 2, 2, 2, 'Receipt', 0, '0'),
(1981, 0, '2018-03-21', 2, 90, 2, 'Receipt', 0, '0'),
(1982, 0, '2018-03-29', 3, 26, 2, 'Payment', 0, '0'),
(1983, 0, '2018-03-29', 3, 16, 2, 'Payment', 0, '0'),
(1984, 0, '2018-03-29', 3, 94, 2, 'Payment', 0, '0'),
(1985, 0, '2018-03-29', 3, 20, 2, 'Payment', 0, '0'),
(1986, 0, '2018-03-29', 1, 11, 2, 'Payment', 0, '0'),
(1987, 0, '2018-03-29', 3, 45, 2, 'Payment', 0, '0'),
(1988, 0, '2018-03-29', 3, 9, 2, 'Payment', 0, '0'),
(1989, 0, '2018-03-29', 3, 11, 2, 'Payment', 0, '0'),
(1993, 0, '2018-03-30', 3, 71, 2, 'Payment', 0, '0'),
(1994, 0, '2018-03-30', 3, 46, 2, 'Payment', 0, '0'),
(1995, 0, '2018-03-31', 2, 18, 2, 'Receipt', 0, '0'),
(2000, 0, '2018-03-31', 3, 26, 2, 'Payment', 0, '0'),
(2001, 0, '2018-03-31', 3, 17, 2, 'Payment', 0, '0'),
(2002, 0, '2018-03-31', 3, 128, 2, 'Payment', 0, '0'),
(2032, 0, '2018-04-01', 2, 80, 2, 'Receipt', 0, '0'),
(2033, 0, '2018-04-01', 2, 6, 2, 'Receipt', 0, '0'),
(2034, 0, '2018-04-01', 2, 91, 2, 'Receipt', 0, '0'),
(2035, 0, '2018-04-01', 2, 22, 2, 'Receipt', 0, '0'),
(2036, 0, '2018-04-01', 3, 99, 2, 'Receipt', 0, '0'),
(2037, 0, '2018-04-01', 3, 129, 2, 'Receipt', 0, '0'),
(2038, 0, '2018-04-01', 3, 75, 2, 'Receipt', 0, '0'),
(2039, 0, '2018-04-01', 3, 60, 2, 'Payment', 0, '0'),
(2040, 0, '2018-04-01', 3, 30, 2, 'Payment', 0, '0'),
(2041, 0, '2018-04-01', 3, 71, 2, 'Payment', 0, '0'),
(2042, 0, '2018-04-01', 3, 24, 2, 'Payment', 0, '0'),
(2043, 0, '2018-04-01', 3, 25, 2, 'Payment', 0, '0'),
(2044, 0, '2018-04-01', 3, 12, 2, 'Payment', 0, '0'),
(2045, 0, '2018-04-01', 1, 12, 2, 'Payment', 0, '0'),
(2046, 0, '2018-04-01', 3, 95, 2, 'Payment', 0, '0'),
(2047, 0, '2018-04-01', 3, 125, 2, 'Payment', 0, '0'),
(2048, 0, '2018-04-01', 3, 4, 2, 'Payment', 0, '0'),
(2049, 0, '2018-04-01', 3, 3, 2, 'Payment', 0, '0'),
(2050, 0, '2018-04-01', 3, 44, 2, 'Payment', 0, '0'),
(2051, 0, '2018-04-01', 3, 109, 2, 'Payment', 0, '0'),
(2052, 0, '2018-04-01', 3, 36, 2, 'Payment', 0, '0'),
(2055, 0, '2018-04-03', 2, 19, 2, 'Receipt', 0, '0'),
(2056, 0, '2018-04-03', 2, 21, 2, 'Receipt', 0, '0'),
(2057, 0, '2018-04-03', 2, 9, 2, 'Receipt', 0, '0'),
(2058, 0, '2018-04-02', 1, 12, 2, 'Payment', 0, '0'),
(2059, 0, '2018-04-02', 3, 36, 2, 'Payment', 0, '0'),
(2070, 0, '2018-04-03', 3, 8, 2, 'Payment', 0, '0'),
(2071, 0, '2018-04-03', 3, 40, 2, 'Payment', 0, '0'),
(2072, 0, '2018-04-03', 3, 25, 2, 'Payment', 0, '0'),
(2073, 0, '2018-04-03', 1, 12, 2, 'Payment', 0, '0'),
(2074, 0, '2018-04-03', 3, 23, 2, 'Payment', 0, '0'),
(2075, 0, '2018-04-04', 2, 9, 2, 'Receipt', 0, '0'),
(2088, 0, '2018-04-04', 3, 107, 2, 'Payment', 0, '0'),
(2089, 0, '2018-04-04', 3, 25, 2, 'Payment', 0, '0'),
(2090, 0, '2018-04-04', 3, 16, 2, 'Payment', 0, '0'),
(2091, 0, '2018-04-04', 3, 3, 2, 'Payment', 0, '0'),
(2092, 0, '2018-04-04', 3, 4, 2, 'Payment', 0, '0'),
(2093, 0, '2018-04-04', 1, 9, 2, 'Payment', 0, '0'),
(2113, 0, '2018-04-05', 2, 8, 2, 'Receipt', 0, '0'),
(2114, 0, '2018-04-05', 2, 20, 2, 'Receipt', 0, '0'),
(2115, 0, '2018-04-05', 2, 22, 2, 'Receipt', 0, '0'),
(2116, 0, '2018-04-05', 3, 113, 2, 'Receipt', 0, '0'),
(2123, 0, '2018-04-05', 3, 26, 2, 'Payment', 0, '0'),
(2124, 0, '2018-04-05', 3, 130, 2, 'Payment', 0, '0'),
(2125, 0, '2018-04-05', 3, 131, 2, 'Payment', 0, '0'),
(2126, 0, '2018-04-05', 3, 25, 2, 'Payment', 0, '0'),
(2127, 0, '2018-04-05', 3, 10, 2, 'Payment', 0, '0'),
(2128, 0, '2018-04-05', 3, 12, 2, 'Payment', 0, '0'),
(2129, 0, '2018-04-05', 1, 12, 2, 'Payment', 0, '0'),
(2156, 0, '2018-04-06', 2, 92, 2, 'Receipt', 0, '0'),
(2157, 0, '2018-04-06', 2, 26, 2, 'Receipt', 0, '0'),
(2158, 0, '2018-04-06', 3, 71, 2, 'Payment', 0, '0'),
(2159, 0, '2018-04-06', 3, 37, 2, 'Payment', 0, '0'),
(2160, 0, '2018-04-06', 3, 17, 2, 'Payment', 0, '0'),
(2161, 0, '2018-04-06', 3, 120, 2, 'Payment', 0, '0'),
(2162, 0, '2018-04-06', 3, 45, 2, 'Payment', 0, '0'),
(2163, 0, '2018-04-06', 3, 60, 2, 'Payment', 0, '0'),
(2164, 0, '2018-04-06', 1, 1, 2, 'Payment', 0, '0'),
(2165, 0, '2018-04-06', 2, 26, 2, 'Payment', 0, '0'),
(2175, 0, '2018-04-07', 2, 5, 2, 'Receipt', 0, '0'),
(2176, 0, '2018-04-07', 2, 6, 2, 'Receipt', 0, '0'),
(2177, 0, '2018-04-07', 2, 19, 2, 'Receipt', 0, '0'),
(2178, 0, '2018-04-07', 2, 18, 2, 'Receipt', 0, '0'),
(2205, 0, '2018-04-07', 3, 71, 2, 'Payment', 0, '0'),
(2206, 0, '2018-04-07', 3, 132, 2, 'Payment', 0, '0'),
(2207, 0, '2018-04-07', 3, 11, 2, 'Payment', 0, '0'),
(2208, 0, '2018-04-07', 3, 43, 2, 'Payment', 0, '0'),
(2209, 0, '2018-04-07', 3, 64, 2, 'Payment', 0, '0'),
(2210, 0, '2018-04-07', 3, 26, 2, 'Payment', 0, '0'),
(2211, 0, '2018-04-07', 3, 25, 2, 'Payment', 0, '0'),
(2212, 0, '2018-04-07', 3, 51, 2, 'Payment', 0, '0'),
(2213, 0, '2018-04-07', 3, 125, 2, 'Payment', 0, '0'),
(2214, 0, '2018-04-07', 3, 4, 2, 'Payment', 0, '0'),
(2216, 0, '2018-04-08', 2, 1, 2, 'Receipt', 0, '0'),
(2241, 0, '2018-04-08', 3, 71, 2, 'Payment', 0, '0'),
(2242, 0, '2018-04-08', 1, 12, 2, 'Payment', 0, '0'),
(2243, 0, '2018-04-08', 3, 32, 2, 'Payment', 0, '0'),
(2244, 0, '2018-04-08', 3, 12, 2, 'Payment', 0, '0'),
(2245, 0, '2018-04-08', 3, 36, 2, 'Payment', 0, '0'),
(2246, 0, '2018-04-08', 1, 12, 2, 'Payment', 0, '0'),
(2247, 0, '2018-04-08', 3, 42, 2, 'Payment', 0, '0'),
(2358, 0, '2018-04-09', 2, 13, 2, 'Receipt', 0, '0'),
(2359, 0, '2018-04-09', 2, 20, 2, 'Receipt', 0, '0'),
(2360, 0, '2018-04-09', 3, 99, 2, 'Receipt', 0, '0'),
(2361, 0, '2018-04-09', 2, 10, 2, 'Receipt', 0, '0'),
(2362, 0, '2018-04-09', 2, 93, 2, 'Receipt', 0, '0'),
(2390, 0, '2018-04-09', 3, 30, 2, 'Payment', 0, '0'),
(2391, 0, '2018-04-09', 3, 26, 2, 'Payment', 0, '0'),
(2392, 0, '2018-04-09', 3, 17, 2, 'Payment', 0, '0'),
(2393, 0, '2018-04-09', 3, 25, 2, 'Payment', 0, '0'),
(2394, 0, '2018-04-09', 3, 95, 2, 'Payment', 0, '0'),
(2395, 0, '2018-04-09', 3, 4, 2, 'Payment', 0, '0'),
(2396, 0, '2018-04-09', 3, 125, 2, 'Payment', 0, '0'),
(2397, 0, '2018-04-09', 3, 133, 2, 'Payment', 0, '0'),
(2398, 0, '2018-04-09', 3, 23, 2, 'Payment', 0, '0'),
(2399, 0, '2018-04-09', 3, 8, 2, 'Payment', 0, '0'),
(2538, 0, '2018-04-10', 2, 19, 2, 'Receipt', 0, '0'),
(2539, 0, '2018-04-10', 2, 18, 2, 'Receipt', 0, '0'),
(2540, 0, '2018-04-10', 2, 21, 2, 'Receipt', 0, '0'),
(2541, 0, '2018-04-10', 3, 134, 2, 'Receipt', 0, '0'),
(2542, 0, '2018-04-10', 3, 135, 2, 'Receipt', 0, '0'),
(2543, 0, '2018-04-10', 3, 99, 2, 'Receipt', 0, '0'),
(2544, 0, '2018-04-10', 2, 22, 2, 'Receipt', 0, '0'),
(2545, 0, '2018-04-10', 2, 38, 2, 'Receipt', 0, '0'),
(2546, 0, '2018-04-10', 2, 37, 2, 'Receipt', 0, '0'),
(2547, 0, '2018-04-10', 2, 26, 2, 'Receipt', 0, '0'),
(2548, 0, '2018-04-10', 2, 23, 2, 'Receipt', 0, '0'),
(2549, 0, '2018-04-10', 3, 75, 2, 'Receipt', 0, '0'),
(2576, 0, '2018-04-10', 3, 26, 2, 'Payment', 0, '0'),
(2577, 0, '2018-04-10', 3, 8, 2, 'Payment', 0, '0'),
(2578, 0, '2018-04-10', 3, 32, 2, 'Payment', 0, '0'),
(2579, 0, '2018-04-10', 3, 62, 2, 'Payment', 0, '0'),
(2580, 0, '2018-04-10', 1, 1, 2, 'Payment', 0, '0'),
(2581, 0, '2018-04-10', 3, 133, 2, 'Payment', 0, '0'),
(2582, 0, '2018-04-10', 3, 25, 2, 'Payment', 0, '0'),
(2583, 0, '2018-04-10', 3, 95, 2, 'Payment', 0, '0'),
(2584, 0, '2018-04-10', 3, 4, 2, 'Payment', 0, '0'),
(2585, 0, '2018-04-10', 3, 3, 2, 'Payment', 0, '0'),
(2586, 0, '2018-04-10', 3, 3, 2, 'Payment', 0, '0'),
(2587, 0, '2018-04-10', 3, 44, 2, 'Payment', 0, '0'),
(2588, 0, '2018-04-10', 3, 43, 2, 'Payment', 0, '0'),
(2589, 0, '2018-04-10', 1, 9, 2, 'Payment', 0, '0'),
(2653, 0, '2018-04-11', 2, 19, 2, 'Receipt', 0, '0'),
(2654, 0, '2018-04-11', 2, 28, 2, 'Receipt', 0, '0'),
(2655, 0, '2018-04-11', 2, 11, 2, 'Receipt', 0, '0'),
(2656, 0, '2018-04-11', 2, 9, 2, 'Receipt', 0, '0'),
(2657, 0, '2018-04-11', 2, 18, 2, 'Receipt', 0, '0'),
(2658, 0, '2018-04-11', 3, 134, 2, 'Receipt', 0, '0'),
(2659, 0, '2018-04-11', 2, 3, 2, 'Receipt', 0, '0'),
(2660, 0, '2018-04-11', 2, 6, 2, 'Receipt', 0, '0'),
(2661, 0, '2018-04-11', 1, 1, 2, 'Receipt', 0, '0'),
(2702, 0, '2018-04-11', 3, 26, 2, 'Payment', 0, '0'),
(2703, 0, '2018-04-11', 3, 136, 2, 'Payment', 0, '0'),
(2704, 0, '2018-04-11', 3, 8, 2, 'Payment', 0, '0'),
(2705, 0, '2018-04-11', 3, 16, 2, 'Payment', 0, '0'),
(2706, 0, '2018-04-11', 3, 18, 2, 'Payment', 0, '0'),
(2707, 0, '2018-04-11', 3, 25, 2, 'Payment', 0, '0'),
(2708, 0, '2018-04-11', 3, 57, 2, 'Payment', 0, '0'),
(2709, 0, '2018-04-11', 3, 56, 2, 'Payment', 0, '0'),
(2710, 0, '2018-04-11', 3, 61, 2, 'Payment', 0, '0'),
(2711, 0, '2018-04-11', 1, 12, 2, 'Payment', 0, '0'),
(2712, 0, '2018-04-11', 3, 4, 2, 'Payment', 0, '0'),
(2713, 0, '2018-04-11', 3, 19, 2, 'Payment', 0, '0'),
(2714, 0, '2018-04-11', 1, 1, 2, 'Payment', 0, '0'),
(2742, 0, '2018-04-12', 2, 12, 2, 'Receipt', 0, '0'),
(2743, 0, '2018-04-12', 2, 13, 2, 'Receipt', 0, '0'),
(2744, 0, '2018-04-12', 2, 1, 2, 'Receipt', 0, '0'),
(2745, 0, '2018-04-12', 3, 30, 2, 'Payment', 0, '0'),
(2746, 0, '2018-04-12', 3, 25, 2, 'Payment', 0, '0'),
(2747, 0, '2018-04-12', 3, 17, 2, 'Payment', 0, '0'),
(2748, 0, '2018-04-12', 3, 138, 2, 'Payment', 0, '0'),
(2749, 0, '2018-04-12', 3, 20, 2, 'Payment', 0, '0'),
(2750, 0, '2018-04-12', 1, 1, 2, 'Payment', 0, '0'),
(2751, 0, '2018-04-13', 2, 20, 2, 'Receipt', 0, '0'),
(2752, 0, '2018-04-13', 2, 9, 2, 'Receipt', 0, '0'),
(2753, 0, '2018-04-13', 2, 26, 2, 'Receipt', 0, '0'),
(2770, 0, '2018-04-13', 3, 26, 2, 'Payment', 0, '0'),
(2771, 0, '2018-04-13', 3, 11, 2, 'Payment', 0, '0'),
(2772, 0, '2018-04-13', 3, 25, 2, 'Payment', 0, '0'),
(2773, 0, '2018-04-13', 3, 94, 2, 'Payment', 0, '0'),
(2774, 0, '2018-04-13', 3, 36, 2, 'Payment', 0, '0'),
(2775, 0, '2018-04-13', 1, 12, 2, 'Payment', 0, '0'),
(2776, 0, '2018-04-13', 3, 20, 2, 'Payment', 0, '0'),
(2945, 0, '2018-04-14', 3, 32, 2, 'Receipt', 0, '0'),
(2946, 0, '2018-04-14', 2, 22, 2, 'Receipt', 0, '0'),
(2947, 0, '2018-04-14', 2, 6, 2, 'Receipt', 0, '0'),
(2948, 0, '2018-04-14', 3, 47, 2, 'Receipt', 0, '0'),
(2949, 0, '2018-04-14', 2, 3, 2, 'Receipt', 0, '0'),
(2950, 0, '2018-04-14', 2, 1, 2, 'Receipt', 0, '0'),
(2951, 0, '2018-04-14', 2, 11, 2, 'Receipt', 0, '0'),
(2952, 0, '2018-04-14', 3, 127, 2, 'Receipt', 0, '0'),
(2953, 0, '2018-04-14', 1, 12, 2, 'Payment', 0, '0'),
(2954, 0, '2018-04-14', 3, 17, 2, 'Payment', 0, '0'),
(2955, 0, '2018-04-14', 3, 37, 2, 'Payment', 0, '0'),
(2956, 0, '2018-04-14', 3, 4, 2, 'Payment', 0, '0'),
(2957, 0, '2018-04-14', 3, 125, 2, 'Payment', 0, '0'),
(2958, 0, '2018-04-14', 2, 6, 2, 'Payment', 0, '0'),
(2959, 0, '2018-04-14', 1, 12, 2, 'Payment', 0, '0'),
(2960, 0, '2018-04-14', 1, 13, 2, 'Payment', 0, '0'),
(2961, 0, '2018-04-14', 3, 26, 2, 'Payment', 0, '0'),
(2962, 0, '2018-04-14', 3, 10, 2, 'Payment', 0, '0'),
(2963, 0, '2018-04-14', 1, 12, 2, 'Payment', 0, '0'),
(2964, 0, '2018-04-14', 3, 9, 2, 'Payment', 0, '0'),
(2965, 0, '2018-04-14', 3, 11, 2, 'Payment', 0, '0'),
(2974, 0, '2018-04-15', 2, 5, 2, 'Receipt', 0, '0'),
(2975, 0, '2018-04-15', 2, 3, 2, 'Receipt', 0, '0'),
(2976, 0, '2018-04-15', 2, 18, 2, 'Receipt', 0, '0'),
(2977, 0, '2018-04-15', 3, 139, 2, 'Receipt', 0, '0'),
(2997, 0, '2018-04-16', 2, 12, 2, 'Receipt', 0, '0'),
(2998, 0, '2018-04-16', 2, 16, 2, 'Receipt', 0, '0'),
(2999, 0, '2018-04-16', 2, 9, 2, 'Receipt', 0, '0'),
(3000, 0, '2018-04-16', 3, 79, 2, 'Receipt', 0, '0'),
(3001, 0, '2018-04-16', 2, 20, 2, 'Receipt', 0, '0'),
(3002, 0, '2018-04-16', 2, 19, 2, 'Receipt', 0, '0'),
(3003, 0, '2018-04-16', 3, 75, 2, 'Receipt', 0, '0'),
(3004, 0, '2018-04-16', 2, 1, 2, 'Receipt', 0, '0'),
(3005, 0, '2018-04-16', 2, 37, 2, 'Receipt', 0, '0'),
(3006, 0, '2018-04-16', 2, 35, 2, 'Receipt', 0, '0'),
(3015, 0, '2018-04-16', 3, 30, 2, 'Payment', 0, '0'),
(3016, 0, '2018-04-16', 3, 71, 2, 'Payment', 0, '0'),
(3017, 0, '2018-04-16', 3, 16, 2, 'Payment', 0, '0'),
(3018, 0, '2018-04-16', 1, 8, 2, 'Payment', 0, '0'),
(3019, 0, '2018-04-16', 3, 44, 2, 'Payment', 0, '0'),
(3020, 0, '2018-04-16', 1, 15, 2, 'Payment', 0, '0'),
(3021, 0, '2018-04-16', 3, 3, 2, 'Payment', 0, '0'),
(3022, 0, '2018-04-16', 3, 4, 2, 'Payment', 0, '0'),
(3023, 0, '2018-04-16', 3, 125, 2, 'Payment', 0, '0'),
(3024, 0, '2018-04-16', 1, 1, 2, 'Payment', 0, '0'),
(3025, 0, '2018-04-16', 3, 119, 2, 'Payment', 0, '0'),
(3026, 0, '2018-04-16', 3, 44, 2, 'Payment', 0, '0'),
(3035, 0, '2018-04-15', 3, 71, 2, 'Payment', 0, '0'),
(3036, 0, '2018-04-15', 1, 12, 2, 'Payment', 0, '0'),
(3037, 0, '2018-04-15', 3, 17, 2, 'Payment', 0, '0'),
(3038, 0, '2018-04-15', 3, 26, 2, 'Payment', 0, '0'),
(3039, 0, '2018-04-15', 3, 133, 2, 'Payment', 0, '0'),
(3040, 0, '2018-04-15', 3, 62, 2, 'Payment', 0, '0'),
(3041, 0, '2018-04-15', 3, 25, 2, 'Payment', 0, '0'),
(3042, 0, '2018-04-15', 3, 12, 2, 'Payment', 0, '0'),
(3077, 0, '2018-04-17', 2, 18, 2, 'Receipt', 0, '0'),
(3078, 0, '2018-04-17', 2, 20, 2, 'Receipt', 0, '0'),
(3079, 0, '2018-04-17', 2, 37, 2, 'Receipt', 0, '0'),
(3080, 0, '2018-04-17', 2, 22, 2, 'Receipt', 0, '0'),
(3081, 0, '2018-04-17', 2, 34, 2, 'Receipt', 0, '0'),
(3082, 0, '2018-04-17', 2, 16, 2, 'Receipt', 0, '0'),
(3197, 0, '2018-04-17', 3, 140, 2, 'Payment', 0, '0'),
(3198, 0, '2018-04-17', 3, 26, 2, 'Payment', 0, '0'),
(3199, 0, '2018-04-17', 3, 56, 2, 'Payment', 0, '0'),
(3200, 0, '2018-04-17', 3, 95, 2, 'Payment', 0, '0'),
(3201, 0, '2018-04-17', 3, 30, 2, 'Payment', 0, '0'),
(3202, 0, '2018-04-17', 3, 8, 2, 'Payment', 0, '0'),
(3203, 0, '2018-04-17', 3, 143, 2, 'Payment', 0, '0'),
(3204, 0, '2018-04-17', 1, 12, 2, 'Payment', 0, '0'),
(3205, 0, '2018-04-17', 3, 144, 2, 'Payment', 0, '0'),
(3206, 0, '2018-04-17', 3, 94, 2, 'Payment', 0, '0'),
(3333, 0, '2018-04-18', 2, 10, 2, 'Receipt', 0, '0'),
(3334, 0, '2018-04-18', 2, 49, 2, 'Receipt', 0, '0'),
(3335, 0, '2018-04-18', 2, 16, 2, 'Receipt', 0, '0'),
(3336, 0, '2018-04-18', 2, 13, 2, 'Receipt', 0, '0'),
(3337, 0, '2018-04-18', 2, 19, 2, 'Receipt', 0, '0'),
(3338, 0, '2018-04-18', 2, 34, 2, 'Receipt', 0, '0'),
(3339, 0, '2018-04-18', 2, 8, 2, 'Receipt', 0, '0'),
(3340, 0, '2018-04-18', 2, 28, 2, 'Receipt', 0, '0'),
(3430, 0, '2018-04-18', 3, 27, 2, 'Payment', 0, '0'),
(3431, 0, '2018-04-18', 3, 137, 2, 'Payment', 0, '0'),
(3432, 0, '2018-04-18', 3, 25, 2, 'Payment', 0, '0'),
(3433, 0, '2018-04-18', 3, 26, 2, 'Payment', 0, '0'),
(3434, 0, '2018-04-18', 3, 74, 2, 'Payment', 0, '0'),
(3435, 0, '2018-04-18', 3, 107, 2, 'Payment', 0, '0'),
(3436, 0, '2018-04-18', 1, 1, 2, 'Payment', 0, '0'),
(3437, 0, '2018-04-18', 3, 57, 2, 'Payment', 0, '0'),
(3438, 0, '2018-04-18', 3, 136, 2, 'Payment', 0, '0'),
(3439, 0, '2018-04-18', 3, 4, 2, 'Payment', 0, '0'),
(3440, 0, '2018-04-18', 3, 19, 2, 'Payment', 0, '0'),
(3441, 0, '2018-04-18', 3, 3, 2, 'Payment', 0, '0'),
(3442, 0, '2018-04-18', 3, 10, 2, 'Payment', 0, '0'),
(3443, 0, '2018-04-18', 3, 120, 2, 'Payment', 0, '0'),
(3822, 0, '2018-04-19', 2, 12, 2, 'Receipt', 0, '0'),
(3823, 0, '2018-04-19', 2, 19, 2, 'Receipt', 0, '0'),
(3824, 0, '2018-04-19', 2, 2, 2, 'Receipt', 0, '0'),
(3825, 0, '2018-04-19', 2, 3, 2, 'Receipt', 0, '0'),
(3826, 0, '2018-04-19', 3, 99, 2, 'Receipt', 0, '0'),
(3827, 0, '2018-04-19', 2, 20, 2, 'Receipt', 0, '0'),
(3828, 0, '2018-04-19', 2, 38, 2, 'Receipt', 0, '0'),
(3829, 0, '2018-04-19', 2, 38, 2, 'Receipt', 0, '0'),
(3830, 0, '2018-04-19', 2, 6, 2, 'Receipt', 0, '0'),
(3831, 0, '2018-04-19', 2, 25, 2, 'Receipt', 0, '0'),
(3832, 0, '2018-04-19', 2, 5, 2, 'Receipt', 0, '0'),
(3833, 0, '2018-04-19', 2, 37, 2, 'Receipt', 0, '0'),
(3834, 0, '2018-04-19', 2, 97, 2, 'Receipt', 0, '0'),
(3869, 0, '2018-04-19', 3, 95, 2, 'Payment', 0, '0'),
(3870, 0, '2018-04-19', 3, 26, 2, 'Payment', 0, '0'),
(3871, 0, '2018-04-19', 3, 8, 2, 'Payment', 0, '0'),
(3872, 0, '2018-04-19', 3, 27, 2, 'Payment', 0, '0'),
(3873, 0, '2018-04-19', 3, 94, 2, 'Payment', 0, '0'),
(3874, 0, '2018-04-19', 3, 36, 2, 'Payment', 0, '0'),
(3875, 0, '2018-04-19', 3, 144, 2, 'Payment', 0, '0'),
(3876, 0, '2018-04-19', 3, 146, 2, 'Payment', 0, '0'),
(3877, 0, '2018-04-19', 3, 3, 2, 'Payment', 0, '0'),
(3878, 0, '2018-04-19', 3, 42, 2, 'Payment', 0, '0'),
(3879, 0, '2018-04-19', 3, 147, 2, 'Payment', 0, '0'),
(3880, 0, '2018-04-19', 3, 147, 2, 'Payment', 0, '0'),
(3881, 0, '2018-04-19', 1, 1, 2, 'Payment', 0, '0'),
(3882, 0, '2018-04-19', 3, 56, 2, 'Payment', 0, '0'),
(3883, 0, '2018-04-19', 3, 119, 2, 'Payment', 0, '0'),
(3884, 0, '2018-04-19', 3, 71, 2, 'Payment', 0, '0'),
(3885, 0, '2018-04-19', 3, 32, 2, 'Payment', 0, '0'),
(3994, 0, '2018-04-20', 2, 20, 2, 'Receipt', 0, '0'),
(3995, 0, '2018-04-20', 2, 5, 2, 'Receipt', 0, '0'),
(3996, 0, '2018-04-20', 3, 134, 2, 'Receipt', 0, '0'),
(3997, 0, '2018-04-20', 2, 10, 2, 'Receipt', 0, '0'),
(3998, 0, '2018-04-20', 2, 19, 2, 'Receipt', 0, '0'),
(3999, 0, '2018-04-20', 2, 98, 2, 'Receipt', 0, '0'),
(4000, 0, '2018-04-20', 2, 1, 2, 'Receipt', 0, '0'),
(4001, 0, '2018-04-20', 2, 3, 2, 'Receipt', 0, '0'),
(4002, 0, '2018-04-20', 1, 1, 2, 'Receipt', 0, '0'),
(4003, 0, '2018-04-20', 3, 123, 2, 'Receipt', 0, '0'),
(4107, 0, '2018-04-20', 3, 8, 2, 'Payment', 0, '0'),
(4108, 0, '2018-04-20', 3, 16, 2, 'Payment', 0, '0'),
(4109, 0, '2018-04-20', 3, 17, 2, 'Payment', 0, '0'),
(4110, 0, '2018-04-20', 3, 95, 2, 'Payment', 0, '0'),
(4111, 0, '2018-04-20', 3, 94, 2, 'Payment', 0, '0'),
(4112, 0, '2018-04-20', 3, 148, 2, 'Payment', 0, '0'),
(4113, 0, '2018-04-20', 3, 88, 2, 'Payment', 0, '0'),
(4114, 0, '2018-04-20', 3, 25, 2, 'Payment', 0, '0'),
(4115, 0, '2018-04-20', 1, 12, 2, 'Payment', 0, '0'),
(4116, 0, '2018-04-20', 1, 1, 2, 'Payment', 0, '0'),
(4117, 0, '2018-04-20', 3, 37, 2, 'Payment', 0, '0'),
(4118, 0, '2018-04-20', 3, 4, 2, 'Payment', 0, '0'),
(4119, 0, '2018-04-20', 3, 3, 2, 'Payment', 0, '0'),
(4120, 0, '2018-04-20', 3, 19, 2, 'Payment', 0, '0'),
(4121, 0, '2018-04-20', 3, 45, 2, 'Payment', 0, '0'),
(4122, 0, '2018-04-20', 3, 2, 2, 'Payment', 0, '0'),
(4141, 0, '2018-04-21', 2, 18, 2, 'Receipt', 0, '0'),
(4142, 0, '2018-04-21', 2, 13, 2, 'Receipt', 0, '0'),
(4143, 0, '2018-04-21', 2, 10, 2, 'Receipt', 0, '0'),
(4144, 0, '2018-04-21', 2, 25, 2, 'Receipt', 0, '0'),
(4145, 0, '2018-04-21', 2, 23, 2, 'Receipt', 0, '0'),
(4146, 0, '2018-04-21', 2, 22, 2, 'Receipt', 0, '0'),
(4147, 0, '2018-04-21', 2, 6, 2, 'Receipt', 0, '0'),
(4148, 0, '2018-04-21', 3, 139, 2, 'Receipt', 0, '0'),
(4149, 0, '2018-04-21', 3, 99, 2, 'Receipt', 0, '0'),
(4150, 0, '2018-04-21', 3, 149, 2, 'Receipt', 0, '0'),
(4221, 0, '2018-04-21', 3, 26, 2, 'Payment', 0, '0'),
(4222, 0, '2018-04-21', 3, 27, 2, 'Payment', 0, '0'),
(4223, 0, '2018-04-21', 3, 64, 2, 'Payment', 0, '0'),
(4224, 0, '2018-04-21', 3, 11, 2, 'Payment', 0, '0'),
(4225, 0, '2018-04-21', 3, 17, 2, 'Payment', 0, '0'),
(4226, 0, '2018-04-21', 3, 24, 2, 'Payment', 0, '0'),
(4227, 0, '2018-04-21', 3, 8, 2, 'Payment', 0, '0'),
(4228, 0, '2018-04-21', 3, 95, 2, 'Payment', 0, '0'),
(4229, 0, '2018-04-21', 3, 150, 2, 'Payment', 0, '0'),
(4230, 0, '2018-04-21', 3, 4, 2, 'Payment', 0, '0'),
(4231, 0, '2018-04-21', 3, 3, 2, 'Payment', 0, '0'),
(4232, 0, '2018-04-21', 3, 36, 2, 'Payment', 0, '0'),
(4233, 0, '2018-04-21', 3, 2, 2, 'Payment', 0, '0'),
(4234, 0, '2018-04-21', 3, 2, 2, 'Payment', 0, '0'),
(4235, 0, '2018-04-21', 1, 12, 2, 'Payment', 0, '0'),
(4259, 0, '2018-04-22', 2, 9, 2, 'Receipt', 0, '0'),
(4260, 0, '2018-04-22', 2, 84, 2, 'Receipt', 0, '0'),
(4261, 0, '2018-04-22', 2, 5, 2, 'Receipt', 0, '0'),
(4283, 0, '2018-04-22', 3, 32, 2, 'Payment', 0, '0'),
(4284, 0, '2018-04-22', 3, 9, 2, 'Payment', 0, '0'),
(4285, 0, '2018-04-22', 3, 11, 2, 'Payment', 0, '0'),
(4286, 0, '2018-04-22', 3, 64, 2, 'Payment', 0, '0'),
(4287, 0, '2018-04-22', 3, 25, 2, 'Payment', 0, '0'),
(4395, 0, '2018-04-23', 2, 3, 2, 'Receipt', 0, '0'),
(4396, 0, '2018-04-23', 2, 23, 2, 'Receipt', 0, '0'),
(4397, 0, '2018-04-23', 2, 13, 2, 'Receipt', 0, '0'),
(4398, 0, '2018-04-23', 2, 10, 2, 'Receipt', 0, '0'),
(4399, 0, '2018-04-23', 2, 1, 2, 'Receipt', 0, '0'),
(4400, 0, '2018-04-23', 2, 19, 2, 'Receipt', 0, '0'),
(4401, 0, '2018-04-23', 2, 45, 2, 'Receipt', 0, '0'),
(4402, 0, '2018-04-23', 2, 26, 2, 'Receipt', 0, '0'),
(4417, 0, '2018-04-23', 3, 153, 2, 'Payment', 0, '0'),
(4418, 0, '2018-04-23', 3, 30, 2, 'Payment', 0, '0'),
(4419, 0, '2018-04-23', 3, 44, 2, 'Payment', 0, '0'),
(4420, 0, '2018-04-23', 3, 133, 2, 'Payment', 0, '0'),
(4421, 0, '2018-04-23', 3, 4, 2, 'Payment', 0, '0'),
(4422, 0, '2018-04-23', 3, 19, 2, 'Payment', 0, '0'),
(4423, 0, '2018-04-23', 3, 3, 2, 'Payment', 0, '0'),
(4424, 0, '2018-04-23', 3, 94, 2, 'Payment', 0, '0'),
(4425, 0, '2018-04-23', 3, 16, 2, 'Payment', 0, '0'),
(4426, 0, '2018-04-23', 3, 25, 2, 'Payment', 0, '0'),
(4427, 0, '2018-04-23', 3, 65, 2, 'Payment', 0, '0'),
(4428, 0, '2018-04-23', 1, 1, 2, 'Payment', 0, '0'),
(4429, 0, '2018-04-23', 1, 16, 2, 'Payment', 0, '0'),
(4430, 0, '2018-04-23', 3, 71, 2, 'Payment', 0, '0'),
(4431, 0, '2018-04-23', 3, 2, 2, 'Payment', 0, '0'),
(4505, 0, '2018-04-24', 2, 1, 2, 'Receipt', 0, '0'),
(4506, 0, '2018-04-24', 2, 6, 2, 'Receipt', 0, '0'),
(4507, 0, '2018-04-24', 2, 10, 2, 'Receipt', 0, '0'),
(4508, 0, '2018-04-24', 2, 18, 2, 'Receipt', 0, '0'),
(4509, 0, '2018-04-24', 2, 20, 2, 'Receipt', 0, '0'),
(4510, 0, '2018-04-24', 2, 19, 2, 'Receipt', 0, '0'),
(4511, 0, '2018-04-24', 2, 15, 2, 'Receipt', 0, '0'),
(4512, 0, '2018-04-24', 2, 23, 2, 'Receipt', 0, '0'),
(4563, 0, '2018-04-24', 3, 24, 2, 'Payment', 0, '0'),
(4564, 0, '2018-04-24', 3, 25, 2, 'Payment', 0, '0'),
(4565, 0, '2018-04-24', 3, 95, 2, 'Payment', 0, '0'),
(4566, 0, '2018-04-24', 3, 94, 2, 'Payment', 0, '0'),
(4567, 0, '2018-04-24', 3, 3, 2, 'Payment', 0, '0'),
(4568, 0, '2018-04-24', 3, 137, 2, 'Payment', 0, '0'),
(4569, 0, '2018-04-24', 3, 153, 2, 'Payment', 0, '0'),
(4570, 0, '2018-04-24', 1, 1, 2, 'Payment', 0, '0'),
(4571, 0, '2018-04-24', 3, 136, 2, 'Payment', 0, '0'),
(4572, 0, '2018-04-24', 3, 4, 2, 'Payment', 0, '0'),
(4573, 0, '2018-04-24', 3, 19, 2, 'Payment', 0, '0'),
(4574, 0, '2018-04-24', 3, 3, 2, 'Payment', 0, '0'),
(4575, 0, '2018-04-24', 3, 63, 2, 'Payment', 0, '0'),
(4576, 0, '2018-04-24', 3, 8, 2, 'Payment', 0, '0'),
(4650, 0, '2018-04-25', 2, 6, 2, 'Receipt', 0, '0'),
(4651, 0, '2018-04-25', 2, 1, 2, 'Receipt', 0, '0'),
(4652, 0, '2018-04-25', 2, 19, 2, 'Receipt', 0, '0'),
(4653, 0, '2018-04-25', 2, 9, 2, 'Receipt', 0, '0'),
(4654, 0, '2018-04-25', 3, 154, 2, 'Receipt', 0, '0'),
(4655, 0, '2018-04-25', 2, 6, 2, 'Receipt', 0, '0'),
(4656, 0, '2018-04-25', 3, 135, 2, 'Receipt', 0, '0'),
(4657, 0, '2018-04-25', 2, 26, 2, 'Receipt', 0, '0'),
(4699, 0, '2018-04-25', 3, 24, 2, 'Payment', 0, '0'),
(4700, 0, '2018-04-25', 3, 57, 2, 'Payment', 0, '0'),
(4701, 0, '2018-04-25', 3, 25, 2, 'Payment', 0, '0'),
(4702, 0, '2018-04-25', 3, 26, 2, 'Payment', 0, '0'),
(4703, 0, '2018-04-25', 3, 95, 2, 'Payment', 0, '0'),
(4704, 0, '2018-04-25', 3, 56, 2, 'Payment', 0, '0'),
(4705, 0, '2018-04-25', 3, 4, 2, 'Payment', 0, '0'),
(4706, 0, '2018-04-25', 3, 3, 2, 'Payment', 0, '0'),
(4707, 0, '2018-04-25', 3, 2, 2, 'Payment', 0, '0'),
(4708, 0, '2018-04-25', 3, 17, 2, 'Payment', 0, '0'),
(4709, 0, '2018-04-25', 3, 62, 2, 'Payment', 0, '0'),
(4710, 0, '2018-04-25', 3, 153, 2, 'Payment', 0, '0'),
(4711, 0, '2018-04-25', 3, 112, 2, 'Payment', 0, '0'),
(4712, 0, '2018-04-25', 1, 1, 2, 'Payment', 0, '0'),
(4713, 0, '2018-04-25', 3, 43, 2, 'Payment', 0, '0'),
(4714, 0, '2018-04-25', 1, 12, 2, 'Payment', 0, '0'),
(4747, 0, '2018-04-26', 2, 20, 2, 'Receipt', 0, '0'),
(4748, 0, '2018-04-26', 2, 21, 2, 'Receipt', 0, '0'),
(4749, 0, '2018-04-26', 2, 18, 2, 'Receipt', 0, '0'),
(4750, 0, '2018-04-26', 2, 9, 2, 'Receipt', 0, '0'),
(4751, 0, '2018-04-26', 2, 53, 2, 'Receipt', 0, '0'),
(4752, 0, '2018-04-26', 2, 25, 2, 'Receipt', 0, '0'),
(4753, 0, '2018-04-26', 3, 26, 2, 'Payment', 0, '0'),
(4754, 0, '2018-04-26', 3, 125, 2, 'Payment', 0, '0'),
(4755, 0, '2018-04-26', 3, 109, 2, 'Payment', 0, '0'),
(4756, 0, '2018-04-26', 3, 25, 2, 'Payment', 0, '0'),
(4808, 0, '2018-04-27', 2, 9, 2, 'Receipt', 0, '0'),
(4809, 0, '2018-04-27', 2, 8, 2, 'Receipt', 0, '0'),
(4810, 0, '2018-04-27', 2, 12, 2, 'Receipt', 0, '0'),
(4811, 0, '2018-04-27', 2, 20, 2, 'Receipt', 0, '0'),
(4812, 0, '2018-04-27', 2, 19, 2, 'Receipt', 0, '0'),
(4813, 0, '2018-04-27', 2, 26, 2, 'Receipt', 0, '0'),
(4820, 0, '2018-04-27', 3, 119, 2, 'Payment', 0, '0'),
(4821, 0, '2018-04-27', 3, 30, 2, 'Payment', 0, '0'),
(4822, 0, '2018-04-27', 3, 71, 2, 'Payment', 0, '0'),
(4823, 0, '2018-04-27', 1, 12, 2, 'Payment', 0, '0'),
(4824, 0, '2018-04-27', 1, 1, 2, 'Payment', 0, '0'),
(4825, 0, '2018-04-27', 3, 119, 2, 'Payment', 0, '0'),
(4843, 0, '2018-04-28', 2, 3, 2, 'Receipt', 0, '0'),
(4844, 0, '2018-04-28', 2, 6, 2, 'Receipt', 0, '0'),
(4845, 0, '2018-04-28', 2, 5, 2, 'Receipt', 0, '0'),
(4861, 0, '2018-04-28', 3, 36, 2, 'Payment', 0, '0'),
(4862, 0, '2018-04-28', 3, 26, 2, 'Payment', 0, '0'),
(4863, 0, '2018-04-28', 3, 24, 2, 'Payment', 0, '0'),
(4864, 0, '2018-04-28', 3, 25, 2, 'Payment', 0, '0'),
(4865, 0, '2018-04-28', 3, 16, 2, 'Payment', 0, '0'),
(4866, 0, '2018-04-28', 3, 3, 2, 'Payment', 0, '0'),
(4867, 0, '2018-04-28', 3, 3, 2, 'Payment', 0, '0'),
(4868, 0, '2018-04-28', 3, 4, 2, 'Payment', 0, '0'),
(4881, 0, '2018-04-29', 2, 10, 2, 'Receipt', 0, '0'),
(4882, 0, '2018-04-29', 2, 1, 2, 'Receipt', 0, '0'),
(4883, 0, '2018-04-29', 2, 19, 2, 'Receipt', 0, '0'),
(4895, 0, '2018-04-29', 3, 11, 2, 'Payment', 0, '0'),
(4896, 0, '2018-04-29', 3, 32, 2, 'Payment', 0, '0'),
(4897, 0, '2018-04-29', 3, 26, 2, 'Payment', 0, '0'),
(4898, 0, '2018-04-29', 3, 8, 2, 'Payment', 0, '0'),
(4899, 0, '2018-04-29', 3, 42, 2, 'Payment', 0, '0'),
(5085, 0, '2018-04-30', 3, 71, 2, 'Payment', 0, '0'),
(5086, 0, '2018-04-30', 3, 26, 2, 'Payment', 0, '0'),
(5087, 0, '2018-04-30', 3, 17, 2, 'Payment', 0, '0'),
(5088, 0, '2018-04-30', 3, 9, 2, 'Payment', 0, '0'),
(5089, 0, '2018-04-30', 3, 156, 2, 'Payment', 0, '0'),
(5090, 0, '2018-04-30', 3, 30, 2, 'Payment', 0, '0'),
(5091, 0, '2018-04-30', 1, 12, 2, 'Payment', 0, '0'),
(5092, 0, '2018-04-30', 1, 12, 2, 'Payment', 0, '0'),
(5093, 0, '2018-04-30', 1, 9, 2, 'Payment', 0, '0'),
(5094, 0, '2018-04-30', 3, 62, 2, 'Payment', 0, '0'),
(5095, 0, '2018-04-30', 1, 1, 2, 'Payment', 0, '0'),
(5096, 0, '2018-04-30', 3, 37, 2, 'Payment', 0, '0'),
(5106, 0, '2018-04-30', 2, 1, 2, 'Receipt', 0, '0'),
(5107, 0, '2018-04-30', 2, 19, 2, 'Receipt', 0, '0'),
(5108, 0, '2018-04-30', 2, 20, 2, 'Receipt', 0, '0'),
(5109, 0, '2018-04-30', 2, 9, 2, 'Receipt', 0, '0'),
(5110, 0, '2018-04-30', 2, 34, 2, 'Receipt', 0, '0'),
(5111, 0, '2018-04-30', 2, 94, 2, 'Receipt', 0, '0'),
(5112, 0, '2018-04-30', 2, 1, 2, 'Receipt', 0, '0'),
(5113, 0, '2018-04-30', 2, 1, 2, 'Receipt', 0, '0'),
(5114, 0, '2018-04-30', 2, 3, 2, 'Receipt', 0, '0'),
(5115, 0, '2018-04-30', 2, 26, 2, 'Receipt', 0, '0'),
(5182, 0, '2018-05-01', 3, 25, 2, 'Payment', 0, '0'),
(5183, 0, '2018-05-01', 3, 153, 2, 'Payment', 0, '0'),
(5184, 0, '2018-05-01', 3, 8, 2, 'Payment', 0, '0'),
(5185, 0, '2018-05-01', 3, 71, 2, 'Payment', 0, '0'),
(5186, 0, '2018-05-01', 3, 133, 2, 'Payment', 0, '0'),
(5187, 0, '2018-05-01', 3, 4, 2, 'Payment', 0, '0'),
(5188, 0, '2018-05-01', 3, 19, 2, 'Payment', 0, '0'),
(5189, 0, '2018-05-01', 3, 2, 2, 'Payment', 0, '0'),
(5190, 0, '2018-05-01', 3, 3, 2, 'Payment', 0, '0'),
(5191, 0, '2018-05-01', 3, 32, 2, 'Payment', 0, '0'),
(5192, 0, '2018-05-01', 3, 26, 2, 'Payment', 0, '0'),
(5193, 0, '2018-05-01', 2, 22, 2, 'Receipt', 0, '0'),
(5194, 0, '2018-05-01', 2, 23, 2, 'Receipt', 0, '0'),
(5195, 0, '2018-05-01', 2, 9, 2, 'Receipt', 0, '0'),
(5196, 0, '2018-05-01', 3, 123, 2, 'Receipt', 0, '0'),
(5284, 0, '2018-05-02', 2, 19, 2, 'Receipt', 0, '0'),
(5285, 0, '2018-05-02', 2, 18, 2, 'Receipt', 0, '0'),
(5286, 0, '2018-05-02', 2, 9, 2, 'Receipt', 0, '0'),
(5287, 0, '2018-05-02', 2, 6, 2, 'Receipt', 0, '0'),
(5288, 0, '2018-05-02', 2, 10, 2, 'Receipt', 0, '0'),
(5289, 0, '2018-05-02', 2, 3, 2, 'Receipt', 0, '0'),
(5358, 0, '2018-05-02', 3, 26, 2, 'Payment', 0, '0'),
(5359, 0, '2018-05-02', 3, 66, 2, 'Payment', 0, '0'),
(5360, 0, '2018-05-02', 3, 8, 2, 'Payment', 0, '0'),
(5361, 0, '2018-05-02', 3, 24, 2, 'Payment', 0, '0'),
(5362, 0, '2018-05-02', 3, 16, 2, 'Payment', 0, '0'),
(5363, 0, '2018-05-02', 3, 25, 2, 'Payment', 0, '0'),
(5364, 0, '2018-05-02', 3, 153, 2, 'Payment', 0, '0'),
(5365, 0, '2018-05-02', 3, 4, 2, 'Payment', 0, '0'),
(5366, 0, '2018-05-02', 3, 3, 2, 'Payment', 0, '0'),
(5367, 0, '2018-05-02', 3, 3, 2, 'Payment', 0, '0'),
(5368, 0, '2018-05-02', 1, 1, 2, 'Payment', 0, '0'),
(5369, 0, '2018-05-02', 3, 20, 2, 'Payment', 0, '0'),
(5402, 0, '2018-05-03', 3, 16, 2, 'Payment', 0, '0'),
(5403, 0, '2018-05-03', 3, 26, 2, 'Payment', 0, '0'),
(5404, 0, '2018-05-03', 3, 32, 2, 'Payment', 0, '0'),
(5405, 0, '2018-05-03', 3, 36, 2, 'Payment', 0, '0'),
(5413, 0, '2018-05-03', 2, 20, 2, 'Receipt', 0, '0'),
(5414, 0, '2018-05-03', 2, 19, 2, 'Receipt', 0, '0'),
(5415, 0, '2018-05-03', 2, 18, 2, 'Receipt', 0, '0'),
(5416, 0, '2018-05-03', 2, 11, 2, 'Receipt', 0, '0'),
(5417, 0, '2018-05-03', 2, 28, 2, 'Receipt', 0, '0'),
(5418, 0, '2018-05-03', 2, 1, 2, 'Receipt', 0, '0'),
(5419, 0, '2018-05-03', 2, 9, 2, 'Receipt', 0, '0'),
(5420, 0, '2018-05-03', 2, 22, 2, 'Receipt', 0, '0'),
(5430, 0, '2018-05-04', 2, 10, 2, 'Receipt', 0, '0'),
(5431, 0, '2018-05-04', 2, 8, 2, 'Receipt', 0, '0'),
(5432, 0, '2018-05-04', 3, 32, 2, 'Receipt', 0, '0'),
(5433, 0, '2018-05-04', 2, 28, 2, 'Receipt', 0, '0'),
(5434, 0, '2018-05-04', 3, 32, 2, 'Payment', 0, '0'),
(5435, 0, '2018-05-04', 1, 1, 2, 'Payment', 0, '0'),
(5436, 0, '2018-05-04', 3, 136, 2, 'Payment', 0, '0'),
(5443, 0, '2018-05-06', 2, 19, 2, 'Receipt', 0, '0'),
(5444, 0, '2018-05-06', 2, 18, 2, 'Receipt', 0, '0'),
(5457, 0, '2018-05-06', 3, 26, 2, 'Payment', 0, '0'),
(5458, 0, '2018-05-06', 3, 157, 2, 'Payment', 0, '0'),
(5459, 0, '2018-05-06', 3, 32, 2, 'Payment', 0, '0'),
(5460, 0, '2018-05-05', 2, 6, 2, 'Receipt', 0, '0'),
(5461, 0, '2018-05-05', 2, 5, 2, 'Receipt', 0, '0'),
(5462, 0, '2018-05-05', 2, 10, 2, 'Receipt', 0, '0'),
(5466, 0, '2018-05-05', 3, 25, 2, 'Payment', 0, '0'),
(5467, 0, '2018-05-05', 3, 24, 2, 'Payment', 0, '0'),
(5468, 0, '2018-05-05', 3, 32, 2, 'Payment', 0, '0'),
(5469, 0, '2018-05-05', 3, 51, 2, 'Payment', 0, '0'),
(5471, 0, '2018-05-07', 2, 27, 2, 'Receipt', 0, '0'),
(5476, 0, '2018-05-07', 3, 42, 2, 'Payment', 0, '0'),
(5477, 0, '2018-05-07', 3, 43, 2, 'Payment', 0, '0'),
(5478, 0, '2018-05-07', 3, 11, 2, 'Payment', 0, '0'),
(5479, 0, '2018-05-07', 3, 36, 2, 'Payment', 0, '0'),
(5480, 0, '2018-05-08', 2, 5, 2, 'Receipt', 0, '0'),
(5481, 0, '2018-05-08', 2, 26, 2, 'Receipt', 0, '0'),
(5487, 0, '2018-05-08', 3, 32, 2, 'Payment', 0, '0'),
(5488, 0, '2018-05-08', 3, 25, 2, 'Payment', 0, '0');
INSERT INTO `tblaccount_voucher` (`id_account_voucher`, `voucher_no`, `date`, `ledger_type`, `id_ledger`, `id_account`, `type`, `discount`, `_closing_balance`) VALUES
(5489, 0, '2018-05-08', 3, 2, 2, 'Payment', 0, '0'),
(5593, 0, '2018-05-09', 2, 1, 2, 'Receipt', 0, '0'),
(5594, 0, '2018-05-09', 3, 32, 2, 'Receipt', 0, '0'),
(5595, 0, '2018-05-09', 2, 19, 2, 'Receipt', 0, '0'),
(5596, 0, '2018-05-09', 2, 57, 2, 'Receipt', 0, '0'),
(5597, 0, '2018-05-09', 2, 12, 2, 'Receipt', 0, '0'),
(5598, 0, '2018-05-09', 2, 49, 2, 'Receipt', 0, '0'),
(5608, 0, '2018-05-09', 3, 26, 2, 'Payment', 0, '0'),
(5609, 0, '2018-05-09', 3, 95, 2, 'Payment', 0, '0'),
(5610, 0, '2018-05-09', 3, 137, 2, 'Payment', 0, '0'),
(5611, 0, '2018-05-09', 3, 53, 2, 'Payment', 0, '0'),
(5612, 0, '2018-05-09', 3, 158, 2, 'Payment', 0, '0'),
(5613, 0, '2018-05-09', 3, 104, 2, 'Payment', 0, '0'),
(5614, 0, '2018-05-09', 1, 1, 2, 'Payment', 0, '0'),
(5615, 0, '2018-05-09', 3, 119, 2, 'Payment', 0, '0'),
(5616, 0, '2018-05-09', 3, 136, 2, 'Payment', 0, '0'),
(5655, 0, '2018-05-10', 2, 18, 2, 'Receipt', 0, '0'),
(5656, 0, '2018-05-10', 2, 19, 2, 'Receipt', 0, '0'),
(5657, 0, '2018-05-10', 2, 10, 2, 'Receipt', 0, '0'),
(5658, 0, '2018-05-10', 2, 9, 2, 'Receipt', 0, '0'),
(5659, 0, '2018-05-10', 1, 1, 2, 'Receipt', 0, '0'),
(5678, 0, '2018-05-10', 3, 30, 2, 'Payment', 0, '0'),
(5679, 0, '2018-05-10', 3, 26, 2, 'Payment', 0, '0'),
(5680, 0, '2018-05-10', 3, 16, 2, 'Payment', 0, '0'),
(5681, 0, '2018-05-10', 3, 94, 2, 'Payment', 0, '0'),
(5682, 0, '2018-05-10', 3, 25, 2, 'Payment', 0, '0'),
(5683, 0, '2018-05-10', 3, 161, 2, 'Payment', 0, '0'),
(5684, 0, '2018-05-10', 3, 4, 2, 'Payment', 0, '0'),
(5685, 0, '2018-05-10', 3, 19, 2, 'Payment', 0, '0'),
(5686, 0, '2018-05-10', 3, 3, 2, 'Payment', 0, '0'),
(5687, 0, '2018-05-10', 3, 2, 2, 'Payment', 0, '0'),
(5783, 0, '2018-05-11', 2, 9, 2, 'Receipt', 0, '0'),
(5784, 0, '2018-05-11', 2, 10, 2, 'Receipt', 0, '0'),
(5785, 0, '2018-05-11', 2, 1, 2, 'Receipt', 0, '0'),
(5786, 0, '2018-05-11', 1, 12, 2, 'Receipt', 0, '0'),
(5787, 0, '2018-05-11', 2, 37, 2, 'Receipt', 0, '0'),
(5788, 0, '2018-05-11', 2, 19, 2, 'Receipt', 0, '0'),
(5789, 0, '2018-05-11', 2, 57, 2, 'Receipt', 0, '0'),
(5790, 0, '2018-05-11', 3, 32, 2, 'Payment', 0, '0'),
(5791, 0, '2018-05-11', 3, 26, 2, 'Payment', 0, '0'),
(5792, 0, '2018-05-11', 3, 71, 2, 'Payment', 0, '0'),
(5793, 0, '2018-05-11', 3, 95, 2, 'Payment', 0, '0'),
(5794, 0, '2018-05-11', 3, 63, 2, 'Payment', 0, '0'),
(5795, 0, '2018-05-11', 3, 44, 2, 'Payment', 0, '0'),
(5796, 0, '2018-05-11', 3, 104, 2, 'Payment', 0, '0'),
(5797, 0, '2018-05-11', 1, 1, 2, 'Payment', 0, '0'),
(5819, 0, '2018-05-12', 3, 32, 2, 'Receipt', 0, '0'),
(5820, 0, '2018-05-12', 2, 9, 2, 'Receipt', 0, '0'),
(5821, 0, '2018-05-12', 2, 18, 2, 'Receipt', 0, '0'),
(5822, 0, '2018-05-12', 2, 22, 2, 'Receipt', 0, '0'),
(5823, 0, '2018-05-12', 2, 6, 2, 'Receipt', 0, '0'),
(5844, 0, '2018-05-12', 3, 95, 2, 'Payment', 0, '0'),
(5845, 0, '2018-05-12', 3, 94, 2, 'Payment', 0, '0'),
(5846, 0, '2018-05-12', 3, 30, 2, 'Payment', 0, '0'),
(5847, 0, '2018-05-12', 3, 26, 2, 'Payment', 0, '0'),
(5848, 0, '2018-05-12', 3, 24, 2, 'Payment', 0, '0'),
(5849, 0, '2018-05-12', 3, 25, 2, 'Payment', 0, '0'),
(5850, 0, '2018-05-12', 3, 107, 2, 'Payment', 0, '0'),
(6001, 0, '2018-05-13', 2, 3, 2, 'Receipt', 0, '0'),
(6002, 0, '2018-05-13', 2, 5, 2, 'Receipt', 0, '0'),
(6003, 0, '2018-05-13', 2, 13, 2, 'Receipt', 0, '0'),
(6004, 0, '2018-05-13', 2, 13, 2, 'Receipt', 0, '0'),
(6005, 0, '2018-05-13', 2, 14, 2, 'Receipt', 0, '0'),
(6006, 0, '2018-05-13', 2, 10, 2, 'Receipt', 0, '0'),
(6007, 0, '2018-05-13', 2, 19, 2, 'Receipt', 0, '0'),
(6008, 0, '2018-05-13', 3, 30, 2, 'Payment', 0, '0'),
(6009, 0, '2018-05-13', 3, 25, 2, 'Payment', 0, '0'),
(6010, 0, '2018-05-13', 3, 26, 2, 'Payment', 0, '0'),
(6011, 0, '2018-05-13', 3, 140, 2, 'Payment', 0, '0'),
(6012, 0, '2018-05-13', 3, 95, 2, 'Payment', 0, '0'),
(6013, 0, '2018-05-13', 3, 71, 2, 'Payment', 0, '0'),
(6014, 0, '2018-05-13', 3, 16, 2, 'Payment', 0, '0'),
(6015, 0, '2018-05-13', 3, 17, 2, 'Payment', 0, '0'),
(6016, 0, '2018-05-13', 3, 4, 2, 'Payment', 0, '0'),
(6017, 0, '2018-05-13', 3, 3, 2, 'Payment', 0, '0'),
(6018, 0, '2018-05-13', 3, 19, 2, 'Payment', 0, '0'),
(6019, 0, '2018-05-13', 3, 133, 2, 'Payment', 0, '0'),
(6020, 0, '2018-05-13', 1, 1, 2, 'Payment', 0, '0'),
(6021, 0, '2018-05-13', 3, 61, 2, 'Payment', 0, '0'),
(6022, 0, '2018-05-14', 2, 9, 2, 'Receipt', 0, '0'),
(6023, 0, '2018-05-14', 2, 11, 2, 'Receipt', 0, '0'),
(6036, 0, '2018-05-14', 3, 26, 2, 'Payment', 0, '0'),
(6037, 0, '2018-05-14', 3, 16, 2, 'Payment', 0, '0'),
(6038, 0, '2018-05-14', 3, 17, 2, 'Payment', 0, '0'),
(6039, 0, '2018-05-14', 3, 119, 2, 'Payment', 0, '0'),
(6040, 0, '2018-05-15', 2, 12, 2, 'Receipt', 0, '0'),
(6041, 0, '2018-05-15', 2, 19, 2, 'Receipt', 0, '0'),
(6042, 0, '2018-05-15', 2, 22, 2, 'Receipt', 0, '0'),
(6043, 0, '2018-05-15', 2, 25, 2, 'Receipt', 0, '0'),
(6044, 0, '2018-05-15', 2, 26, 2, 'Receipt', 0, '0'),
(6045, 0, '2018-05-15', 3, 113, 2, 'Receipt', 0, '0'),
(6046, 0, '2018-05-15', 3, 30, 2, 'Payment', 0, '0'),
(6047, 0, '2018-05-15', 3, 37, 2, 'Payment', 0, '0'),
(6048, 0, '2018-05-15', 2, 25, 2, 'Payment', 0, '0'),
(6049, 0, '2018-05-15', 3, 119, 2, 'Payment', 0, '0'),
(6050, 0, '2018-05-15', 1, 1, 2, 'Payment', 0, '0'),
(6057, 0, '2018-05-16', 2, 10, 2, 'Receipt', 0, '0'),
(6058, 0, '2018-05-16', 2, 18, 2, 'Receipt', 0, '0'),
(6059, 0, '2018-05-16', 2, 48, 2, 'Receipt', 0, '0'),
(6060, 0, '2018-05-16', 2, 1, 2, 'Receipt', 0, '0'),
(6061, 0, '2018-05-16', 2, 1, 2, 'Receipt', 0, '0'),
(6074, 0, '2018-05-16', 3, 32, 2, 'Payment', 0, '0'),
(6075, 0, '2018-05-16', 3, 26, 2, 'Payment', 0, '0'),
(6076, 0, '2018-05-16', 3, 152, 2, 'Payment', 0, '0'),
(6077, 0, '2018-05-16', 3, 32, 2, 'Payment', 0, '0'),
(6078, 0, '2018-05-16', 3, 9, 2, 'Payment', 0, '0'),
(6079, 0, '2018-05-16', 3, 42, 2, 'Payment', 0, '0'),
(6108, 0, '2018-05-17', 2, 18, 2, 'Receipt', 0, '0'),
(6109, 0, '2018-05-17', 2, 100, 2, 'Receipt', 0, '0'),
(6110, 0, '2018-05-17', 3, 16, 2, 'Payment', 0, '0'),
(6111, 0, '2018-05-17', 3, 162, 2, 'Payment', 0, '0'),
(6112, 0, '2018-05-17', 3, 153, 2, 'Payment', 0, '0'),
(6113, 0, '2018-05-17', 3, 3, 2, 'Payment', 0, '0'),
(6114, 0, '2018-05-17', 3, 4, 2, 'Payment', 0, '0'),
(6115, 0, '2018-05-17', 3, 26, 2, 'Payment', 0, '0'),
(6119, 0, '2018-05-18', 2, 19, 2, 'Receipt', 0, '0'),
(6120, 0, '2018-05-18', 2, 27, 2, 'Receipt', 0, '0'),
(6121, 0, '2018-05-18', 3, 25, 2, 'Payment', 0, '0'),
(6303, 0, '2018-05-19', 2, 3, 2, 'Receipt', 0, '0'),
(6304, 0, '2018-05-19', 2, 10, 2, 'Receipt', 0, '0'),
(6305, 0, '2018-05-19', 2, 19, 2, 'Receipt', 0, '0'),
(6306, 0, '2018-05-19', 2, 5, 2, 'Receipt', 0, '0'),
(6307, 0, '2018-05-19', 2, 6, 2, 'Receipt', 0, '0'),
(6308, 0, '2018-05-19', 2, 57, 2, 'Receipt', 0, '0'),
(6309, 0, '2018-05-19', 2, 11, 2, 'Receipt', 0, '0'),
(6310, 0, '2018-05-19', 3, 32, 2, 'Receipt', 0, '0'),
(6311, 0, '2018-05-19', 2, 101, 2, 'Receipt', 0, '0'),
(6312, 0, '2018-05-19', 3, 26, 2, 'Payment', 0, '0'),
(6313, 0, '2018-05-19', 3, 30, 2, 'Payment', 0, '0'),
(6314, 0, '2018-05-19', 3, 94, 2, 'Payment', 0, '0'),
(6315, 0, '2018-05-19', 3, 17, 2, 'Payment', 0, '0'),
(6316, 0, '2018-05-19', 3, 25, 2, 'Payment', 0, '0'),
(6317, 0, '2018-05-19', 3, 24, 2, 'Payment', 0, '0'),
(6318, 0, '2018-05-19', 3, 104, 2, 'Payment', 0, '0'),
(6319, 0, '2018-05-19', 3, 133, 2, 'Payment', 0, '0'),
(6320, 0, '2018-05-19', 3, 61, 2, 'Payment', 0, '0'),
(6321, 0, '2018-05-19', 3, 119, 2, 'Payment', 0, '0'),
(6322, 0, '2018-05-19', 3, 43, 2, 'Payment', 0, '0'),
(6323, 0, '2018-05-19', 1, 1, 2, 'Payment', 0, '0'),
(6392, 0, '2018-05-20', 2, 3, 2, 'Receipt', 0, '0'),
(6393, 0, '2018-05-20', 2, 48, 2, 'Receipt', 0, '0'),
(6394, 0, '2018-05-20', 2, 28, 2, 'Receipt', 0, '0'),
(6395, 0, '2018-05-20', 2, 37, 2, 'Receipt', 0, '0'),
(6396, 0, '2018-05-20', 2, 38, 2, 'Receipt', 0, '0'),
(6397, 0, '2018-05-20', 2, 45, 2, 'Receipt', 0, '0'),
(6398, 0, '2018-05-20', 2, 103, 2, 'Receipt', 0, '0'),
(6399, 0, '2018-05-20', 1, 1, 2, 'Receipt', 0, '0'),
(6400, 0, '2018-05-20', 2, 34, 2, 'Receipt', 0, '0'),
(6426, 0, '2018-05-20', 3, 20, 2, 'Payment', 0, '0'),
(6427, 0, '2018-05-20', 3, 147, 2, 'Payment', 0, '0'),
(6428, 0, '2018-05-20', 3, 165, 2, 'Payment', 0, '0'),
(6429, 0, '2018-05-20', 3, 95, 2, 'Payment', 0, '0'),
(6430, 0, '2018-05-20', 3, 159, 2, 'Payment', 0, '0'),
(6431, 0, '2018-05-20', 3, 25, 2, 'Payment', 0, '0'),
(6432, 0, '2018-05-20', 3, 152, 2, 'Payment', 0, '0'),
(6527, 0, '2018-05-21', 2, 3, 2, 'Receipt', 0, '0'),
(6528, 0, '2018-05-21', 2, 10, 2, 'Receipt', 0, '0'),
(6529, 0, '2018-05-21', 2, 1, 2, 'Receipt', 0, '0'),
(6530, 0, '2018-05-21', 2, 102, 2, 'Receipt', 0, '0'),
(6531, 0, '2018-05-21', 2, 19, 2, 'Receipt', 0, '0'),
(6543, 0, '2018-05-21', 3, 26, 2, 'Payment', 0, '0'),
(6544, 0, '2018-05-21', 3, 11, 2, 'Payment', 0, '0'),
(6545, 0, '2018-05-21', 3, 153, 2, 'Payment', 0, '0'),
(6546, 0, '2018-05-21', 3, 16, 2, 'Payment', 0, '0'),
(6547, 0, '2018-05-21', 3, 137, 2, 'Payment', 0, '0'),
(6548, 0, '2018-05-21', 3, 25, 2, 'Payment', 0, '0'),
(6549, 0, '2018-05-21', 3, 109, 2, 'Payment', 0, '0'),
(6550, 0, '2018-05-21', 3, 4, 2, 'Payment', 0, '0'),
(6551, 0, '2018-05-21', 3, 19, 2, 'Payment', 0, '0'),
(6552, 0, '2018-05-21', 3, 3, 2, 'Payment', 0, '0'),
(6553, 0, '2018-05-21', 1, 1, 2, 'Payment', 0, '0'),
(6554, 0, '2018-05-21', 3, 119, 2, 'Payment', 0, '0'),
(6605, 0, '2018-05-22', 2, 19, 2, 'Receipt', 0, '0'),
(6606, 0, '2018-05-22', 2, 18, 2, 'Receipt', 0, '0'),
(6607, 0, '2018-05-22', 2, 11, 2, 'Receipt', 0, '0'),
(6608, 0, '2018-05-22', 2, 6, 2, 'Receipt', 0, '0'),
(6609, 0, '2018-05-22', 2, 3, 2, 'Receipt', 0, '0'),
(6610, 0, '2018-05-22', 2, 103, 2, 'Receipt', 0, '0'),
(6611, 0, '2018-05-22', 2, 44, 2, 'Receipt', 0, '0'),
(6612, 0, '2018-05-22', 2, 44, 2, 'Receipt', 0, '0'),
(6625, 0, '2018-05-22', 3, 26, 2, 'Payment', 0, '0'),
(6626, 0, '2018-05-22', 3, 17, 2, 'Payment', 0, '0'),
(6627, 0, '2018-05-22', 3, 24, 2, 'Payment', 0, '0'),
(6628, 0, '2018-05-22', 3, 153, 2, 'Payment', 0, '0'),
(6629, 0, '2018-05-22', 3, 25, 2, 'Payment', 0, '0'),
(6630, 0, '2018-05-22', 3, 44, 2, 'Payment', 0, '0'),
(6631, 0, '2018-05-22', 1, 1, 2, 'Payment', 0, '0'),
(6632, 0, '2018-05-22', 3, 119, 2, 'Payment', 0, '0'),
(6633, 0, '2018-05-23', 2, 48, 2, 'Receipt', 0, '0'),
(6634, 0, '2018-05-23', 3, 166, 2, 'Payment', 0, '0'),
(6642, 0, '2018-05-24', 3, 32, 2, 'Payment', 0, '0'),
(6651, 0, '2018-05-24', 2, 26, 2, 'Receipt', 0, '0'),
(6652, 0, '2018-05-24', 2, 45, 2, 'Receipt', 0, '0'),
(6653, 0, '2018-05-24', 2, 95, 2, 'Receipt', 0, '0'),
(6654, 0, '2018-05-24', 2, 19, 2, 'Receipt', 0, '0'),
(6655, 0, '2018-05-25', 2, 44, 2, 'Receipt', 0, '0'),
(6656, 0, '2018-05-25', 2, 1, 2, 'Receipt', 0, '0'),
(6667, 0, '2018-05-25', 3, 167, 2, 'Payment', 0, '0'),
(6668, 0, '2018-05-25', 1, 1, 2, 'Payment', 0, '0'),
(6669, 0, '2018-05-25', 3, 119, 2, 'Payment', 0, '0'),
(6670, 0, '2018-05-25', 3, 112, 2, 'Payment', 0, '0'),
(6676, 0, '2018-05-26', 2, 5, 2, 'Receipt', 0, '0'),
(6677, 0, '2018-05-26', 2, 3, 2, 'Receipt', 0, '0'),
(6678, 0, '2018-05-26', 2, 19, 2, 'Receipt', 0, '0'),
(6679, 0, '2018-05-26', 2, 18, 2, 'Receipt', 0, '0'),
(6680, 0, '2018-05-26', 2, 10, 2, 'Receipt', 0, '0'),
(6704, 0, '2018-05-26', 3, 26, 2, 'Payment', 0, '0'),
(6705, 0, '2018-05-26', 3, 168, 2, 'Payment', 0, '0'),
(6706, 0, '2018-05-26', 3, 130, 2, 'Payment', 0, '0'),
(6707, 0, '2018-05-26', 3, 25, 2, 'Payment', 0, '0'),
(6708, 0, '2018-05-26', 3, 95, 2, 'Payment', 0, '0'),
(6709, 0, '2018-05-26', 3, 94, 2, 'Payment', 0, '0'),
(6710, 0, '2018-05-26', 3, 4, 2, 'Payment', 0, '0'),
(6711, 0, '2018-05-26', 3, 3, 2, 'Payment', 0, '0'),
(6712, 0, '2018-05-26', 3, 16, 2, 'Payment', 0, '0'),
(6713, 0, '2018-05-26', 3, 18, 2, 'Payment', 0, '0'),
(6714, 0, '2018-05-26', 3, 20, 2, 'Payment', 0, '0'),
(6718, 0, '2018-05-27', 2, 48, 2, 'Receipt', 0, '0'),
(6719, 0, '2018-05-27', 2, 28, 2, 'Receipt', 0, '0'),
(6722, 0, '2018-05-27', 3, 62, 2, 'Payment', 0, '0'),
(6723, 0, '2018-05-27', 3, 169, 2, 'Payment', 0, '0'),
(6724, 0, '2018-05-27', 3, 133, 2, 'Payment', 0, '0'),
(6725, 0, '2018-05-28', 2, 1, 2, 'Receipt', 0, '0'),
(6732, 0, '2018-05-28', 1, 1, 2, 'Payment', 0, '0'),
(6733, 0, '2018-05-28', 3, 119, 2, 'Payment', 0, '0'),
(6734, 0, '2018-05-28', 1, 12, 2, 'Payment', 0, '0'),
(6789, 0, '2018-05-29', 2, 10, 2, 'Receipt', 0, '0'),
(6790, 0, '2018-05-29', 2, 45, 2, 'Receipt', 0, '0'),
(6791, 0, '2018-05-29', 2, 22, 2, 'Receipt', 0, '0'),
(6792, 0, '2018-05-29', 3, 171, 2, 'Receipt', 0, '0'),
(6793, 0, '2018-05-29', 2, 23, 2, 'Receipt', 0, '0'),
(6794, 0, '2018-05-29', 2, 19, 2, 'Receipt', 0, '0'),
(6795, 0, '2018-05-29', 2, 28, 2, 'Receipt', 0, '0'),
(6796, 0, '2018-05-29', 2, 48, 2, 'Receipt', 0, '0'),
(6808, 0, '2018-05-29', 3, 9, 2, 'Payment', 0, '0'),
(6809, 0, '2018-05-29', 1, 1, 2, 'Payment', 0, '0'),
(6810, 0, '2018-05-29', 3, 42, 2, 'Payment', 0, '0'),
(6811, 0, '2018-05-29', 1, 12, 2, 'Payment', 0, '0'),
(6812, 0, '2018-05-30', 2, 6, 2, 'Receipt', 0, '0'),
(6838, 0, '2018-05-30', 3, 24, 2, 'Payment', 0, '0'),
(6839, 0, '2018-05-30', 3, 25, 2, 'Payment', 0, '0'),
(6840, 0, '2018-05-30', 3, 95, 2, 'Payment', 0, '0'),
(6841, 0, '2018-05-30', 3, 94, 2, 'Payment', 0, '0'),
(6842, 0, '2018-05-30', 3, 107, 2, 'Payment', 0, '0'),
(6843, 0, '2018-05-31', 2, 10, 2, 'Receipt', 0, '0'),
(6844, 0, '2018-05-31', 3, 172, 2, 'Payment', 0, '0'),
(6845, 0, '2018-06-01', 2, 12, 2, 'Receipt', 0, '0'),
(6846, 0, '2018-06-01', 2, 11, 2, 'Receipt', 0, '0'),
(6847, 0, '2018-06-01', 3, 30, 2, 'Payment', 0, '0'),
(6848, 0, '2018-06-01', 3, 60, 2, 'Payment', 0, '0'),
(6853, 0, '2018-06-02', 2, 28, 2, 'Receipt', 0, '0'),
(6854, 0, '2018-06-02', 3, 32, 2, 'Receipt', 0, '0'),
(6874, 0, '2018-06-04', 3, 116, 2, 'Payment', 0, '0'),
(6875, 0, '2018-06-04', 3, 174, 2, 'Payment', 0, '0'),
(6876, 0, '2018-06-04', 3, 62, 2, 'Payment', 0, '0'),
(6877, 0, '2018-06-04', 2, 48, 2, 'Receipt', 0, '0'),
(6878, 0, '2018-06-04', 2, 19, 2, 'Receipt', 0, '0'),
(6879, 0, '2018-06-06', 2, 37, 2, 'Receipt', 0, '0'),
(6886, 0, '2018-06-06', 3, 107, 2, 'Payment', 0, '0'),
(6887, 0, '2018-06-06', 3, 51, 2, 'Payment', 0, '0'),
(6888, 0, '2018-06-06', 1, 12, 2, 'Payment', 0, '0'),
(6889, 0, '2018-06-07', 2, 9, 2, 'Receipt', 0, '0'),
(6890, 0, '2018-06-07', 2, 103, 2, 'Receipt', 0, '0'),
(6897, 0, '2018-06-07', 3, 53, 2, 'Payment', 0, '0'),
(6898, 0, '2018-06-07', 3, 138, 2, 'Payment', 0, '0'),
(6899, 0, '2018-06-07', 3, 62, 2, 'Payment', 0, '0'),
(6901, 0, '2018-06-08', 1, 15, 2, 'Payment', 0, '0'),
(6902, 0, '2018-06-08', 3, 119, 2, 'Payment', 0, '0'),
(6903, 0, '2018-06-08', 2, 45, 2, 'Receipt', 0, '0'),
(6904, 0, '2018-06-14', 2, 5, 2, 'Receipt', 0, '0'),
(6907, 0, '2018-06-13', 2, 10, 2, 'Receipt', 0, '0'),
(6908, 0, '2018-06-13', 2, 98, 2, 'Receipt', 0, '0'),
(6920, 0, '2018-06-13', 3, 36, 2, 'Payment', 0, '0'),
(6921, 0, '2018-06-13', 3, 2, 2, 'Payment', 0, '0'),
(6922, 0, '2018-06-13', 3, 16, 2, 'Payment', 0, '0'),
(6925, 0, '2018-06-11', 2, 18, 2, 'Receipt', 0, '0'),
(6926, 0, '2018-06-11', 3, 53, 2, 'Payment', 0, '0'),
(6927, 0, '2018-06-14', 3, 175, 2, 'Payment', 0, '0'),
(6928, 0, '2018-06-14', 3, 42, 2, 'Payment', 0, '0'),
(6955, 0, '2018-06-15', 3, 11, 2, 'Payment', 0, '0'),
(6956, 0, '2018-06-15', 3, 125, 2, 'Payment', 0, '0'),
(6957, 0, '2018-06-15', 3, 102, 2, 'Payment', 0, '0'),
(7049, 0, '2018-06-16', 2, 48, 2, 'Receipt', 0, '0'),
(7050, 0, '2018-06-16', 2, 10, 2, 'Receipt', 0, '0'),
(7051, 0, '2018-06-16', 2, 37, 2, 'Receipt', 0, '0'),
(7052, 0, '2018-06-16', 2, 34, 2, 'Receipt', 0, '0'),
(7077, 0, '2018-06-16', 3, 25, 2, 'Payment', 0, '0'),
(7078, 0, '2018-06-16', 3, 32, 2, 'Payment', 0, '0'),
(7079, 0, '2018-06-16', 3, 95, 2, 'Payment', 0, '0'),
(7080, 0, '2018-06-16', 3, 37, 2, 'Payment', 0, '0'),
(7081, 0, '2018-06-16', 3, 36, 2, 'Payment', 0, '0'),
(7082, 0, '2018-06-16', 3, 12, 2, 'Payment', 0, '0'),
(7083, 0, '2018-06-16', 3, 125, 2, 'Payment', 0, '0'),
(7084, 0, '2018-06-16', 3, 43, 2, 'Payment', 0, '0'),
(7085, 0, '2018-06-16', 3, 61, 2, 'Payment', 0, '0'),
(7086, 0, '2018-06-16', 3, 17, 2, 'Payment', 0, '0'),
(7087, 0, '2018-06-16', 3, 26, 2, 'Payment', 0, '0'),
(7172, 0, '2018-06-17', 3, 110, 2, 'Receipt', 0, '0'),
(7173, 0, '2018-06-17', 2, 13, 2, 'Receipt', 0, '0'),
(7174, 0, '2018-06-17', 2, 10, 2, 'Receipt', 0, '0'),
(7175, 0, '2018-06-17', 2, 89, 2, 'Receipt', 0, '0'),
(7176, 0, '2018-06-17', 2, 16, 2, 'Receipt', 0, '0'),
(7177, 0, '2018-06-17', 2, 5, 2, 'Receipt', 0, '0'),
(7178, 0, '2018-06-17', 3, 171, 2, 'Receipt', 0, '0'),
(7179, 0, '2018-06-17', 3, 32, 2, 'Payment', 0, '0'),
(7180, 0, '2018-06-17', 3, 125, 2, 'Payment', 0, '0'),
(7181, 0, '2018-06-17', 3, 158, 2, 'Payment', 0, '0'),
(7182, 0, '2018-06-17', 3, 4, 2, 'Payment', 0, '0'),
(7183, 0, '2018-06-17', 3, 32, 2, 'Payment', 0, '0'),
(7184, 0, '2018-06-17', 3, 25, 2, 'Payment', 0, '0'),
(7185, 0, '2018-06-17', 3, 9, 2, 'Payment', 0, '0'),
(7287, 0, '2018-06-18', 2, 22, 2, 'Receipt', 0, '0'),
(7288, 0, '2018-06-18', 2, 100, 2, 'Receipt', 0, '0'),
(7289, 0, '2018-06-18', 2, 22, 2, 'Receipt', 0, '0'),
(7290, 0, '2018-06-18', 2, 10, 2, 'Receipt', 0, '0'),
(7291, 0, '2018-06-18', 2, 5, 2, 'Receipt', 0, '0'),
(7292, 0, '2018-06-18', 2, 16, 2, 'Receipt', 0, '0'),
(7293, 0, '2018-06-18', 3, 11, 2, 'Payment', 0, '0'),
(7294, 0, '2018-06-18', 3, 32, 2, 'Payment', 0, '0'),
(7295, 0, '2018-06-18', 3, 125, 2, 'Payment', 0, '0'),
(7296, 0, '2018-06-18', 3, 119, 2, 'Payment', 0, '0'),
(7297, 0, '2018-06-18', 1, 15, 2, 'Payment', 0, '0'),
(7298, 0, '2018-06-18', 3, 176, 2, 'Payment', 0, '0'),
(7299, 0, '2018-06-18', 3, 138, 2, 'Payment', 0, '0'),
(7300, 0, '2018-06-18', 3, 46, 2, 'Payment', 0, '0'),
(7544, 0, '2018-06-19', 2, 11, 2, 'Receipt', 0, '0'),
(7545, 0, '2018-06-19', 2, 9, 2, 'Receipt', 0, '0'),
(7546, 0, '2018-06-19', 2, 19, 2, 'Receipt', 0, '0'),
(7547, 0, '2018-06-19', 2, 21, 2, 'Receipt', 0, '0'),
(7548, 0, '2018-06-19', 2, 3, 2, 'Receipt', 0, '0'),
(7549, 0, '2018-06-19', 3, 26, 2, 'Payment', 0, '0'),
(7550, 0, '2018-06-19', 3, 16, 2, 'Payment', 0, '0'),
(7551, 0, '2018-06-19', 3, 95, 2, 'Payment', 0, '0'),
(7552, 0, '2018-06-19', 3, 25, 2, 'Payment', 0, '0'),
(7553, 0, '2018-06-19', 3, 10, 2, 'Payment', 0, '0'),
(7554, 0, '2018-06-19', 3, 178, 2, 'Payment', 0, '0'),
(7555, 0, '2018-06-19', 3, 30, 2, 'Payment', 0, '0'),
(7556, 0, '2018-06-19', 3, 179, 2, 'Payment', 0, '0'),
(7557, 0, '2018-06-19', 3, 3, 2, 'Payment', 0, '0'),
(7558, 0, '2018-06-19', 3, 125, 2, 'Payment', 0, '0'),
(7559, 0, '2018-06-19', 3, 4, 2, 'Payment', 0, '0'),
(7560, 0, '2018-06-19', 1, 12, 2, 'Payment', 0, '0'),
(7561, 0, '2018-06-19', 3, 44, 2, 'Payment', 0, '0'),
(7562, 0, '2018-06-19', 3, 43, 2, 'Payment', 0, '0'),
(7587, 0, '2018-06-20', 2, 13, 2, 'Receipt', 0, '0'),
(7588, 0, '2018-06-20', 3, 46, 2, 'Receipt', 0, '0'),
(7589, 0, '2018-06-20', 2, 10, 2, 'Receipt', 0, '0'),
(7590, 0, '2018-06-20', 2, 27, 2, 'Receipt', 0, '0'),
(7591, 0, '2018-06-20', 2, 6, 2, 'Receipt', 0, '0'),
(7671, 0, '2018-06-20', 3, 12, 2, 'Payment', 0, '0'),
(7672, 0, '2018-06-20', 3, 32, 2, 'Payment', 0, '0'),
(7673, 0, '2018-06-20', 3, 24, 2, 'Payment', 0, '0'),
(7674, 0, '2018-06-20', 3, 25, 2, 'Payment', 0, '0'),
(7675, 0, '2018-06-20', 3, 181, 2, 'Payment', 0, '0'),
(7676, 0, '2018-06-20', 3, 95, 2, 'Payment', 0, '0'),
(7677, 0, '2018-06-20', 3, 94, 2, 'Payment', 0, '0'),
(7678, 0, '2018-06-20', 1, 15, 2, 'Payment', 0, '0'),
(7747, 0, '2018-06-21', 2, 3, 2, 'Receipt', 0, '0'),
(7748, 0, '2018-06-21', 2, 19, 2, 'Receipt', 0, '0'),
(7749, 0, '2018-06-21', 2, 11, 2, 'Receipt', 0, '0'),
(7750, 0, '2018-06-21', 3, 49, 2, 'Receipt', 0, '0'),
(7751, 0, '2018-06-21', 3, 25, 2, 'Payment', 0, '0'),
(7752, 0, '2018-06-21', 3, 26, 2, 'Payment', 0, '0'),
(7753, 0, '2018-06-21', 3, 168, 2, 'Payment', 0, '0'),
(7754, 0, '2018-06-21', 3, 16, 2, 'Payment', 0, '0'),
(7755, 0, '2018-06-21', 3, 183, 2, 'Payment', 0, '0'),
(7756, 0, '2018-06-21', 3, 182, 2, 'Payment', 0, '0'),
(7757, 0, '2018-06-21', 3, 95, 2, 'Payment', 0, '0'),
(7758, 0, '2018-06-21', 3, 125, 2, 'Payment', 0, '0'),
(7759, 0, '2018-06-21', 3, 177, 2, 'Payment', 0, '0'),
(7760, 0, '2018-06-21', 3, 153, 2, 'Payment', 0, '0'),
(7761, 0, '2018-06-21', 3, 176, 2, 'Payment', 0, '0'),
(7762, 0, '2018-06-21', 1, 1, 2, 'Payment', 0, '0'),
(7900, 0, '2018-06-22', 3, 153, 2, 'Payment', 0, '0'),
(7901, 0, '2018-06-22', 3, 26, 2, 'Payment', 0, '0'),
(7902, 0, '2018-06-22', 3, 16, 2, 'Payment', 0, '0'),
(7903, 0, '2018-06-22', 3, 95, 2, 'Payment', 0, '0'),
(7904, 0, '2018-06-22', 3, 25, 2, 'Payment', 0, '0'),
(7905, 0, '2018-06-22', 3, 44, 2, 'Payment', 0, '0'),
(7906, 0, '2018-06-22', 3, 159, 2, 'Payment', 0, '0'),
(7907, 0, '2018-06-22', 3, 9, 2, 'Payment', 0, '0'),
(7908, 0, '2018-06-22', 3, 52, 2, 'Payment', 0, '0'),
(7909, 0, '2018-06-22', 3, 43, 2, 'Payment', 0, '0'),
(7910, 0, '2018-06-22', 3, 125, 2, 'Payment', 0, '0'),
(7911, 0, '2018-06-22', 3, 185, 2, 'Payment', 0, '0'),
(7912, 0, '2018-06-22', 3, 4, 2, 'Payment', 0, '0'),
(7913, 0, '2018-06-22', 2, 3, 2, 'Receipt', 0, '0'),
(7914, 0, '2018-06-22', 2, 17, 2, 'Receipt', 0, '0'),
(7915, 0, '2018-06-22', 2, 16, 2, 'Receipt', 0, '0'),
(7916, 0, '2018-06-22', 2, 12, 2, 'Receipt', 0, '0'),
(7917, 0, '2018-06-22', 2, 19, 2, 'Receipt', 0, '0'),
(7960, 0, '2018-06-23', 2, 71, 2, 'Receipt', 0, '0'),
(7961, 0, '2018-06-23', 2, 21, 2, 'Receipt', 0, '0'),
(7962, 0, '2018-06-23', 2, 18, 2, 'Receipt', 0, '0'),
(7963, 0, '2018-06-23', 2, 20, 2, 'Receipt', 0, '0'),
(7964, 0, '2018-06-23', 2, 10, 2, 'Receipt', 0, '0'),
(7965, 0, '2018-06-23', 2, 5, 2, 'Receipt', 0, '0'),
(7966, 0, '2018-06-23', 2, 5, 2, 'Receipt', 0, '0'),
(7967, 0, '2018-06-23', 2, 10, 2, 'Receipt', 0, '0'),
(8008, 0, '2018-06-23', 3, 16, 2, 'Payment', 0, '0'),
(8009, 0, '2018-06-23', 3, 26, 2, 'Payment', 0, '0'),
(8010, 0, '2018-06-23', 3, 11, 2, 'Payment', 0, '0'),
(8011, 0, '2018-06-23', 3, 186, 2, 'Payment', 0, '0'),
(8012, 0, '2018-06-23', 3, 120, 2, 'Payment', 0, '0'),
(8013, 0, '2018-06-23', 3, 25, 2, 'Payment', 0, '0'),
(8014, 0, '2018-06-23', 3, 3, 2, 'Payment', 0, '0'),
(8015, 0, '2018-06-23', 1, 8, 2, 'Payment', 0, '0'),
(8016, 0, '2018-06-23', 3, 158, 2, 'Payment', 0, '0'),
(8019, 0, '2018-06-24', 3, 187, 2, 'Payment', 0, '0'),
(8020, 0, '2018-06-24', 3, 61, 2, 'Payment', 0, '0'),
(8030, 0, '2018-06-25', 2, 10, 2, 'Receipt', 0, '0'),
(8031, 0, '2018-06-25', 2, 3, 2, 'Receipt', 0, '0'),
(8032, 0, '2018-06-25', 2, 19, 2, 'Receipt', 0, '0'),
(8063, 0, '2018-06-25', 1, 18, 2, 'Payment', 0, '0'),
(8064, 0, '2018-06-25', 3, 112, 2, 'Payment', 0, '0'),
(8065, 0, '2018-06-25', 1, 15, 2, 'Payment', 0, '0'),
(8066, 0, '2018-06-25', 3, 119, 2, 'Payment', 0, '0'),
(8067, 0, '2018-06-25', 3, 131, 2, 'Payment', 0, '0'),
(8068, 0, '2018-06-25', 3, 125, 2, 'Payment', 0, '0'),
(8069, 0, '2018-06-25', 3, 2, 2, 'Payment', 0, '0'),
(8086, 0, '2018-06-26', 2, 1, 2, 'Receipt', 0, '0'),
(8087, 0, '2018-06-26', 2, 4, 2, 'Receipt', 0, '0'),
(8088, 0, '2018-06-26', 2, 11, 2, 'Receipt', 0, '0'),
(8089, 0, '2018-06-26', 2, 9, 2, 'Receipt', 0, '0'),
(8090, 0, '2018-06-26', 2, 12, 2, 'Receipt', 0, '0'),
(8187, 0, '2018-06-26', 3, 189, 2, 'Payment', 0, '0'),
(8188, 0, '2018-06-26', 3, 16, 2, 'Payment', 0, '0'),
(8189, 0, '2018-06-26', 3, 26, 2, 'Payment', 0, '0'),
(8190, 0, '2018-06-26', 3, 17, 2, 'Payment', 0, '0'),
(8191, 0, '2018-06-26', 3, 10, 2, 'Payment', 0, '0'),
(8192, 0, '2018-06-26', 1, 8, 2, 'Payment', 0, '0'),
(8193, 0, '2018-06-26', 3, 3, 2, 'Payment', 0, '0'),
(8194, 0, '2018-06-26', 3, 95, 2, 'Payment', 0, '0'),
(8195, 0, '2018-06-26', 3, 62, 2, 'Payment', 0, '0'),
(8196, 0, '2018-06-26', 3, 61, 2, 'Payment', 0, '0'),
(8197, 0, '2018-06-26', 1, 15, 2, 'Payment', 0, '0'),
(8254, 0, '2018-06-27', 2, 12, 2, 'Receipt', 0, '0'),
(8255, 0, '2018-06-27', 2, 13, 2, 'Receipt', 0, '0'),
(8256, 0, '2018-06-27', 2, 71, 2, 'Receipt', 0, '0'),
(8257, 0, '2018-06-27', 2, 11, 2, 'Receipt', 0, '0'),
(8258, 0, '2018-06-27', 2, 9, 2, 'Receipt', 0, '0'),
(8259, 0, '2018-06-27', 2, 22, 2, 'Receipt', 0, '0'),
(8260, 0, '2018-06-27', 2, 16, 2, 'Receipt', 0, '0'),
(8261, 0, '2018-06-27', 2, 49, 2, 'Receipt', 0, '0'),
(8262, 0, '2018-06-27', 3, 125, 2, 'Payment', 0, '0'),
(8263, 0, '2018-06-27', 3, 26, 2, 'Payment', 0, '0'),
(8264, 0, '2018-06-27', 3, 11, 2, 'Payment', 0, '0'),
(8332, 0, '2018-06-28', 3, 61, 2, 'Payment', 0, '0'),
(8333, 0, '2018-06-28', 3, 190, 2, 'Payment', 0, '0'),
(8334, 0, '2018-06-28', 3, 61, 2, 'Payment', 0, '0'),
(8335, 0, '2018-06-28', 3, 44, 2, 'Payment', 0, '0'),
(8336, 0, '2018-06-28', 3, 158, 2, 'Payment', 0, '0'),
(8337, 0, '2018-06-28', 3, 95, 2, 'Payment', 0, '0'),
(8338, 0, '2018-06-28', 3, 25, 2, 'Payment', 0, '0'),
(8339, 0, '2018-06-28', 3, 43, 2, 'Payment', 0, '0'),
(8340, 0, '2018-06-28', 1, 15, 2, 'Payment', 0, '0'),
(8341, 0, '2018-06-28', 3, 125, 2, 'Payment', 0, '0'),
(8342, 0, '2018-06-28', 3, 32, 2, 'Payment', 0, '0'),
(8343, 0, '2018-06-28', 2, 37, 2, 'Receipt', 0, '0'),
(8344, 0, '2018-06-28', 3, 32, 2, 'Receipt', 0, '0'),
(8345, 0, '2018-06-28', 2, 54, 2, 'Receipt', 0, '0'),
(8496, 0, '2018-06-29', 2, 9, 2, 'Receipt', 0, '0'),
(8497, 0, '2018-06-29', 2, 12, 2, 'Receipt', 0, '0'),
(8498, 0, '2018-06-29', 2, 105, 2, 'Receipt', 0, '0'),
(8499, 0, '2018-06-29', 2, 19, 2, 'Receipt', 0, '0'),
(8500, 0, '2018-06-29', 3, 32, 2, 'Receipt', 0, '0'),
(8501, 0, '2018-06-29', 3, 127, 2, 'Receipt', 0, '0'),
(8502, 0, '2018-06-29', 3, 171, 2, 'Receipt', 0, '0'),
(8503, 0, '2018-06-29', 3, 79, 2, 'Receipt', 0, '0'),
(8504, 0, '2018-06-29', 3, 16, 2, 'Payment', 0, '0'),
(8505, 0, '2018-06-29', 3, 26, 2, 'Payment', 0, '0'),
(8506, 0, '2018-06-29', 1, 2, 2, 'Payment', 0, '0'),
(8507, 0, '2018-06-29', 3, 4, 2, 'Payment', 0, '0'),
(8508, 0, '2018-06-29', 3, 3, 2, 'Payment', 0, '0'),
(8509, 0, '2018-06-29', 3, 109, 2, 'Payment', 0, '0'),
(8510, 0, '2018-06-29', 3, 42, 2, 'Payment', 0, '0'),
(8511, 0, '2018-06-29', 1, 1, 2, 'Payment', 0, '0'),
(8512, 0, '2018-06-29', 3, 9, 2, 'Payment', 0, '0'),
(8513, 0, '2018-06-29', 3, 11, 2, 'Payment', 0, '0'),
(8514, 0, '2018-06-29', 3, 125, 2, 'Payment', 0, '0'),
(8524, 0, '2018-06-30', 2, 10, 2, 'Receipt', 0, '0'),
(8525, 0, '2018-06-30', 2, 6, 2, 'Receipt', 0, '0'),
(8526, 0, '2018-06-30', 2, 5, 2, 'Receipt', 0, '0'),
(8527, 0, '2018-06-30', 2, 1, 2, 'Receipt', 0, '0'),
(8535, 0, '2018-06-30', 3, 32, 2, 'Payment', 0, '0'),
(8536, 0, '2018-06-30', 3, 138, 2, 'Payment', 0, '0'),
(8537, 0, '2018-06-30', 3, 25, 2, 'Payment', 0, '0'),
(8623, 0, '2018-07-01', 2, 18, 2, 'Receipt', 0, '0'),
(8624, 0, '2018-07-01', 2, 8, 2, 'Receipt', 0, '0'),
(8625, 0, '2018-07-01', 3, 127, 2, 'Receipt', 0, '0'),
(8626, 0, '2018-07-01', 2, 64, 2, 'Receipt', 0, '0'),
(8627, 0, '2018-07-01', 2, 1, 2, 'Receipt', 0, '0'),
(8697, 0, '2018-07-01', 3, 26, 2, 'Payment', 0, '0'),
(8698, 0, '2018-07-01', 3, 94, 2, 'Payment', 0, '0'),
(8699, 0, '2018-07-01', 3, 44, 2, 'Payment', 0, '0'),
(8700, 0, '2018-07-01', 3, 61, 2, 'Payment', 0, '0'),
(8701, 0, '2018-07-01', 3, 12, 2, 'Payment', 0, '0'),
(8702, 0, '2018-07-01', 3, 60, 2, 'Payment', 0, '0'),
(8703, 0, '2018-07-01', 3, 20, 2, 'Payment', 0, '0'),
(8704, 0, '2018-07-01', 3, 191, 2, 'Payment', 0, '0'),
(8705, 0, '2018-07-01', 3, 187, 2, 'Payment', 0, '0'),
(8706, 0, '2018-07-01', 3, 64, 2, 'Payment', 0, '0'),
(8707, 0, '2018-07-01', 3, 32, 2, 'Payment', 0, '0'),
(8708, 0, '2018-07-01', 3, 125, 2, 'Payment', 0, '0'),
(8709, 0, '2018-07-01', 3, 43, 2, 'Payment', 0, '0'),
(8760, 0, '2018-07-02', 2, 11, 2, 'Receipt', 0, '0'),
(8761, 0, '2018-07-02', 2, 10, 2, 'Receipt', 0, '0'),
(8762, 0, '2018-07-02', 2, 19, 2, 'Receipt', 0, '0'),
(8763, 0, '2018-07-02', 2, 12, 2, 'Receipt', 0, '0'),
(8764, 0, '2018-07-02', 2, 18, 2, 'Receipt', 0, '0'),
(8765, 0, '2018-07-02', 2, 21, 2, 'Receipt', 0, '0'),
(8766, 0, '2018-07-02', 3, 192, 2, 'Receipt', 0, '0'),
(8802, 0, '2018-07-02', 3, 32, 2, 'Payment', 0, '0'),
(8803, 0, '2018-07-02', 3, 95, 2, 'Payment', 0, '0'),
(8804, 0, '2018-07-02', 3, 193, 2, 'Payment', 0, '0'),
(8805, 0, '2018-07-02', 1, 15, 2, 'Payment', 0, '0'),
(8806, 0, '2018-07-02', 3, 16, 2, 'Payment', 0, '0'),
(8807, 0, '2018-07-02', 3, 43, 2, 'Payment', 0, '0'),
(8808, 0, '2018-07-02', 3, 159, 2, 'Payment', 0, '0'),
(8809, 0, '2018-07-02', 3, 158, 2, 'Payment', 0, '0'),
(8810, 0, '2018-07-02', 1, 15, 2, 'Payment', 0, '0'),
(8817, 0, '2018-07-03', 3, 119, 2, 'Payment', 0, '0'),
(8818, 0, '2018-07-03', 3, 26, 2, 'Payment', 0, '0'),
(8819, 0, '2018-07-03', 3, 125, 2, 'Payment', 0, '0'),
(9338, 0, '2018-07-04', 2, 17, 2, 'Receipt', 0, '0'),
(9339, 0, '2018-07-04', 2, 14, 2, 'Receipt', 0, '0'),
(9340, 0, '2018-07-04', 2, 16, 2, 'Receipt', 0, '0'),
(9341, 0, '2018-07-04', 2, 16, 2, 'Receipt', 0, '0'),
(9342, 0, '2018-07-04', 2, 22, 2, 'Receipt', 0, '0'),
(9343, 0, '2018-07-04', 2, 19, 2, 'Receipt', 0, '0'),
(9344, 0, '2018-07-04', 2, 19, 2, 'Receipt', 0, '0'),
(9345, 0, '2018-07-04', 2, 27, 2, 'Receipt', 0, '0'),
(9346, 0, '2018-07-04', 2, 3, 2, 'Receipt', 0, '0'),
(9347, 0, '2018-07-04', 3, 192, 2, 'Receipt', 0, '0'),
(9348, 0, '2018-07-04', 2, 71, 2, 'Receipt', 0, '0'),
(9349, 0, '2018-07-04', 2, 1, 2, 'Receipt', 0, '0'),
(9395, 0, '2018-07-04', 3, 185, 2, 'Payment', 0, '0'),
(9396, 0, '2018-07-04', 3, 194, 2, 'Payment', 0, '0'),
(9397, 0, '2018-07-04', 3, 182, 2, 'Payment', 0, '0'),
(9398, 0, '2018-07-04', 3, 10, 2, 'Payment', 0, '0'),
(9399, 0, '2018-07-04', 3, 17, 2, 'Payment', 0, '0'),
(9400, 0, '2018-07-04', 3, 95, 2, 'Payment', 0, '0'),
(9401, 0, '2018-07-04', 3, 188, 2, 'Payment', 0, '0'),
(9402, 0, '2018-07-04', 3, 25, 2, 'Payment', 0, '0'),
(9403, 0, '2018-07-04', 3, 178, 2, 'Payment', 0, '0'),
(9404, 0, '2018-07-04', 3, 26, 2, 'Payment', 0, '0'),
(9405, 0, '2018-07-04', 3, 30, 2, 'Payment', 0, '0'),
(9406, 0, '2018-07-04', 3, 190, 2, 'Payment', 0, '0'),
(9407, 0, '2018-07-04', 3, 196, 2, 'Payment', 0, '0'),
(9408, 0, '2018-07-04', 3, 195, 2, 'Payment', 0, '0'),
(9409, 0, '2018-07-04', 3, 197, 2, 'Payment', 0, '0'),
(9410, 0, '2018-07-04', 3, 4, 2, 'Payment', 0, '0'),
(9411, 0, '2018-07-04', 3, 32, 2, 'Payment', 0, '0'),
(9412, 0, '2018-07-04', 3, 120, 2, 'Payment', 0, '0'),
(9413, 0, '2018-07-04', 3, 4, 2, 'Payment', 0, '0'),
(9414, 0, '2018-07-04', 3, 4, 2, 'Payment', 0, '0'),
(9415, 0, '2018-07-04', 3, 3, 2, 'Payment', 0, '0'),
(9416, 0, '2018-07-04', 3, 119, 2, 'Payment', 0, '0'),
(9417, 0, '2018-07-04', 3, 125, 2, 'Payment', 0, '0'),
(9418, 0, '2018-07-04', 3, 187, 2, 'Payment', 0, '0'),
(9419, 0, '2018-07-04', 1, 15, 2, 'Payment', 0, '0'),
(9477, 0, '2018-07-05', 2, 14, 2, 'Receipt', 0, '0'),
(9478, 0, '2018-07-05', 2, 6, 2, 'Receipt', 0, '0'),
(9479, 0, '2018-07-05', 2, 5, 2, 'Receipt', 0, '0'),
(9480, 0, '2018-07-05', 3, 17, 2, 'Payment', 0, '0'),
(9481, 0, '2018-07-05', 3, 30, 2, 'Payment', 0, '0'),
(9482, 0, '2018-07-05', 3, 95, 2, 'Payment', 0, '0'),
(9483, 0, '2018-07-05', 3, 94, 2, 'Payment', 0, '0'),
(9484, 0, '2018-07-05', 3, 120, 2, 'Payment', 0, '0'),
(9485, 0, '2018-07-05', 3, 24, 2, 'Payment', 0, '0'),
(9486, 0, '2018-07-05', 1, 19, 2, 'Payment', 0, '0'),
(9487, 0, '2018-07-05', 3, 11, 2, 'Payment', 0, '0'),
(9592, 0, '2018-07-06', 2, 3, 2, 'Receipt', 0, '0'),
(9593, 0, '2018-07-06', 2, 9, 2, 'Receipt', 0, '0'),
(9594, 0, '2018-07-06', 2, 18, 2, 'Receipt', 0, '0'),
(9595, 0, '2018-07-06', 3, 32, 2, 'Receipt', 0, '0'),
(9596, 0, '2018-07-06', 2, 19, 2, 'Receipt', 0, '0'),
(9597, 0, '2018-07-06', 2, 106, 2, 'Receipt', 0, '0'),
(9598, 0, '2018-07-06', 2, 1, 2, 'Receipt', 0, '0'),
(9599, 0, '2018-07-06', 3, 32, 2, 'Receipt', 0, '0'),
(9600, 0, '2018-07-06', 3, 49, 2, 'Receipt', 0, '0'),
(9620, 0, '2018-07-06', 3, 12, 2, 'Payment', 0, '0'),
(9621, 0, '2018-07-06', 3, 2, 2, 'Payment', 0, '0'),
(9622, 0, '2018-07-06', 3, 26, 2, 'Payment', 0, '0'),
(9623, 0, '2018-07-06', 3, 44, 2, 'Payment', 0, '0'),
(9624, 0, '2018-07-06', 3, 198, 2, 'Payment', 0, '0'),
(9625, 0, '2018-07-06', 3, 125, 2, 'Payment', 0, '0'),
(9626, 0, '2018-07-06', 3, 25, 2, 'Payment', 0, '0'),
(9627, 0, '2018-07-06', 3, 94, 2, 'Payment', 0, '0'),
(9628, 0, '2018-07-06', 1, 15, 2, 'Payment', 0, '0'),
(9629, 0, '2018-07-06', 3, 119, 2, 'Payment', 0, '0'),
(9837, 0, '2018-07-07', 2, 4, 2, 'Receipt', 0, '0'),
(9838, 0, '2018-07-07', 2, 27, 2, 'Receipt', 0, '0'),
(9839, 0, '2018-07-07', 2, 6, 2, 'Receipt', 0, '0'),
(9840, 0, '2018-07-07', 2, 5, 2, 'Receipt', 0, '0'),
(9841, 0, '2018-07-07', 2, 12, 2, 'Receipt', 0, '0'),
(9842, 0, '2018-07-07', 2, 10, 2, 'Receipt', 0, '0'),
(9843, 0, '2018-07-07', 2, 20, 2, 'Receipt', 0, '0'),
(9844, 0, '2018-07-07', 2, 21, 2, 'Receipt', 0, '0'),
(9845, 0, '2018-07-07', 3, 24, 2, 'Payment', 0, '0'),
(9846, 0, '2018-07-07', 3, 16, 2, 'Payment', 0, '0'),
(9847, 0, '2018-07-07', 3, 194, 2, 'Payment', 0, '0'),
(9848, 0, '2018-07-07', 3, 95, 2, 'Payment', 0, '0'),
(9849, 0, '2018-07-07', 3, 190, 2, 'Payment', 0, '0'),
(9850, 0, '2018-07-07', 3, 182, 2, 'Payment', 0, '0'),
(9851, 0, '2018-07-07', 3, 26, 2, 'Payment', 0, '0'),
(9852, 0, '2018-07-07', 3, 25, 2, 'Payment', 0, '0'),
(9853, 0, '2018-07-07', 3, 4, 2, 'Payment', 0, '0'),
(9854, 0, '2018-07-07', 3, 19, 2, 'Payment', 0, '0'),
(9855, 0, '2018-07-07', 3, 4, 2, 'Payment', 0, '0'),
(9856, 0, '2018-07-07', 3, 2, 2, 'Payment', 0, '0'),
(9857, 0, '2018-07-07', 1, 15, 2, 'Payment', 0, '0'),
(9858, 0, '2018-07-08', 2, 9, 2, 'Receipt', 0, '0'),
(9928, 0, '2018-06-02', 3, 166, 2, 'Payment', 0, '0'),
(9929, 0, '2018-06-02', 3, 58, 2, 'Payment', 0, '0'),
(9930, 0, '2018-06-02', 3, 54, 2, 'Payment', 0, '0'),
(9931, 0, '2018-06-02', 3, 173, 2, 'Payment', 0, '0'),
(9932, 0, '2018-06-02', 1, 20, 2, 'Payment', 0, '0'),
(9941, 0, '2018-07-09', 2, 19, 2, 'Receipt', 0, '0'),
(9942, 0, '2018-07-09', 2, 8, 2, 'Receipt', 0, '0'),
(9943, 0, '2018-07-09', 2, 20, 2, 'Receipt', 0, '0'),
(9944, 0, '2018-07-09', 2, 12, 2, 'Receipt', 0, '0'),
(9945, 0, '2018-07-09', 2, 18, 2, 'Receipt', 0, '0'),
(9946, 0, '2018-07-09', 2, 19, 2, 'Receipt', 0, '0'),
(9947, 0, '2018-07-09', 2, 98, 2, 'Receipt', 0, '0'),
(9948, 0, '2018-07-09', 2, 10, 2, 'Receipt', 0, '0'),
(9949, 0, '2018-07-09', 2, 9, 2, 'Receipt', 0, '0'),
(9959, 0, '2018-07-09', 3, 26, 2, 'Payment', 0, '0'),
(9960, 0, '2018-07-09', 3, 16, 2, 'Payment', 0, '0'),
(9961, 0, '2018-07-09', 1, 12, 2, 'Payment', 0, '0'),
(9962, 0, '2018-07-09', 3, 190, 2, 'Payment', 0, '0'),
(9963, 0, '2018-07-09', 3, 52, 2, 'Payment', 0, '0'),
(9964, 0, '2018-07-09', 3, 3, 2, 'Payment', 0, '0'),
(9965, 0, '2018-07-09', 3, 42, 2, 'Payment', 0, '0'),
(9966, 0, '2018-07-09', 1, 20, 2, 'Payment', 0, '0'),
(9967, 0, '2018-07-09', 3, 32, 2, 'Payment', 0, '0'),
(9968, 0, '2018-07-09', 3, 2, 2, 'Payment', 0, '0'),
(10026, 0, '2018-07-10', 3, 200, 2, 'Payment', 0, '0'),
(10027, 0, '2018-07-10', 3, 202, 2, 'Payment', 0, '0'),
(10028, 0, '2018-07-10', 3, 71, 2, 'Payment', 0, '0'),
(10029, 0, '2018-07-10', 3, 204, 2, 'Payment', 0, '0'),
(10030, 0, '2018-07-10', 3, 2, 2, 'Payment', 0, '0'),
(10031, 0, '2018-07-10', 3, 190, 2, 'Payment', 0, '0'),
(10032, 0, '2018-07-10', 3, 25, 2, 'Payment', 0, '0'),
(10033, 0, '2018-07-10', 3, 44, 2, 'Payment', 0, '0'),
(10034, 0, '2018-07-10', 2, 37, 2, 'Receipt', 0, '0'),
(10035, 0, '2018-07-10', 2, 34, 2, 'Receipt', 0, '0'),
(10036, 0, '2018-07-10', 2, 26, 2, 'Receipt', 0, '0'),
(10037, 0, '2018-07-10', 2, 100, 2, 'Receipt', 0, '0'),
(10149, 0, '2018-07-11', 2, 12, 2, 'Receipt', 0, '0'),
(10150, 0, '2018-07-11', 2, 38, 2, 'Receipt', 0, '0'),
(10151, 0, '2018-07-11', 2, 4, 2, 'Receipt', 0, '0'),
(10152, 0, '2018-07-11', 2, 37, 2, 'Receipt', 0, '0'),
(10241, 0, '2018-07-11', 3, 8, 2, 'Payment', 0, '0'),
(10242, 0, '2018-07-11', 3, 26, 2, 'Payment', 0, '0'),
(10243, 0, '2018-07-11', 3, 12, 2, 'Payment', 0, '0'),
(10244, 0, '2018-07-11', 3, 4, 2, 'Payment', 0, '0'),
(10245, 0, '2018-07-11', 3, 203, 2, 'Payment', 0, '0'),
(10246, 0, '2018-07-11', 1, 20, 2, 'Payment', 0, '0'),
(10247, 0, '2018-07-11', 1, 15, 2, 'Payment', 0, '0'),
(10248, 0, '2018-07-11', 3, 64, 2, 'Payment', 0, '0'),
(10249, 0, '2018-07-11', 3, 190, 2, 'Payment', 0, '0'),
(10250, 0, '2018-07-11', 3, 194, 2, 'Payment', 0, '0'),
(10251, 0, '2018-07-11', 3, 201, 2, 'Payment', 0, '0'),
(10252, 0, '2018-07-11', 3, 2, 2, 'Payment', 0, '0'),
(10467, 0, '2018-07-12', 2, 80, 2, 'Receipt', 0, '0'),
(10468, 0, '2018-07-12', 2, 83, 2, 'Receipt', 0, '0'),
(10469, 0, '2018-07-12', 2, 17, 2, 'Receipt', 0, '0'),
(10470, 0, '2018-07-12', 2, 34, 2, 'Receipt', 0, '0'),
(10471, 0, '2018-07-12', 2, 6, 2, 'Receipt', 0, '0'),
(10472, 0, '2018-07-12', 2, 27, 2, 'Receipt', 0, '0'),
(10473, 0, '2018-07-12', 2, 1, 2, 'Receipt', 0, '0'),
(10474, 0, '2018-07-12', 2, 31, 2, 'Receipt', 0, '0'),
(10475, 0, '2018-07-12', 1, 18, 2, 'Receipt', 0, '0'),
(10476, 0, '2018-07-12', 2, 38, 2, 'Receipt', 0, '0'),
(10477, 0, '2018-07-12', 2, 26, 2, 'Receipt', 0, '0'),
(10478, 0, '2018-07-12', 3, 205, 2, 'Receipt', 0, '0'),
(10479, 0, '2018-07-12', 3, 11, 2, 'Payment', 0, '0'),
(10480, 0, '2018-07-12', 3, 114, 2, 'Payment', 0, '0'),
(10481, 0, '2018-07-12', 3, 32, 2, 'Payment', 0, '0'),
(10482, 0, '2018-07-12', 3, 25, 2, 'Payment', 0, '0'),
(10483, 0, '2018-07-12', 3, 16, 2, 'Payment', 0, '0'),
(10484, 0, '2018-07-12', 1, 20, 2, 'Payment', 0, '0'),
(10485, 0, '2018-07-12', 3, 71, 2, 'Payment', 0, '0'),
(10486, 0, '2018-07-12', 3, 2, 2, 'Payment', 0, '0'),
(10487, 0, '2018-07-12', 3, 125, 2, 'Payment', 0, '0'),
(10488, 0, '2018-07-12', 3, 190, 2, 'Payment', 0, '0'),
(10489, 0, '2018-07-12', 3, 26, 2, 'Payment', 0, '0'),
(10490, 0, '2018-07-12', 3, 10, 2, 'Payment', 0, '0'),
(10510, 0, '2018-07-13', 3, 32, 2, 'Receipt', 0, '0'),
(10511, 0, '2018-07-13', 3, 9, 2, 'Payment', 0, '0'),
(10512, 0, '2018-07-13', 3, 2, 2, 'Payment', 0, '0'),
(10513, 0, '2018-07-13', 1, 20, 2, 'Payment', 0, '0'),
(10514, 0, '2018-07-13', 1, 15, 2, 'Payment', 0, '0'),
(10515, 0, '2018-07-13', 3, 131, 2, 'Payment', 0, '0'),
(10521, 0, '2018-07-14', 2, 26, 2, 'Receipt', 0, '0'),
(10522, 0, '2018-07-14', 2, 12, 2, 'Receipt', 0, '0'),
(10523, 0, '2018-07-14', 3, 32, 2, 'Receipt', 0, '0'),
(10524, 0, '2018-07-14', 3, 3, 2, 'Payment', 0, '0'),
(10525, 0, '2018-07-14', 1, 4, 2, 'Payment', 0, '0'),
(10675, 0, '2018-07-15', 2, 34, 2, 'Receipt', 0, '0'),
(10676, 0, '2018-07-15', 2, 5, 2, 'Receipt', 0, '0'),
(10677, 0, '2018-07-15', 2, 27, 2, 'Receipt', 0, '0'),
(10678, 0, '2018-07-15', 2, 6, 2, 'Receipt', 0, '0'),
(10679, 0, '2018-07-15', 2, 30, 2, 'Receipt', 0, '0'),
(10680, 0, '2018-07-15', 2, 18, 2, 'Receipt', 0, '0'),
(10681, 0, '2018-07-15', 2, 4, 2, 'Receipt', 0, '0'),
(10682, 0, '2018-07-15', 2, 3, 2, 'Receipt', 0, '0'),
(10683, 0, '2018-07-15', 2, 1, 2, 'Receipt', 0, '0'),
(10684, 0, '2018-07-15', 2, 9, 2, 'Receipt', 0, '0'),
(10739, 0, '2018-07-15', 3, 114, 2, 'Payment', 0, '0'),
(10740, 0, '2018-07-15', 3, 24, 2, 'Payment', 0, '0'),
(10741, 0, '2018-07-15', 3, 183, 2, 'Payment', 0, '0'),
(10742, 0, '2018-07-15', 3, 194, 2, 'Payment', 0, '0'),
(10743, 0, '2018-07-15', 3, 8, 2, 'Payment', 0, '0'),
(10744, 0, '2018-07-15', 3, 25, 2, 'Payment', 0, '0'),
(10745, 0, '2018-07-15', 3, 26, 2, 'Payment', 0, '0'),
(10746, 0, '2018-07-15', 3, 190, 2, 'Payment', 0, '0'),
(10747, 0, '2018-07-15', 3, 9, 2, 'Payment', 0, '0'),
(10748, 0, '2018-07-15', 3, 16, 2, 'Payment', 0, '0'),
(10749, 0, '2018-07-15', 3, 10, 2, 'Payment', 0, '0'),
(10750, 0, '2018-07-15', 3, 43, 2, 'Payment', 0, '0'),
(10902, 0, '2018-07-16', 2, 8, 2, 'Receipt', 0, '0'),
(10903, 0, '2018-07-16', 2, 10, 2, 'Receipt', 0, '0'),
(10904, 0, '2018-07-16', 2, 12, 2, 'Receipt', 0, '0'),
(10905, 0, '2018-07-16', 2, 71, 2, 'Receipt', 0, '0'),
(10906, 0, '2018-07-16', 2, 16, 2, 'Receipt', 0, '0'),
(10907, 0, '2018-07-16', 1, 18, 2, 'Receipt', 0, '0'),
(10908, 0, '2018-07-16', 2, 99, 2, 'Receipt', 0, '0'),
(10943, 0, '2018-07-16', 3, 11, 2, 'Payment', 0, '0'),
(10944, 0, '2018-07-16', 3, 194, 2, 'Payment', 0, '0'),
(10945, 0, '2018-07-16', 3, 26, 2, 'Payment', 0, '0'),
(10946, 0, '2018-07-16', 3, 12, 2, 'Payment', 0, '0'),
(10947, 0, '2018-07-16', 3, 30, 2, 'Payment', 0, '0'),
(10948, 0, '2018-07-16', 3, 183, 2, 'Payment', 0, '0'),
(10949, 0, '2018-07-16', 3, 159, 2, 'Payment', 0, '0'),
(10950, 0, '2018-07-16', 1, 21, 2, 'Payment', 0, '0'),
(10951, 0, '2018-07-16', 1, 1, 2, 'Payment', 0, '0'),
(10952, 0, '2018-07-16', 1, 18, 2, 'Payment', 0, '0'),
(10953, 0, '2018-07-16', 3, 187, 2, 'Payment', 0, '0'),
(10954, 0, '2018-07-16', 3, 4, 2, 'Payment', 0, '0'),
(10989, 0, '2018-07-17', 2, 19, 2, 'Receipt', 0, '0'),
(10990, 0, '2018-07-17', 2, 1, 2, 'Receipt', 0, '0'),
(10991, 0, '2018-07-17', 2, 3, 2, 'Receipt', 0, '0'),
(10992, 0, '2018-07-17', 2, 5, 2, 'Receipt', 0, '0'),
(11024, 0, '2018-07-17', 3, 16, 2, 'Payment', 0, '0'),
(11025, 0, '2018-07-17', 3, 25, 2, 'Payment', 0, '0'),
(11026, 0, '2018-07-17', 3, 10, 2, 'Payment', 0, '0'),
(11027, 0, '2018-07-17', 3, 194, 2, 'Payment', 0, '0'),
(11028, 0, '2018-07-17', 1, 21, 2, 'Payment', 0, '0'),
(11029, 0, '2018-07-17', 3, 2, 2, 'Payment', 0, '0'),
(11030, 0, '2018-07-17', 1, 20, 2, 'Payment', 0, '0'),
(11050, 0, '2018-07-18', 2, 54, 2, 'Receipt', 0, '0'),
(11051, 0, '2018-07-18', 2, 31, 2, 'Receipt', 0, '0'),
(11052, 0, '2018-07-18', 2, 34, 2, 'Receipt', 0, '0'),
(11053, 0, '2018-07-18', 3, 190, 2, 'Payment', 0, '0'),
(11054, 0, '2018-07-18', 3, 17, 2, 'Payment', 0, '0'),
(11055, 0, '2018-07-18', 3, 188, 2, 'Payment', 0, '0'),
(11056, 0, '2018-07-18', 1, 15, 2, 'Payment', 0, '0'),
(11265, 0, '2018-07-19', 2, 18, 2, 'Receipt', 0, '0'),
(11266, 0, '2018-07-19', 2, 22, 2, 'Receipt', 0, '0'),
(11267, 0, '2018-07-19', 2, 1, 2, 'Receipt', 0, '0'),
(11268, 0, '2018-07-19', 2, 6, 2, 'Receipt', 0, '0'),
(11269, 0, '2018-07-19', 2, 6, 2, 'Receipt', 0, '0'),
(11270, 0, '2018-07-19', 2, 37, 2, 'Receipt', 0, '0'),
(11386, 0, '2018-07-19', 3, 183, 2, 'Payment', 0, '0'),
(11387, 0, '2018-07-19', 3, 30, 2, 'Payment', 0, '0'),
(11388, 0, '2018-07-19', 3, 24, 2, 'Payment', 0, '0'),
(11389, 0, '2018-07-19', 3, 25, 2, 'Payment', 0, '0'),
(11390, 0, '2018-07-19', 3, 190, 2, 'Payment', 0, '0'),
(11391, 0, '2018-07-19', 1, 21, 2, 'Payment', 0, '0'),
(11392, 0, '2018-07-19', 3, 8, 2, 'Payment', 0, '0'),
(11393, 0, '2018-07-19', 3, 207, 2, 'Payment', 0, '0'),
(11394, 0, '2018-07-19', 3, 158, 2, 'Payment', 0, '0'),
(11395, 0, '2018-07-19', 3, 125, 2, 'Payment', 0, '0'),
(11396, 0, '2018-07-19', 1, 20, 2, 'Payment', 0, '0'),
(11397, 0, '2018-07-19', 3, 3, 2, 'Payment', 0, '0'),
(11410, 0, '2018-07-20', 2, 6, 2, 'Receipt', 0, '0'),
(11411, 0, '2018-07-20', 2, 30, 2, 'Receipt', 0, '0'),
(11412, 0, '2018-07-20', 2, 38, 2, 'Receipt', 0, '0'),
(11413, 0, '2018-07-20', 2, 34, 2, 'Receipt', 0, '0'),
(11414, 0, '2018-07-20', 2, 32, 2, 'Receipt', 0, '0'),
(11415, 0, '2018-07-20', 2, 37, 2, 'Receipt', 0, '0'),
(11423, 0, '2018-07-20', 3, 183, 2, 'Payment', 0, '0'),
(11424, 0, '2018-07-20', 3, 147, 2, 'Payment', 0, '0'),
(11425, 0, '2018-07-20', 3, 17, 2, 'Payment', 0, '0'),
(11426, 0, '2018-07-20', 3, 25, 2, 'Payment', 0, '0'),
(11427, 0, '2018-07-20', 3, 53, 2, 'Payment', 0, '0'),
(11428, 0, '2018-07-20', 3, 12, 2, 'Payment', 0, '0'),
(11429, 0, '2018-07-20', 3, 4, 2, 'Payment', 0, '0'),
(11938, 0, '2018-07-21', 2, 12, 2, 'Receipt', 0, '0'),
(11939, 0, '2018-07-21', 2, 13, 2, 'Receipt', 0, '0'),
(11940, 0, '2018-07-21', 2, 71, 2, 'Receipt', 0, '0'),
(11941, 0, '2018-07-21', 2, 22, 2, 'Receipt', 0, '0'),
(11942, 0, '2018-07-21', 1, 18, 2, 'Receipt', 0, '0'),
(11943, 0, '2018-07-21', 2, 37, 2, 'Receipt', 0, '0'),
(11944, 0, '2018-07-21', 2, 32, 2, 'Receipt', 0, '0'),
(11945, 0, '2018-07-21', 2, 30, 2, 'Receipt', 0, '0'),
(11946, 0, '2018-07-21', 2, 1, 2, 'Receipt', 0, '0'),
(11947, 0, '2018-07-21', 2, 26, 2, 'Receipt', 0, '0'),
(11948, 0, '2018-07-21', 3, 183, 2, 'Payment', 0, '0'),
(11949, 0, '2018-07-21', 3, 182, 2, 'Payment', 0, '0'),
(11950, 0, '2018-07-21', 3, 25, 2, 'Payment', 0, '0'),
(11951, 0, '2018-07-21', 3, 8, 2, 'Payment', 0, '0'),
(11952, 0, '2018-07-21', 3, 199, 2, 'Payment', 0, '0'),
(11953, 0, '2018-07-21', 3, 183, 2, 'Payment', 0, '0'),
(11954, 0, '2018-07-21', 3, 26, 2, 'Payment', 0, '0'),
(11955, 0, '2018-07-21', 3, 10, 2, 'Payment', 0, '0'),
(11956, 0, '2018-07-21', 3, 158, 2, 'Payment', 0, '0'),
(11957, 0, '2018-07-21', 1, 18, 2, 'Payment', 0, '0'),
(11958, 0, '2018-07-21', 1, 15, 2, 'Payment', 0, '0'),
(11959, 0, '2018-07-21', 1, 20, 2, 'Payment', 0, '0'),
(11960, 0, '2018-07-21', 3, 2, 2, 'Payment', 0, '0'),
(11961, 0, '2018-07-21', 1, 21, 2, 'Payment', 0, '0'),
(11962, 0, '2018-07-21', 3, 43, 2, 'Payment', 0, '0'),
(11963, 0, '2018-07-21', 3, 61, 2, 'Payment', 0, '0'),
(11964, 0, '2018-07-21', 3, 125, 2, 'Payment', 0, '0'),
(11965, 0, '2018-07-21', 3, 44, 2, 'Payment', 0, '0'),
(11966, 0, '2018-07-21', 3, 208, 2, 'Payment', 0, '0'),
(11967, 0, '2018-07-21', 3, 53, 2, 'Payment', 0, '0'),
(11968, 0, '2018-07-21', 3, 4, 2, 'Payment', 0, '0'),
(11978, 0, '2018-07-22', 2, 12, 2, 'Receipt', 0, '0'),
(11979, 0, '2018-07-22', 2, 5, 2, 'Receipt', 0, '0'),
(11983, 0, '2018-07-22', 3, 17, 2, 'Payment', 0, '0'),
(11984, 0, '2018-07-22', 3, 18, 2, 'Payment', 0, '0'),
(11985, 0, '2018-07-22', 3, 25, 2, 'Payment', 0, '0'),
(11986, 0, '2018-07-22', 3, 194, 2, 'Payment', 0, '0'),
(11998, 0, '2018-07-23', 2, 27, 2, 'Receipt', 0, '0'),
(11999, 0, '2018-07-23', 2, 1, 2, 'Receipt', 0, '0'),
(12024, 0, '2018-07-24', 2, 13, 2, 'Receipt', 0, '0'),
(12025, 0, '2018-07-24', 2, 71, 2, 'Receipt', 0, '0'),
(12026, 0, '2018-07-24', 2, 19, 2, 'Receipt', 0, '0'),
(12027, 0, '2018-07-24', 3, 110, 2, 'Receipt', 0, '0'),
(12032, 0, '2018-07-24', 3, 26, 2, 'Payment', 0, '0'),
(12033, 0, '2018-07-24', 1, 20, 2, 'Payment', 0, '0'),
(12034, 0, '2018-07-24', 3, 2, 2, 'Payment', 0, '0'),
(12037, 0, '2018-07-25', 2, 22, 2, 'Receipt', 0, '0'),
(12056, 0, '2018-07-26', 2, 6, 2, 'Receipt', 0, '0'),
(12057, 0, '2018-07-26', 2, 3, 2, 'Receipt', 0, '0'),
(12058, 0, '2018-07-26', 2, 34, 2, 'Receipt', 0, '0'),
(12079, 0, '2018-07-23', 3, 25, 2, 'Payment', 0, '0'),
(12080, 0, '2018-07-23', 3, 2, 2, 'Payment', 0, '0'),
(12081, 0, '2018-07-23', 3, 209, 2, 'Payment', 0, '0'),
(12082, 0, '2018-07-23', 3, 16, 2, 'Payment', 0, '0'),
(12109, 0, '2018-07-26', 3, 24, 2, 'Payment', 0, '0'),
(12110, 0, '2018-07-26', 3, 16, 2, 'Payment', 0, '0'),
(12111, 0, '2018-07-26', 3, 25, 2, 'Payment', 0, '0'),
(12112, 0, '2018-07-26', 3, 3, 2, 'Payment', 0, '0'),
(12113, 0, '2018-07-26', 3, 112, 2, 'Payment', 0, '0'),
(12114, 0, '2018-07-26', 3, 63, 2, 'Payment', 0, '0'),
(12115, 0, '2018-07-26', 1, 20, 2, 'Payment', 0, '0'),
(12116, 0, '2018-07-26', 1, 15, 2, 'Payment', 0, '0'),
(12117, 0, '2018-07-26', 3, 119, 2, 'Payment', 0, '0'),
(12122, 0, '2018-07-28', 2, 13, 2, 'Receipt', 0, '0'),
(12123, 0, '2018-07-28', 2, 12, 2, 'Receipt', 0, '0'),
(12129, 0, '2018-07-27', 2, 1, 2, 'Receipt', 0, '0'),
(12130, 0, '2018-07-27', 1, 20, 2, 'Receipt', 0, '0'),
(12133, 0, '2018-07-27', 3, 116, 2, 'Payment', 0, '0'),
(12134, 0, '2018-07-27', 1, 12, 2, 'Payment', 0, '0'),
(12135, 0, '2018-07-27', 1, 22, 2, 'Payment', 0, '0'),
(12166, 0, '2018-07-28', 3, 26, 2, 'Payment', 0, '0'),
(12167, 0, '2018-07-28', 3, 182, 2, 'Payment', 0, '0'),
(12168, 0, '2018-07-28', 3, 194, 2, 'Payment', 0, '0'),
(12169, 0, '2018-07-28', 3, 44, 2, 'Payment', 0, '0'),
(12170, 0, '2018-07-28', 3, 12, 2, 'Payment', 0, '0'),
(12171, 0, '2018-07-28', 3, 125, 2, 'Payment', 0, '0'),
(12300, 0, '2018-07-29', 2, 11, 2, 'Receipt', 0, '0'),
(12301, 0, '2018-07-29', 2, 14, 2, 'Receipt', 0, '0'),
(12302, 0, '2018-07-29', 2, 71, 2, 'Receipt', 0, '0'),
(12303, 0, '2018-07-29', 2, 34, 2, 'Receipt', 0, '0'),
(12304, 0, '2018-07-29', 2, 10, 2, 'Receipt', 0, '0'),
(12305, 0, '2018-07-29', 2, 19, 2, 'Receipt', 0, '0'),
(12306, 0, '2018-07-29', 2, 18, 2, 'Receipt', 0, '0'),
(12414, 0, '2018-07-29', 3, 43, 2, 'Payment', 0, '0'),
(12415, 0, '2018-07-29', 3, 26, 2, 'Payment', 0, '0'),
(12416, 0, '2018-07-29', 3, 194, 2, 'Payment', 0, '0'),
(12417, 0, '2018-07-29', 3, 190, 2, 'Payment', 0, '0'),
(12418, 0, '2018-07-29', 3, 25, 2, 'Payment', 0, '0'),
(12419, 0, '2018-07-29', 3, 125, 2, 'Payment', 0, '0'),
(12420, 0, '2018-07-29', 3, 4, 2, 'Payment', 0, '0'),
(12421, 0, '2018-07-29', 3, 17, 2, 'Payment', 0, '0'),
(12422, 0, '2018-07-29', 3, 211, 2, 'Payment', 0, '0'),
(12423, 0, '2018-07-29', 3, 159, 2, 'Payment', 0, '0'),
(12424, 0, '2018-07-29', 3, 32, 2, 'Payment', 0, '0'),
(12425, 0, '2018-07-29', 3, 2, 2, 'Payment', 0, '0'),
(12492, 0, '2018-07-30', 2, 5, 2, 'Receipt', 0, '0'),
(12493, 0, '2018-07-30', 2, 3, 2, 'Receipt', 0, '0'),
(12494, 0, '2018-07-30', 2, 1, 2, 'Receipt', 0, '0'),
(12495, 0, '2018-07-30', 2, 34, 2, 'Receipt', 0, '0'),
(12496, 0, '2018-07-30', 2, 37, 2, 'Receipt', 0, '0'),
(12510, 0, '2018-07-30', 3, 8, 2, 'Payment', 0, '0'),
(12511, 0, '2018-07-30', 3, 26, 2, 'Payment', 0, '0'),
(12512, 0, '2018-07-30', 3, 53, 2, 'Payment', 0, '0'),
(12513, 0, '2018-07-30', 3, 2, 2, 'Payment', 0, '0'),
(12514, 0, '2018-07-30', 1, 20, 2, 'Payment', 0, '0'),
(12515, 0, '2018-07-30', 1, 22, 2, 'Payment', 0, '0'),
(12516, 0, '2018-07-30', 3, 25, 2, 'Payment', 0, '0'),
(12557, 0, '2018-07-31', 2, 71, 2, 'Receipt', 0, '0'),
(12558, 0, '2018-07-31', 2, 12, 2, 'Receipt', 0, '0'),
(12559, 0, '2018-07-31', 2, 6, 2, 'Receipt', 0, '0'),
(12560, 0, '2018-07-31', 2, 10, 2, 'Receipt', 0, '0'),
(12561, 0, '2018-07-31', 3, 110, 2, 'Receipt', 0, '0'),
(12562, 0, '2018-07-31', 3, 49, 2, 'Receipt', 0, '0'),
(12563, 0, '2018-07-31', 3, 30, 2, 'Payment', 0, '0'),
(12564, 0, '2018-07-31', 3, 25, 2, 'Payment', 0, '0'),
(12565, 0, '2018-07-31', 3, 17, 2, 'Payment', 0, '0'),
(12566, 0, '2018-07-31', 3, 4, 2, 'Payment', 0, '0'),
(12567, 0, '2018-07-31', 3, 64, 2, 'Payment', 0, '0'),
(12568, 0, '2018-07-31', 1, 18, 2, 'Payment', 0, '0'),
(12569, 0, '2018-07-31', 1, 22, 2, 'Payment', 0, '0'),
(12623, 0, '2018-08-01', 2, 18, 2, 'Receipt', 0, '0'),
(12624, 0, '2018-08-01', 2, 9, 2, 'Receipt', 0, '0'),
(12625, 0, '2018-08-01', 2, 19, 2, 'Receipt', 0, '0'),
(12626, 0, '2018-08-01', 2, 22, 2, 'Receipt', 0, '0'),
(12627, 0, '2018-08-01', 2, 100, 2, 'Receipt', 0, '0'),
(12639, 0, '2018-08-01', 3, 178, 2, 'Payment', 0, '0'),
(12640, 0, '2018-08-01', 3, 26, 2, 'Payment', 0, '0'),
(12641, 0, '2018-08-01', 3, 52, 2, 'Payment', 0, '0'),
(12642, 0, '2018-08-01', 1, 17, 2, 'Payment', 0, '0'),
(12643, 0, '2018-08-01', 1, 22, 2, 'Payment', 0, '0'),
(12644, 0, '2018-08-02', 2, 25, 2, 'Receipt', 0, '0'),
(12649, 0, '2018-08-02', 3, 25, 2, 'Payment', 0, '0'),
(12650, 0, '2018-08-02', 3, 42, 2, 'Payment', 0, '0'),
(12651, 0, '2018-08-03', 3, 158, 2, 'Payment', 0, '0'),
(12653, 0, '2018-08-04', 2, 18, 2, 'Receipt', 0, '0'),
(12721, 0, '2018-08-05', 2, 71, 2, 'Receipt', 0, '0'),
(12722, 0, '2018-08-05', 2, 13, 2, 'Receipt', 0, '0'),
(12723, 0, '2018-08-05', 2, 9, 2, 'Receipt', 0, '0'),
(12724, 0, '2018-08-05', 2, 8, 2, 'Receipt', 0, '0'),
(12725, 0, '2018-08-05', 2, 10, 2, 'Receipt', 0, '0'),
(12726, 0, '2018-08-05', 3, 3, 2, 'Receipt', 0, '0'),
(12727, 0, '2018-08-05', 3, 205, 2, 'Receipt', 0, '0'),
(12728, 0, '2018-08-05', 3, 26, 2, 'Payment', 0, '0'),
(12729, 0, '2018-08-05', 3, 3, 2, 'Payment', 0, '0'),
(12730, 0, '2018-08-05', 3, 131, 2, 'Payment', 0, '0'),
(12731, 0, '2018-08-05', 3, 17, 2, 'Payment', 0, '0'),
(12847, 0, '2018-08-06', 2, 21, 2, 'Receipt', 0, '0'),
(12848, 0, '2018-08-06', 1, 23, 2, 'Receipt', 0, '0'),
(12849, 0, '2018-08-06', 2, 108, 2, 'Receipt', 0, '0'),
(12850, 0, '2018-08-06', 2, 38, 2, 'Receipt', 0, '0'),
(12851, 0, '2018-08-06', 2, 37, 2, 'Receipt', 0, '0'),
(12877, 0, '2018-08-06', 3, 26, 2, 'Payment', 0, '0'),
(12878, 0, '2018-08-06', 3, 153, 2, 'Payment', 0, '0'),
(12879, 0, '2018-08-06', 3, 214, 2, 'Payment', 0, '0'),
(12880, 0, '2018-08-06', 3, 194, 2, 'Payment', 0, '0'),
(12881, 0, '2018-08-06', 3, 10, 2, 'Payment', 0, '0'),
(12882, 0, '2018-08-06', 3, 156, 2, 'Payment', 0, '0'),
(12883, 0, '2018-08-06', 3, 43, 2, 'Payment', 0, '0'),
(12884, 0, '2018-08-06', 1, 23, 2, 'Payment', 0, '0'),
(12885, 0, '2018-08-06', 3, 62, 2, 'Payment', 0, '0'),
(12886, 0, '2018-08-06', 3, 61, 2, 'Payment', 0, '0');
INSERT INTO `tblaccount_voucher` (`id_account_voucher`, `voucher_no`, `date`, `ledger_type`, `id_ledger`, `id_account`, `type`, `discount`, `_closing_balance`) VALUES
(12887, 0, '2018-08-06', 3, 2, 2, 'Payment', 0, '0'),
(12888, 0, '2018-08-06', 3, 16, 2, 'Payment', 0, '0'),
(12889, 0, '2018-08-06', 3, 25, 2, 'Payment', 0, '0'),
(12890, 0, '2018-08-07', 3, 134, 2, 'Receipt', 0, '0'),
(12898, 0, '2018-08-07', 3, 12, 2, 'Payment', 0, '0'),
(12899, 0, '2018-08-07', 3, 120, 2, 'Payment', 0, '0'),
(12927, 0, '2018-08-08', 3, 216, 2, 'Receipt', 0, '0'),
(12928, 0, '2018-08-08', 3, 32, 2, 'Receipt', 0, '0'),
(12929, 0, '2018-08-08', 2, 26, 2, 'Receipt', 0, '0'),
(12963, 0, '2018-08-08', 1, 15, 2, 'Payment', 0, '0'),
(12964, 0, '2018-08-08', 3, 215, 2, 'Payment', 0, '0'),
(12965, 0, '2018-08-08', 3, 125, 2, 'Payment', 0, '0'),
(12966, 0, '2018-08-08', 1, 5, 2, 'Payment', 0, '0'),
(12967, 0, '2018-08-08', 3, 44, 2, 'Payment', 0, '0'),
(12968, 0, '2018-08-08', 3, 43, 2, 'Payment', 0, '0'),
(12969, 0, '2018-08-08', 1, 24, 2, 'Payment', 0, '0'),
(12970, 0, '2018-08-08', 3, 125, 2, 'Payment', 0, '0'),
(13001, 0, '2018-08-09', 2, 19, 2, 'Receipt', 0, '0'),
(13002, 0, '2018-08-09', 2, 18, 2, 'Receipt', 0, '0'),
(13003, 0, '2018-08-09', 2, 26, 2, 'Receipt', 0, '0'),
(13004, 0, '2018-08-09', 3, 26, 2, 'Payment', 0, '0'),
(13005, 0, '2018-08-09', 3, 16, 2, 'Payment', 0, '0'),
(13006, 0, '2018-08-09', 3, 17, 2, 'Payment', 0, '0'),
(13007, 0, '2018-08-09', 3, 2, 2, 'Payment', 0, '0'),
(13008, 0, '2018-08-09', 1, 15, 2, 'Payment', 0, '0'),
(13050, 0, '2018-08-10', 2, 10, 2, 'Receipt', 0, '0'),
(13051, 0, '2018-08-10', 2, 25, 2, 'Receipt', 0, '0'),
(13052, 0, '2018-08-10', 3, 79, 2, 'Receipt', 0, '0'),
(13059, 0, '2018-08-10', 3, 32, 2, 'Payment', 0, '0'),
(13060, 0, '2018-08-10', 3, 26, 2, 'Payment', 0, '0'),
(13061, 0, '2018-08-10', 3, 10, 2, 'Payment', 0, '0'),
(13062, 0, '2018-08-10', 3, 190, 2, 'Payment', 0, '0'),
(13063, 0, '2018-08-10', 3, 17, 2, 'Payment', 0, '0'),
(13064, 0, '2018-08-10', 3, 125, 2, 'Payment', 0, '0'),
(13065, 0, '2018-08-10', 3, 12, 2, 'Payment', 0, '0'),
(13066, 0, '2018-08-11', 2, 5, 2, 'Receipt', 0, '0'),
(13067, 0, '2018-08-11', 3, 25, 2, 'Payment', 0, '0'),
(13083, 0, '2018-08-12', 2, 8, 2, 'Receipt', 0, '0'),
(13084, 0, '2018-08-12', 2, 71, 2, 'Receipt', 0, '0'),
(13085, 0, '2018-08-12', 2, 9, 2, 'Receipt', 0, '0'),
(13086, 0, '2018-08-12', 2, 12, 2, 'Receipt', 0, '0'),
(13087, 0, '2018-08-12', 2, 1, 2, 'Receipt', 0, '0'),
(13112, 0, '2018-08-12', 3, 26, 2, 'Payment', 0, '0'),
(13113, 0, '2018-08-12', 3, 64, 2, 'Payment', 0, '0'),
(13114, 0, '2018-08-12', 3, 32, 2, 'Payment', 0, '0'),
(13115, 0, '2018-08-12', 3, 11, 2, 'Payment', 0, '0'),
(13116, 0, '2018-08-12', 3, 4, 2, 'Payment', 0, '0'),
(13186, 0, '2018-08-13', 2, 10, 2, 'Receipt', 0, '0'),
(13187, 0, '2018-08-13', 2, 22, 2, 'Receipt', 0, '0'),
(13188, 0, '2018-08-13', 2, 25, 2, 'Receipt', 0, '0'),
(13189, 0, '2018-08-13', 2, 37, 2, 'Receipt', 0, '0'),
(13190, 0, '2018-08-13', 2, 3, 2, 'Receipt', 0, '0'),
(13219, 0, '2018-08-13', 1, 15, 2, 'Payment', 0, '0'),
(13220, 0, '2018-08-13', 3, 25, 2, 'Payment', 0, '0'),
(13221, 0, '2018-08-13', 3, 11, 2, 'Payment', 0, '0'),
(13222, 0, '2018-08-13', 3, 43, 2, 'Payment', 0, '0'),
(13223, 0, '2018-08-13', 3, 12, 2, 'Payment', 0, '0'),
(13224, 0, '2018-08-14', 2, 6, 2, 'Receipt', 0, '0'),
(13225, 0, '2018-08-14', 2, 10, 2, 'Receipt', 0, '0'),
(13226, 0, '2018-08-14', 2, 30, 2, 'Receipt', 0, '0'),
(13227, 0, '2018-08-14', 2, 32, 2, 'Receipt', 0, '0'),
(13228, 0, '2018-08-14', 2, 37, 2, 'Receipt', 0, '0'),
(13229, 0, '2018-08-14', 2, 25, 2, 'Receipt', 0, '0'),
(13230, 0, '2018-08-14', 2, 38, 2, 'Receipt', 0, '0'),
(13231, 0, '2018-08-14', 3, 79, 2, 'Receipt', 0, '0'),
(13232, 0, '2018-08-14', 3, 24, 2, 'Payment', 0, '0'),
(13233, 0, '2018-08-14', 3, 25, 2, 'Payment', 0, '0'),
(13234, 0, '2018-08-14', 3, 16, 2, 'Payment', 0, '0'),
(13235, 0, '2018-08-14', 3, 61, 2, 'Payment', 0, '0'),
(13236, 0, '2018-08-14', 3, 147, 2, 'Payment', 0, '0'),
(13237, 0, '2018-08-14', 3, 125, 2, 'Payment', 0, '0'),
(13238, 0, '2018-08-14', 3, 4, 2, 'Payment', 0, '0'),
(13239, 0, '2018-08-14', 3, 44, 2, 'Payment', 0, '0'),
(13240, 0, '2018-08-14', 3, 190, 2, 'Payment', 0, '0'),
(13241, 0, '2018-08-14', 3, 26, 2, 'Payment', 0, '0'),
(13242, 0, '2018-08-14', 3, 2, 2, 'Payment', 0, '0'),
(13245, 0, '2018-08-16', 2, 22, 2, 'Receipt', 0, '0'),
(13246, 0, '2018-08-16', 3, 134, 2, 'Receipt', 0, '0'),
(13260, 0, '2018-08-19', 2, 13, 2, 'Receipt', 0, '0'),
(13261, 0, '2018-08-19', 2, 12, 2, 'Receipt', 0, '0'),
(13262, 0, '2018-08-19', 3, 26, 2, 'Payment', 0, '0'),
(13265, 0, '2018-08-16', 3, 107, 2, 'Payment', 0, '0'),
(13266, 0, '2018-08-16', 3, 42, 2, 'Payment', 0, '0'),
(13267, 0, '2018-08-16', 3, 43, 2, 'Payment', 0, '0'),
(13268, 0, '2018-08-20', 1, 15, 2, 'Payment', 0, '0'),
(13289, 0, '2018-08-21', 3, 25, 2, 'Payment', 0, '0'),
(13290, 0, '2018-08-21', 3, 16, 2, 'Payment', 0, '0'),
(13291, 0, '2018-08-21', 3, 10, 2, 'Payment', 0, '0'),
(13292, 0, '2018-08-21', 3, 190, 2, 'Payment', 0, '0'),
(13293, 0, '2018-08-21', 2, 12, 2, 'Receipt', 0, '0'),
(13294, 0, '2018-08-21', 2, 37, 2, 'Receipt', 0, '0'),
(13296, 0, '2018-08-22', 3, 64, 2, 'Payment', 0, '0'),
(13300, 0, '2018-08-23', 2, 22, 2, 'Receipt', 0, '0'),
(13301, 0, '2018-08-23', 3, 64, 2, 'Payment', 0, '0'),
(13302, 0, '2018-08-23', 3, 44, 2, 'Payment', 0, '0'),
(13303, 0, '2018-08-23', 3, 25, 2, 'Payment', 0, '0'),
(13305, 0, '2018-08-24', 2, 12, 2, 'Receipt', 0, '0'),
(13306, 0, '2018-08-24', 2, 9, 2, 'Receipt', 0, '0'),
(13308, 0, '2018-08-24', 3, 26, 2, 'Payment', 0, '0'),
(13309, 0, '2018-08-24', 3, 4, 2, 'Payment', 0, '0'),
(13310, 0, '2018-08-25', 2, 27, 2, 'Receipt', 0, '0'),
(13311, 0, '2018-08-25', 2, 22, 2, 'Receipt', 0, '0'),
(13391, 0, '2018-08-26', 3, 112, 2, 'Payment', 0, '0'),
(13398, 0, '2018-08-27', 2, 9, 2, 'Receipt', 0, '0'),
(13399, 0, '2018-08-27', 1, 15, 2, 'Receipt', 0, '0'),
(13400, 0, '2018-08-27', 2, 10, 2, 'Receipt', 0, '0'),
(13401, 0, '2018-08-27', 2, 73, 2, 'Receipt', 0, '0'),
(13402, 0, '2018-08-27', 3, 11, 2, 'Payment', 0, '0'),
(13403, 0, '2018-08-27', 3, 25, 2, 'Payment', 0, '0'),
(13404, 0, '2018-08-27', 3, 63, 2, 'Payment', 0, '0'),
(13405, 0, '2018-08-27', 3, 4, 2, 'Payment', 0, '0'),
(13406, 0, '2018-08-27', 3, 32, 2, 'Payment', 0, '0'),
(13407, 0, '2018-08-27', 3, 190, 2, 'Payment', 0, '0'),
(13408, 0, '2018-08-27', 3, 53, 2, 'Payment', 0, '0'),
(13420, 0, '2018-08-28', 2, 3, 2, 'Receipt', 0, '0'),
(13421, 0, '2018-08-28', 2, 27, 2, 'Receipt', 0, '0'),
(13422, 0, '2018-08-28', 2, 6, 2, 'Receipt', 0, '0'),
(13423, 0, '2018-08-28', 2, 109, 2, 'Receipt', 0, '0'),
(13424, 0, '2018-08-28', 3, 219, 2, 'Receipt', 0, '0'),
(13425, 0, '2018-08-25', 3, 25, 2, 'Payment', 0, '0'),
(13426, 0, '2018-08-25', 3, 170, 2, 'Payment', 0, '0'),
(13427, 0, '2018-08-25', 1, 15, 2, 'Payment', 0, '0'),
(13428, 0, '2018-08-25', 3, 16, 2, 'Payment', 0, '0'),
(13429, 0, '2018-08-25', 3, 17, 2, 'Payment', 0, '0'),
(13437, 0, '2018-08-28', 3, 16, 2, 'Payment', 0, '0'),
(13438, 0, '2018-08-28', 3, 25, 2, 'Payment', 0, '0'),
(13439, 0, '2018-08-28', 3, 17, 2, 'Payment', 0, '0'),
(13440, 0, '2018-08-28', 3, 2, 2, 'Payment', 0, '0'),
(13441, 0, '2018-08-28', 1, 15, 2, 'Payment', 0, '0'),
(13446, 0, '2018-08-29', 2, 12, 2, 'Receipt', 0, '0'),
(13447, 0, '2018-08-29', 2, 9, 2, 'Receipt', 0, '0'),
(13448, 0, '2018-08-29', 2, 71, 2, 'Receipt', 0, '0'),
(13449, 0, '2018-08-29', 2, 25, 2, 'Receipt', 0, '0'),
(13465, 0, '2018-08-29', 3, 26, 2, 'Payment', 0, '0'),
(13466, 0, '2018-08-29', 3, 11, 2, 'Payment', 0, '0'),
(13467, 0, '2018-08-29', 3, 32, 2, 'Payment', 0, '0'),
(13468, 0, '2018-08-29', 3, 217, 2, 'Payment', 0, '0'),
(13469, 0, '2018-08-29', 3, 25, 2, 'Payment', 0, '0'),
(13474, 0, '2018-08-30', 2, 75, 2, 'Receipt', 0, '0'),
(13475, 0, '2018-08-30', 2, 79, 2, 'Receipt', 0, '0'),
(13476, 0, '2018-08-30', 2, 76, 2, 'Receipt', 0, '0'),
(13477, 0, '2018-08-30', 2, 77, 2, 'Receipt', 0, '0'),
(13481, 0, '2018-08-30', 3, 26, 2, 'Payment', 0, '0'),
(13482, 0, '2018-08-30', 3, 16, 2, 'Payment', 0, '0'),
(13483, 0, '2018-08-30', 1, 15, 2, 'Payment', 0, '0'),
(13486, 0, '2018-08-31', 2, 9, 2, 'Receipt', 0, '0'),
(13525, 0, '2018-08-31', 3, 32, 2, 'Payment', 0, '0'),
(13526, 0, '2018-08-31', 3, 2, 2, 'Payment', 0, '0'),
(13527, 0, '2018-08-31', 3, 125, 2, 'Payment', 0, '0'),
(13528, 0, '2018-08-31', 3, 109, 2, 'Payment', 0, '0'),
(13529, 0, '2018-08-31', 3, 64, 2, 'Payment', 0, '0'),
(13530, 0, '2018-08-31', 3, 11, 2, 'Payment', 0, '0'),
(13554, 0, '2018-09-01', 1, 15, 2, 'Receipt', 0, '0'),
(13555, 0, '2018-09-01', 3, 125, 2, 'Payment', 0, '0'),
(13556, 0, '2018-09-01', 3, 125, 2, 'Payment', 0, '0'),
(13557, 0, '2018-09-01', 3, 220, 2, 'Payment', 0, '0'),
(13558, 0, '2018-09-01', 3, 9, 2, 'Payment', 0, '0'),
(13559, 0, '2018-09-01', 3, 42, 2, 'Payment', 0, '0'),
(13560, 0, '2018-09-02', 2, 19, 2, 'Receipt', 0, '0'),
(13561, 0, '2018-09-02', 2, 1, 2, 'Receipt', 0, '0'),
(13562, 0, '2018-09-02', 2, 5, 2, 'Receipt', 0, '0'),
(13599, 0, '2018-09-02', 3, 26, 2, 'Payment', 0, '0'),
(13600, 0, '2018-09-02', 3, 12, 2, 'Payment', 0, '0'),
(13601, 0, '2018-09-02', 3, 32, 2, 'Payment', 0, '0'),
(13602, 0, '2018-09-02', 3, 16, 2, 'Payment', 0, '0'),
(13603, 0, '2018-09-02', 3, 20, 2, 'Payment', 0, '0'),
(13604, 0, '2018-09-02', 3, 125, 2, 'Payment', 0, '0'),
(13605, 0, '2018-09-02', 3, 71, 2, 'Payment', 0, '0'),
(13693, 0, '2018-09-03', 2, 9, 2, 'Receipt', 0, '0'),
(13694, 0, '2018-09-03', 2, 27, 2, 'Receipt', 0, '0'),
(13695, 0, '2018-09-03', 2, 1, 2, 'Receipt', 0, '0'),
(13696, 0, '2018-09-03', 2, 3, 2, 'Receipt', 0, '0'),
(13697, 0, '2018-09-03', 2, 78, 2, 'Receipt', 0, '0'),
(13698, 0, '2018-09-03', 2, 83, 2, 'Receipt', 0, '0'),
(13699, 0, '2018-09-03', 3, 10, 2, 'Payment', 0, '0'),
(13700, 0, '2018-09-03', 3, 221, 2, 'Payment', 0, '0'),
(13701, 0, '2018-09-03', 3, 4, 2, 'Payment', 0, '0'),
(13702, 0, '2018-09-03', 3, 125, 2, 'Payment', 0, '0'),
(13703, 0, '2018-09-03', 3, 64, 2, 'Payment', 0, '0'),
(13704, 0, '2018-09-03', 3, 220, 2, 'Payment', 0, '0'),
(13705, 0, '2018-09-03', 3, 17, 2, 'Payment', 0, '0'),
(13706, 0, '2018-09-03', 3, 25, 2, 'Payment', 0, '0'),
(13707, 0, '2018-09-03', 3, 26, 2, 'Payment', 0, '0'),
(13708, 0, '2018-09-03', 3, 71, 2, 'Payment', 0, '0'),
(13745, 0, '2018-09-04', 2, 6, 2, 'Receipt', 0, '0'),
(13746, 0, '2018-09-04', 2, 12, 2, 'Receipt', 0, '0'),
(13747, 0, '2018-09-04', 2, 63, 2, 'Receipt', 0, '0'),
(13913, 0, '2018-09-04', 3, 26, 2, 'Payment', 0, '0'),
(13914, 0, '2018-09-04', 3, 25, 2, 'Payment', 0, '0'),
(13915, 0, '2018-09-04', 3, 61, 2, 'Payment', 0, '0'),
(13916, 0, '2018-09-04', 1, 25, 2, 'Payment', 0, '0'),
(13917, 0, '2018-09-04', 1, 15, 2, 'Payment', 0, '0'),
(13918, 0, '2018-09-04', 3, 4, 2, 'Payment', 0, '0'),
(13919, 0, '2018-09-04', 3, 125, 2, 'Payment', 0, '0'),
(13920, 0, '2018-09-04', 3, 193, 2, 'Payment', 0, '0'),
(13921, 0, '2018-09-04', 3, 9, 2, 'Payment', 0, '0'),
(13922, 0, '2018-09-04', 3, 3, 2, 'Payment', 0, '0'),
(13923, 0, '2018-09-04', 1, 15, 2, 'Payment', 0, '0'),
(13924, 0, '2018-09-04', 2, 100, 2, 'Payment', 0, '0'),
(13925, 0, '2018-09-04', 3, 71, 2, 'Payment', 0, '0'),
(13933, 0, '2018-09-05', 2, 19, 2, 'Receipt', 0, '0'),
(13934, 0, '2018-09-05', 2, 25, 2, 'Receipt', 0, '0'),
(13935, 0, '2018-09-05', 2, 32, 2, 'Receipt', 0, '0'),
(14041, 0, '2018-09-05', 3, 26, 2, 'Payment', 0, '0'),
(14042, 0, '2018-09-05', 3, 190, 2, 'Payment', 0, '0'),
(14043, 0, '2018-09-05', 3, 60, 2, 'Payment', 0, '0'),
(14044, 0, '2018-09-05', 3, 222, 2, 'Payment', 0, '0'),
(14045, 0, '2018-09-05', 3, 8, 2, 'Payment', 0, '0'),
(14046, 0, '2018-09-05', 3, 4, 2, 'Payment', 0, '0'),
(14047, 0, '2018-09-05', 3, 125, 2, 'Payment', 0, '0'),
(14048, 0, '2018-09-05', 3, 2, 2, 'Payment', 0, '0'),
(14049, 0, '2018-09-05', 3, 61, 2, 'Payment', 0, '0'),
(14050, 0, '2018-09-05', 3, 11, 2, 'Payment', 0, '0'),
(14051, 0, '2018-09-05', 3, 17, 2, 'Payment', 0, '0'),
(14052, 0, '2018-09-05', 3, 64, 2, 'Payment', 0, '0'),
(14108, 0, '2018-09-06', 2, 12, 2, 'Receipt', 0, '0'),
(14109, 0, '2018-09-06', 2, 10, 2, 'Receipt', 0, '0'),
(14110, 0, '2018-09-06', 2, 110, 2, 'Receipt', 0, '0'),
(14111, 0, '2018-09-06', 2, 30, 2, 'Receipt', 0, '0'),
(14112, 0, '2018-09-06', 2, 34, 2, 'Receipt', 0, '0'),
(14156, 0, '2018-09-06', 3, 220, 2, 'Payment', 0, '0'),
(14157, 0, '2018-09-06', 3, 190, 2, 'Payment', 0, '0'),
(14158, 0, '2018-09-06', 3, 16, 2, 'Payment', 0, '0'),
(14159, 0, '2018-09-06', 3, 9, 2, 'Payment', 0, '0'),
(14160, 0, '2018-09-06', 3, 61, 2, 'Payment', 0, '0'),
(14161, 0, '2018-09-06', 3, 25, 2, 'Payment', 0, '0'),
(14162, 0, '2018-09-06', 3, 10, 2, 'Payment', 0, '0'),
(14163, 0, '2018-09-06', 3, 20, 2, 'Payment', 0, '0'),
(14164, 0, '2018-09-06', 3, 223, 2, 'Payment', 0, '0'),
(14165, 0, '2018-09-07', 2, 18, 2, 'Receipt', 0, '0'),
(14166, 0, '2018-09-07', 2, 9, 2, 'Receipt', 0, '0'),
(14188, 0, '2018-09-07', 3, 225, 2, 'Payment', 0, '0'),
(14189, 0, '2018-09-07', 3, 12, 2, 'Payment', 0, '0'),
(14190, 0, '2018-09-07', 3, 11, 2, 'Payment', 0, '0'),
(14191, 0, '2018-09-07', 3, 17, 2, 'Payment', 0, '0'),
(14192, 0, '2018-09-07', 3, 61, 2, 'Payment', 0, '0'),
(14193, 0, '2018-09-07', 3, 26, 2, 'Payment', 0, '0'),
(14194, 0, '2018-09-07', 1, 25, 2, 'Payment', 0, '0'),
(14311, 0, '2018-09-08', 2, 21, 2, 'Receipt', 0, '0'),
(14312, 0, '2018-09-08', 2, 19, 2, 'Receipt', 0, '0'),
(14313, 0, '2018-09-08', 2, 30, 2, 'Receipt', 0, '0'),
(14314, 0, '2018-09-08', 3, 61, 2, 'Receipt', 0, '0'),
(14315, 0, '2018-09-08', 3, 220, 2, 'Payment', 0, '0'),
(14316, 0, '2018-09-08', 3, 220, 2, 'Payment', 0, '0'),
(14317, 0, '2018-09-08', 3, 190, 2, 'Payment', 0, '0'),
(14318, 0, '2018-09-08', 1, 25, 2, 'Payment', 0, '0'),
(14319, 0, '2018-09-08', 3, 61, 2, 'Payment', 0, '0'),
(14320, 0, '2018-09-08', 3, 4, 2, 'Payment', 0, '0'),
(14321, 0, '2018-09-08', 3, 19, 2, 'Payment', 0, '0'),
(14322, 0, '2018-09-08', 3, 125, 2, 'Payment', 0, '0'),
(14323, 0, '2018-09-08', 3, 3, 2, 'Payment', 0, '0'),
(14324, 0, '2018-09-08', 3, 26, 2, 'Payment', 0, '0'),
(14325, 0, '2018-09-08', 3, 224, 2, 'Payment', 0, '0'),
(14326, 0, '2018-09-08', 3, 64, 2, 'Payment', 0, '0'),
(14327, 0, '2018-09-08', 3, 42, 2, 'Payment', 0, '0'),
(14365, 0, '2018-09-09', 2, 63, 2, 'Receipt', 0, '0'),
(14366, 0, '2018-09-09', 2, 65, 2, 'Receipt', 0, '0'),
(14420, 0, '2018-09-09', 3, 32, 2, 'Payment', 0, '0'),
(14421, 0, '2018-09-09', 3, 125, 2, 'Payment', 0, '0'),
(14422, 0, '2018-09-09', 3, 61, 2, 'Payment', 0, '0'),
(14423, 0, '2018-09-09', 1, 26, 2, 'Payment', 0, '0'),
(14424, 0, '2018-09-09', 1, 25, 2, 'Payment', 0, '0'),
(14425, 0, '2018-09-09', 3, 10, 2, 'Payment', 0, '0'),
(14426, 0, '2018-09-09', 3, 9, 2, 'Payment', 0, '0'),
(14432, 0, '2018-09-10', 3, 17, 2, 'Payment', 0, '0'),
(14433, 0, '2018-09-10', 3, 125, 2, 'Payment', 0, '0'),
(14434, 0, '2018-09-11', 2, 100, 2, 'Receipt', 0, '0'),
(14435, 0, '2018-09-11', 2, 12, 2, 'Receipt', 0, '0'),
(14440, 0, '2018-09-11', 3, 190, 2, 'Payment', 0, '0'),
(14441, 0, '2018-09-11', 3, 20, 2, 'Payment', 0, '0'),
(14447, 0, '2018-09-12', 2, 18, 2, 'Receipt', 0, '0'),
(14448, 0, '2018-09-12', 2, 9, 2, 'Receipt', 0, '0'),
(14449, 0, '2018-09-12', 2, 20, 2, 'Receipt', 0, '0'),
(14451, 0, '2018-09-12', 3, 26, 2, 'Payment', 0, '0'),
(14452, 0, '2018-09-12', 1, 5, 2, 'Payment', 0, '0'),
(14458, 0, '2018-09-13', 3, 185, 2, 'Payment', 0, '0'),
(14459, 0, '2018-09-13', 3, 30, 2, 'Payment', 0, '0'),
(14460, 0, '2018-09-13', 2, 75, 2, 'Receipt', 0, '0'),
(14461, 0, '2018-09-13', 2, 17, 2, 'Receipt', 0, '0'),
(14482, 0, '2018-09-14', 3, 205, 2, 'Receipt', 0, '0'),
(14545, 0, '2018-09-14', 3, 11, 2, 'Payment', 0, '0'),
(14546, 0, '2018-09-14', 3, 17, 2, 'Payment', 0, '0'),
(14547, 0, '2018-09-14', 3, 2, 2, 'Payment', 0, '0'),
(14548, 0, '2018-09-14', 1, 25, 2, 'Payment', 0, '0'),
(14549, 0, '2018-09-14', 3, 220, 2, 'Payment', 0, '0'),
(14550, 0, '2018-09-14', 3, 61, 2, 'Payment', 0, '0'),
(14592, 0, '2018-09-15', 2, 32, 2, 'Receipt', 0, '0'),
(14593, 0, '2018-09-15', 2, 37, 2, 'Receipt', 0, '0'),
(14594, 0, '2018-09-15', 2, 30, 2, 'Receipt', 0, '0'),
(14595, 0, '2018-09-15', 2, 28, 2, 'Receipt', 0, '0'),
(14628, 0, '2018-09-15', 3, 26, 2, 'Payment', 0, '0'),
(14629, 0, '2018-09-15', 3, 16, 2, 'Payment', 0, '0'),
(14630, 0, '2018-09-15', 3, 16, 2, 'Payment', 0, '0'),
(14631, 0, '2018-09-15', 3, 125, 2, 'Payment', 0, '0'),
(14632, 0, '2018-09-15', 3, 19, 2, 'Payment', 0, '0'),
(14633, 0, '2018-09-15', 3, 3, 2, 'Payment', 0, '0'),
(14634, 0, '2018-09-15', 3, 226, 2, 'Payment', 0, '0'),
(14635, 0, '2018-09-15', 3, 63, 2, 'Payment', 0, '0'),
(14705, 0, '2018-09-16', 3, 220, 2, 'Payment', 0, '0'),
(14706, 0, '2018-09-16', 3, 125, 2, 'Payment', 0, '0'),
(14707, 0, '2018-09-16', 3, 226, 2, 'Payment', 0, '0'),
(14708, 0, '2018-09-16', 1, 25, 2, 'Payment', 0, '0'),
(14709, 0, '2018-09-16', 3, 2, 2, 'Payment', 0, '0'),
(14710, 0, '2018-09-16', 3, 61, 2, 'Payment', 0, '0'),
(14711, 0, '2018-09-16', 3, 17, 2, 'Payment', 0, '0');

-- --------------------------------------------------------

--
-- Table structure for table `tblaccount_voucher_item`
--

CREATE TABLE `tblaccount_voucher_item` (
  `id_account_voucher_item` int(11) NOT NULL,
  `id_account_voucher` int(11) NOT NULL,
  `narration` varchar(100) NOT NULL,
  `amount` double NOT NULL,
  `remark` varchar(500) NOT NULL,
  `_old_balance` double NOT NULL,
  `_today` double NOT NULL
) ENGINE=InnoDB DEFAULT CHARSET=latin1;

--
-- Dumping data for table `tblaccount_voucher_item`
--

INSERT INTO `tblaccount_voucher_item` (`id_account_voucher_item`, `id_account_voucher`, `narration`, `amount`, `remark`, `_old_balance`, `_today`) VALUES
(48, 48, 'Payment', 6000, '32,33', 0, 0),
(49, 49, 'Payment', 1000, '2 DAYS', 0, 0),
(50, 50, 'Payment', 500, '', 0, 0),
(51, 51, 'Payment', 4840, '', 0, 0),
(52, 52, 'Payment', 7000, '', 0, 0),
(53, 53, 'Payment', 220, '', 0, 0),
(54, 54, 'Payment', 600000, 'BANK', 0, 0),
(67, 67, 'Receipt', 71820, 'NAZAR', 0, 0),
(68, 68, 'Receipt', 275400, '27/2 OLD BC, 28/2,1/3 NAZAR', 0, 0),
(69, 69, 'Receipt', 30000, 'PAPPADAM', 0, 0),
(70, 70, 'Receipt', 50000, 'PAPPDM', 0, 0),
(71, 71, 'Receipt', 15000, 'PAPPADM', 0, 0),
(72, 72, 'Receipt', 3500, 'NZR', 0, 0),
(73, 73, 'Receipt', 25900, '', 0, 0),
(80, 80, 'Receipt', 75000, 'HASHIM', 0, 0),
(81, 81, 'Receipt', 50000, 'VADI', 0, 0),
(82, 82, 'Receipt', 5000, 'OLD AD', 0, 0),
(83, 83, 'Receipt', 15000, '1/3', 0, 0),
(87, 87, 'Payment', 500, '', 0, 0),
(88, 88, 'Payment', 500, '', 0, 0),
(89, 89, 'Payment', 3200, '', 0, 0),
(90, 90, 'Payment', 3000, 'HASHIM', 0, 0),
(91, 91, 'Payment', 21340, '', 0, 0),
(92, 92, 'Payment', 1260, 'NAZEER', 0, 0),
(93, 93, 'Payment', 1440, 'FISH MOVE ICE', 0, 0),
(94, 94, 'Payment', 20000, 'MUSAFIR TYRE AD', 0, 0),
(95, 95, 'Payment', 15000, 'GOA FISH', 0, 0),
(107, 107, 'Receipt', 50000, 'PAPPADAM', 0, 0),
(108, 108, 'Receipt', 43750, 'PAPPADAM', 0, 0),
(109, 109, 'Receipt', 50000, 'PAPPADAM', 0, 0),
(110, 110, 'Receipt', 50000, '3/3/18 NAZAR', 0, 0),
(111, 111, 'Receipt', 100000, 'NAZAR', 0, 0),
(112, 112, 'Receipt', 16150, 'PAPPADAM', 0, 0),
(113, 113, 'Receipt', 500, 'OLD AD', 0, 0),
(114, 114, 'Receipt', 25000, 'VADI', 0, 0),
(115, 115, 'Payment', 700, 'BATA AND BOX RETURN CHARGE', 0, 0),
(116, 116, 'Payment', 2520, '', 0, 0),
(117, 117, 'Payment', 500, '', 0, 0),
(118, 118, 'Payment', 3380, '', 0, 0),
(119, 119, 'Payment', 500, '', 0, 0),
(120, 120, 'Payment', 2750, '', 0, 0),
(121, 121, 'Payment', 20000, 'VYAPARY BATA', 0, 0),
(122, 122, 'Payment', 8950, 'UNNI', 0, 0),
(123, 123, 'Payment', 1750, 'KNH SLIP', 0, 0),
(125, 125, 'Receipt', 20000, 'KOLLAM', 0, 0),
(126, 126, 'Receipt', 30000, 'KOLLAM', 0, 0),
(127, 127, 'Receipt', 45800, 'NAZAR', 0, 0),
(128, 128, 'Receipt', 44990, 'NAZAR', 0, 0),
(129, 129, 'Receipt', 125000, 'TPL OFFICE', 0, 0),
(136, 136, 'Payment', 30000, 'SUJITH', 0, 0),
(137, 137, 'Payment', 400, '', 0, 0),
(138, 138, 'Payment', 120, '', 0, 0),
(139, 139, 'Payment', 200000, 'BANK', 0, 0),
(140, 140, 'Payment', 3000, '', 0, 0),
(141, 141, 'Payment', 50000, 'RANJITH', 0, 0),
(142, 142, 'Payment', 250, 'KALAM ', 0, 0),
(143, 143, 'Payment', 200, 'COOKING', 0, 0),
(145, 145, 'Receipt', 20000, 'FAISAL', 0, 0),
(146, 146, 'Receipt', 70000, 'BANK', 0, 0),
(147, 147, 'Receipt', 15000, '', 0, 0),
(148, 148, 'Receipt', 47000, '', 0, 0),
(149, 149, 'Payment', 50000, 'KL42M5540 SREEDEVAN', 0, 0),
(150, 150, 'Payment', 500000, 'BANK', 0, 0),
(168, 168, 'Receipt', 30000, 'PAPPADAM', 0, 0),
(169, 169, 'Receipt', 50000, 'PAPPADAM', 0, 0),
(170, 170, 'Receipt', 93000, 'NAZAR', 0, 0),
(171, 171, 'Receipt', 350000, 'NAZAR ', 0, 0),
(185, 185, 'Payment', 700, 'BILL COLLECT & BOX RETURN', 0, 0),
(186, 186, 'Payment', 500, '', 0, 0),
(187, 187, 'Payment', 3500, 'MAHEEN BOX COLLECT & BILL COLLECT', 0, 0),
(188, 188, 'Payment', 3400, 'BILL COLLECT & BOX COLLECT', 0, 0),
(189, 189, 'Payment', 640, '', 0, 0),
(190, 190, 'Payment', 650, 'BILL COLLECT & BOX COLLECT', 0, 0),
(191, 191, 'Payment', 3000, '34', 0, 0),
(192, 192, 'Payment', 47000, '', 0, 0),
(201, 201, 'Receipt', 22600, 'PAPPADAM', 0, 0),
(202, 202, 'Receipt', 10000, 'PAPPADAM', 0, 0),
(203, 203, 'Receipt', 400000, 'BANK', 0, 0),
(204, 204, 'Payment', 100, 'BILL CASH COLLECT', 0, 0),
(205, 205, 'Payment', 500000, 'BANK', 0, 0),
(206, 206, 'Payment', 400000, 'CTM BANK', 0, 0),
(207, 207, 'Receipt', 100000, 'NAZAR', 0, 0),
(211, 211, 'Payment', 500, 'BILL COLLECT', 0, 0),
(212, 212, 'Payment', 6700, 'BAITHOOL SALE', 0, 0),
(213, 213, 'Payment', 150, 'SOFTWARE', 0, 0),
(214, 214, 'Payment', 2000, '', 0, 0),
(221, 221, 'Payment', 400, '2MONTH', 0, 0),
(222, 222, 'Payment', 2000, 'VAISHAK', 0, 0),
(223, 223, 'Payment', 3500, '10/03 KAKKZHOM ROAD', 0, 0),
(224, 224, 'Payment', 30000, 'UNNI', 0, 0),
(225, 225, 'Payment', 30000, 'VAISHAK OLD AD 2000', 0, 0),
(228, 228, 'Receipt', 10000, '', 0, 0),
(229, 229, 'Payment', 1200, '4 VEHICLE', 0, 0),
(230, 230, 'Payment', 200, 'COOKING', 0, 0),
(231, 231, 'Payment', 30000, 'RAFEEK', 0, 0),
(393, 393, 'Receipt', 80950, 'PAPPADAM', 0, 0),
(394, 394, 'Receipt', 10000, '', 0, 0),
(395, 395, 'Receipt', 35000, '', 0, 0),
(396, 396, 'Receipt', 500, 'OLD AD ', 0, 0),
(397, 397, 'Receipt', 20000, 'ANAS AD BAITHOOL MATHEEN', 0, 0),
(398, 398, 'Receipt', 133000, '', 0, 0),
(399, 399, 'Receipt', 300, 'OLD AD', 0, 0),
(400, 400, 'Receipt', 67740, '', 0, 0),
(401, 401, 'Receipt', 11450, '', 0, 0),
(402, 402, 'Receipt', 400000, 'LOAN', 0, 0),
(403, 403, 'Receipt', 127085, '', 0, 0),
(420, 420, 'Payment', 500, '', 0, 0),
(421, 421, 'Payment', 1000, 'MAHEEN ', 0, 0),
(422, 422, 'Payment', 2770, 'SHAMNAD', 0, 0),
(423, 423, 'Payment', 500, '', 0, 0),
(424, 424, 'Payment', 1000, 'HAROON C/O VADI', 0, 0),
(425, 425, 'Payment', 20860, 'ANAS', 0, 0),
(426, 426, 'Payment', 11430, 'THAHA', 0, 0),
(427, 427, 'Payment', 1000, 'MAHEEN', 0, 0),
(428, 428, 'Payment', 650, 'FISH MOVE & BATA', 0, 0),
(429, 429, 'Payment', 500, '', 0, 0),
(430, 430, 'Payment', 44230, 'ANAS', 0, 0),
(431, 431, 'Payment', 2000, '', 0, 0),
(432, 432, 'Payment', 3810, '13/3,14/3', 0, 0),
(433, 433, 'Payment', 1680, '13/3,14/3', 0, 0),
(434, 434, 'Payment', 300, 'MABROOK', 0, 0),
(435, 435, 'Payment', 500000, 'YES BANK', 0, 0),
(436, 436, 'Payment', 10000, '', 0, 0),
(550, 550, 'Payment', 6030, '2DAYS RENT', 0, 0),
(551, 551, 'Payment', 500, '', 0, 0),
(552, 552, 'Payment', 500, '', 0, 0),
(553, 553, 'Payment', 6360, '2DAYS RENT', 0, 0),
(554, 554, 'Payment', 32730, 'ABU', 0, 0),
(555, 555, 'Payment', 3000, '2DAYS RENT', 0, 0),
(556, 556, 'Payment', 1000, 'TA TEA CASH', 0, 0),
(557, 557, 'Payment', 2800, 'BALANCE REPAIR & GOA BALANCE', 0, 0),
(558, 558, 'Payment', 2520, 'SHAMNAD', 0, 0),
(559, 559, 'Payment', 500000, 'YES BANK', 0, 0),
(560, 560, 'Payment', 5000, 'UNNI AD DIESEL', 0, 0),
(561, 561, 'Payment', 19520, 'HASHIM', 0, 0),
(616, 616, 'Receipt', 30000, '', 0, 0),
(617, 617, 'Receipt', 20900, 'PAPPADAM', 0, 0),
(618, 618, 'Receipt', 70250, '', 0, 0),
(619, 619, 'Receipt', 4300, 'SHAMNAD', 0, 0),
(620, 620, 'Receipt', 71750, '', 0, 0),
(621, 621, 'Receipt', 72765, '', 0, 0),
(622, 622, 'Receipt', 200000, '', 0, 0),
(623, 623, 'Receipt', 59340, '', 0, 0),
(624, 624, 'Receipt', 16430, 'SALI OLD AD', 0, 0),
(685, 685, 'Receipt', 50000, '', 0, 0),
(686, 686, 'Receipt', 80060, '', 0, 0),
(687, 687, 'Receipt', 75000, '', 0, 0),
(688, 688, 'Receipt', 193150, '4 BILL', 0, 0),
(689, 689, 'Receipt', 20000, '', 0, 0),
(690, 690, 'Receipt', 46850, '', 0, 0),
(691, 691, 'Receipt', 23400, '', 0, 0),
(692, 692, 'Receipt', 153710, 'HASHIM', 0, 0),
(693, 693, 'Receipt', 112000, 'KOLLAM', 0, 0),
(765, 765, 'Payment', 500, '', 0, 0),
(766, 766, 'Payment', 6000, '(35-36)', 0, 0),
(767, 767, 'Payment', 2850, 'MAHEEN', 0, 0),
(768, 768, 'Payment', 3000, 'SHAMNAD', 0, 0),
(769, 769, 'Payment', 2000, '', 0, 0),
(770, 770, 'Payment', 3240, 'SANOSH', 0, 0),
(771, 771, 'Payment', 1000, '2 DAYS', 0, 0),
(772, 772, 'Payment', 650, 'FISH MOVE & BATA', 0, 0),
(773, 773, 'Payment', 2000, '', 0, 0),
(774, 774, 'Payment', 200, '', 0, 0),
(775, 775, 'Payment', 3250, '', 0, 0),
(776, 776, 'Payment', 2760, '', 0, 0),
(777, 777, 'Payment', 15000, '', 0, 0),
(778, 778, 'Payment', 500000, 'ICICI BANK', 0, 0),
(779, 779, 'Payment', 29050, 'UNNI', 0, 0),
(780, 780, 'Payment', 500, 'VYPPIN ', 0, 0),
(781, 781, 'Payment', 500, '', 0, 0),
(782, 782, 'Payment', 2000, '', 0, 0),
(783, 783, 'Payment', 35050, 'GOA', 0, 0),
(882, 882, 'Payment', 500, '', 0, 0),
(883, 883, 'Payment', 3500, '2DAYS', 0, 0),
(884, 884, 'Payment', 5400, '2DAYS', 0, 0),
(885, 885, 'Payment', 1080, '', 0, 0),
(886, 886, 'Payment', 1020, '', 0, 0),
(887, 887, 'Payment', 1760, 'KSEB BILL', 0, 0),
(888, 888, 'Payment', 3770, '', 0, 0),
(889, 889, 'Payment', 700, 'BATA & FISH LOAD', 0, 0),
(890, 890, 'Payment', 10000, 'ADVANCE', 0, 0),
(891, 891, 'Payment', 20000, 'BAITHOOL ACCIDENT SIB BANK', 0, 0),
(892, 892, 'Payment', 6000, '(25)(26)', 0, 0),
(893, 893, 'Payment', 200, 'COOKING', 0, 0),
(894, 894, 'Payment', 550, '', 0, 0),
(895, 895, 'Receipt', 128500, 'KOLLAM', 0, 0),
(896, 896, 'Receipt', 500, 'OLD AD', 0, 0),
(897, 897, 'Receipt', 50000, '', 0, 0),
(898, 898, 'Receipt', 46450, '16/03', 0, 0),
(899, 899, 'Receipt', 70000, '', 0, 0),
(900, 900, 'Receipt', 500, 'OLD ADVANCE', 0, 0),
(901, 901, 'Receipt', 500, '', 0, 0),
(902, 902, 'Receipt', 23450, 'PAPPADAM', 0, 0),
(903, 903, 'Receipt', 289650, 'VYSHAK', 0, 0),
(907, 907, 'Receipt', 25000, '', 0, 0),
(908, 908, 'Receipt', 75000, '', 0, 0),
(921, 921, 'Payment', 500, '', 0, 0),
(922, 922, 'Payment', 700, '', 0, 0),
(923, 923, 'Payment', 500, '', 0, 0),
(924, 924, 'Payment', 2000, '', 0, 0),
(925, 925, 'Payment', 3550, '', 0, 0),
(926, 926, 'Payment', 39580, '', 0, 0),
(927, 927, 'Payment', 1200, '', 0, 0),
(928, 928, 'Payment', 1200, '', 0, 0),
(929, 929, 'Payment', 600, '2VEHICLE', 0, 0),
(983, 983, 'Receipt', 15000, '', 0, 0),
(984, 984, 'Receipt', 30000, '', 0, 0),
(985, 985, 'Receipt', 50000, '', 0, 0),
(986, 986, 'Receipt', 51200, '', 0, 0),
(987, 987, 'Receipt', 67300, '', 0, 0),
(988, 988, 'Receipt', 50000, '', 0, 0),
(989, 989, 'Receipt', 20350, '', 0, 0),
(990, 990, 'Receipt', 100000, '', 0, 0),
(1008, 1008, 'Payment', 500, '', 0, 0),
(1009, 1009, 'Payment', 500, 'BILL COLLECT', 0, 0),
(1010, 1010, 'Payment', 4000, '2DAYS', 0, 0),
(1011, 1011, 'Payment', 100000, 'KA20D0767 NITHIN', 0, 0),
(1012, 1012, 'Payment', 1000000, 'ICICI BANK', 0, 0),
(1013, 1013, 'Payment', 100, '', 0, 0),
(1014, 1014, 'Payment', 850, 'ALPY', 0, 0),
(1015, 1015, 'Payment', 50000, '', 0, 0),
(1016, 1016, 'Payment', 50000, 'LIYAKATH', 0, 0),
(1047, 1047, 'Receipt', 75000, 'PAPPADAM', 0, 0),
(1048, 1048, 'Receipt', 130000, '', 0, 0),
(1049, 1049, 'Receipt', 24000, '', 0, 0),
(1050, 1050, 'Receipt', 30000, '', 0, 0),
(1099, 1099, 'Payment', 300, '', 0, 0),
(1100, 1100, 'Payment', 1000, '', 0, 0),
(1101, 1101, 'Payment', 74000, 'kenath', 0, 0),
(1102, 1102, 'Payment', 100000, 'ADVANCE RETURN', 0, 0),
(1103, 1103, 'Payment', 3020, '', 0, 0),
(1104, 1104, 'Payment', 500, '', 0, 0),
(1105, 1105, 'Payment', 500, '', 0, 0),
(1106, 1106, 'Payment', 500, '', 0, 0),
(1107, 1107, 'Payment', 43380, 'KA20D4929 SATHAR', 0, 0),
(1108, 1108, 'Payment', 1000, '', 0, 0),
(1109, 1109, 'Payment', 300, '', 0, 0),
(1110, 1110, 'Payment', 1500, '', 0, 0),
(1111, 1111, 'Payment', 600, '2', 0, 0),
(1112, 1112, 'Payment', 1050, '', 0, 0),
(1113, 1113, 'Payment', 35000, '', 0, 0),
(1203, 1203, 'Receipt', 8400, '', 0, 0),
(1204, 1204, 'Receipt', 600, 'SALI OLD AD', 0, 0),
(1205, 1205, 'Receipt', 69550, '', 0, 0),
(1206, 1206, 'Receipt', 3000, '', 0, 0),
(1261, 1261, 'Payment', 2500, '', 0, 0),
(1262, 1262, 'Payment', 8990, '20/3/18', 0, 0),
(1263, 1263, 'Payment', 4000, 'MAHEEN', 0, 0),
(1264, 1264, 'Payment', 500, '', 0, 0),
(1265, 1265, 'Payment', 1350, 'MAHEEN', 0, 0),
(1266, 1266, 'Payment', 120, '', 0, 0),
(1267, 1267, 'Payment', 31730, '', 0, 0),
(1268, 1268, 'Payment', 2410, '', 0, 0),
(1269, 1269, 'Payment', 800, '', 0, 0),
(1270, 1270, 'Payment', 8040, '', 0, 0),
(1271, 1271, 'Payment', 820, 'LOADING', 0, 0),
(1272, 1272, 'Payment', 3000, '', 0, 0),
(1273, 1273, 'Payment', 6570, '2DAYS', 0, 0),
(1274, 1274, 'Payment', 2250, 'OMANAKUTTAN', 0, 0),
(1275, 1275, 'Payment', 20000, 'ASHIK', 0, 0),
(1326, 1326, 'Receipt', 185850, '17/3,18/3,20/3', 0, 0),
(1327, 1327, 'Receipt', 25000, '', 0, 0),
(1328, 1328, 'Receipt', 75000, 'BANK', 0, 0),
(1329, 1329, 'Receipt', 32400, '', 0, 0),
(1330, 1330, 'Receipt', 127220, '', 0, 0),
(1331, 1331, 'Payment', 6000, '(37)(38)', 0, 0),
(1332, 1332, 'Payment', 23440, 'LIYAKATH', 0, 0),
(1333, 1333, 'Payment', 500, '', 0, 0),
(1334, 1334, 'Payment', 600, '', 0, 0),
(1335, 1335, 'Payment', 75000, 'PANDALAM BILL', 0, 0),
(1336, 1336, 'Payment', 1000, '', 0, 0),
(1337, 1337, 'Payment', 20000, 'BANK', 0, 0),
(1338, 1338, 'Payment', 4000, '(27,28)', 0, 0),
(1339, 1339, 'Payment', 3000, '(95)', 0, 0),
(1441, 1441, 'Receipt', 10850, '', 0, 0),
(1442, 1442, 'Receipt', 65350, '', 0, 0),
(1443, 1443, 'Receipt', 30000, '', 0, 0),
(1444, 1444, 'Receipt', 500, '(2)', 0, 0),
(1445, 1445, 'Receipt', 20000, 'NANDU', 0, 0),
(1446, 1446, 'Receipt', 74100, '', 0, 0),
(1447, 1447, 'Receipt', 57100, '', 0, 0),
(1448, 1448, 'Receipt', 157900, '22/3,23/3,24/3', 0, 0),
(1449, 1449, 'Receipt', 60000, '', 0, 0),
(1450, 1450, 'Receipt', 50830, '', 0, 0),
(1451, 1451, 'Receipt', 2000, '', 0, 0),
(1452, 1452, 'Receipt', 500, '', 0, 0),
(1453, 1453, 'Receipt', 61010, '', 0, 0),
(1481, 1481, 'Receipt', 15000, '', 0, 0),
(1482, 1482, 'Receipt', 75000, '', 0, 0),
(1483, 1483, 'Receipt', 50000, '', 0, 0),
(1484, 1484, 'Receipt', 500, 'OLD AD', 0, 0),
(1485, 1485, 'Receipt', 950310, 'PAIPPAD', 0, 0),
(1486, 1486, 'Receipt', 11120, 'SALI OLD AD', 0, 0),
(1496, 1496, 'Payment', 65000, 'RAGHU', 0, 0),
(1497, 1497, 'Payment', 500, '', 0, 0),
(1498, 1498, 'Payment', 17350, '', 0, 0),
(1499, 1499, 'Payment', 370, '', 0, 0),
(1500, 1500, 'Payment', 500, '', 0, 0),
(1501, 1501, 'Payment', 1000, 'MAHEEN PALLANA', 0, 0),
(1502, 1502, 'Payment', 8000, 'LIYAKATH', 0, 0),
(1503, 1503, 'Payment', 10510, '', 0, 0),
(1504, 1504, 'Payment', 81000, '', 0, 0),
(1655, 1655, 'Receipt', 75300, '', 0, 0),
(1656, 1656, 'Receipt', 25000, '', 0, 0),
(1657, 1657, 'Receipt', 500, 'OLD AD (3)', 0, 0),
(1658, 1658, 'Receipt', 500, 'OLD AD', 0, 0),
(1659, 1659, 'Receipt', 40000, '', 0, 0),
(1660, 1660, 'Receipt', 90500, '', 0, 0),
(1661, 1661, 'Receipt', 58600, '25/03', 0, 0),
(1662, 1662, 'Receipt', 71950, '', 0, 0),
(1663, 1663, 'Receipt', 10150, '25/03', 0, 0),
(1664, 1664, 'Receipt', 20000, '', 0, 0),
(1665, 1665, 'Receipt', 75000, 'PANDALAM BILL', 0, 0),
(1666, 1666, 'Receipt', 1000, 'OLD AD', 0, 0),
(1787, 1787, 'Receipt', 50900, '', 0, 0),
(1788, 1788, 'Receipt', 43500, '', 0, 0),
(1789, 1789, 'Receipt', 500, '(4)', 0, 0),
(1790, 1790, 'Receipt', 10000, 'TAV ADVANCE', 0, 0),
(1791, 1791, 'Receipt', 67900, '', 0, 0),
(1792, 1792, 'Receipt', 430, 'BANK', 0, 0),
(1793, 1793, 'Payment', 500, '', 0, 0),
(1794, 1794, 'Payment', 3350, '', 0, 0),
(1795, 1795, 'Payment', 1000, 'MAHEEN', 0, 0),
(1796, 1796, 'Payment', 48250, '', 0, 0),
(1797, 1797, 'Payment', 12000, 'LIYAKATH', 0, 0),
(1798, 1798, 'Payment', 300, 'CABLE', 0, 0),
(1799, 1799, 'Payment', 750, '', 0, 0),
(1800, 1800, 'Payment', 2000, '', 0, 0),
(1801, 1801, 'Payment', 4000, '3DAYS', 0, 0),
(1802, 1802, 'Payment', 150, '', 0, 0),
(1803, 1803, 'Payment', 700, '', 0, 0),
(1804, 1804, 'Payment', 11580, '', 0, 0),
(1805, 1805, 'Payment', 6000, 'HASHIM', 0, 0),
(1806, 1806, 'Payment', 5000, 'VAISHAK', 0, 0),
(1807, 1807, 'Payment', 333830, 'BANK SBI', 0, 0),
(1808, 1808, 'Payment', 10000, 'LIYAKATH', 0, 0),
(1816, 1816, 'Receipt', 40000, '', 0, 0),
(1817, 1817, 'Receipt', 30000, '', 0, 0),
(1818, 1818, 'Receipt', 44650, '', 0, 0),
(1819, 1819, 'Receipt', 26950, '', 0, 0),
(1836, 1836, 'Payment', 500, '', 0, 0),
(1837, 1837, 'Payment', 1000, 'MAHEEN', 0, 0),
(1838, 1838, 'Payment', 550, 'BILL COLLECT', 0, 0),
(1839, 1839, 'Payment', 10200, '', 0, 0),
(1840, 1840, 'Payment', 1200, 'LOADING', 0, 0),
(1841, 1841, 'Payment', 15000, 'FDRL BANK NCOD KOZHIKODE', 0, 0),
(1860, 1860, 'Receipt', 23140, '', 0, 0),
(1861, 1861, 'Receipt', 10150, '', 0, 0),
(1862, 1862, 'Receipt', 7440, 'KERA SG.T PATTANAM', 0, 0),
(1863, 1863, 'Receipt', 10000, '', 0, 0),
(1900, 1900, 'Payment', 2360, '', 0, 0),
(1901, 1901, 'Payment', 500, '', 0, 0),
(1902, 1902, 'Payment', 1000, 'MAHEEN', 0, 0),
(1903, 1903, 'Payment', 1000, '2DAYS', 0, 0),
(1904, 1904, 'Payment', 500, '', 0, 0),
(1905, 1905, 'Payment', 2000, '', 0, 0),
(1906, 1906, 'Payment', 12000, '', 0, 0),
(1907, 1907, 'Payment', 3000, '(56)', 0, 0),
(1908, 1908, 'Payment', 1000, 'NAZAR', 0, 0),
(1909, 1909, 'Payment', 10000, 'BANK INDIAN', 0, 0),
(1910, 1910, 'Payment', 4650, '', 0, 0),
(1911, 1911, 'Payment', 520, '', 0, 0),
(1912, 1912, 'Payment', 960, 'TRANSACTION EXPENSE', 0, 0),
(1913, 1913, 'Payment', 1440, 'ALPY', 0, 0),
(1914, 1914, 'Payment', 740, '', 0, 0),
(1915, 1915, 'Payment', 5000, 'OFFICE', 0, 0),
(1916, 1916, 'Payment', 30600, '', 0, 0),
(1917, 1917, 'Payment', 10000, '', 0, 0),
(1918, 1918, 'Payment', 68460, 'BANK SBI', 0, 0),
(1936, 1936, 'Payment', 2920, '', 0, 0),
(1937, 1937, 'Payment', 12150, 'NANDU', 0, 0),
(1938, 1938, 'Payment', 9000, '(39,40,41)', 0, 0),
(1939, 1939, 'Payment', 1500, '', 0, 0),
(1940, 1940, 'Payment', 500, '', 0, 0),
(1941, 1941, 'Payment', 3950, '', 0, 0),
(1942, 1942, 'Payment', 1000, '', 0, 0),
(1943, 1943, 'Payment', 9990, '3DAYS', 0, 0),
(1944, 1944, 'Payment', 2000, '', 0, 0),
(1945, 1945, 'Payment', 2340, '', 0, 0),
(1946, 1946, 'Payment', 20000, 'C/O HAROON', 0, 0),
(1947, 1947, 'Payment', 20000, 'C/O HAROON', 0, 0),
(1948, 1948, 'Payment', 250, '', 0, 0),
(1949, 1949, 'Payment', 3000, 'ASEEM TIRUR', 0, 0),
(1950, 1950, 'Payment', 5000, '', 0, 0),
(1951, 1951, 'Payment', 1000, 'NOOH KARUVATTA BILL', 0, 0),
(1952, 1952, 'Payment', 1500, '3DAYS', 0, 0),
(1953, 1953, 'Payment', 160000, 'RAJAN', 0, 0),
(1962, 1962, 'Payment', 440, 'IDEA', 0, 0),
(1963, 1963, 'Payment', 500, '', 0, 0),
(1964, 1964, 'Payment', 4380, '2DAYS', 0, 0),
(1965, 1965, 'Payment', 20000, '', 0, 0),
(1966, 1966, 'Payment', 500, '', 0, 0),
(1967, 1967, 'Payment', 2000, '', 0, 0),
(1968, 1968, 'Payment', 2000, 'RAFEEK', 0, 0),
(1969, 1969, 'Payment', 150000, '', 0, 0),
(1976, 1976, 'Receipt', 27900, '', 0, 0),
(1977, 1977, 'Receipt', 50000, '', 0, 0),
(1978, 1978, 'Receipt', 20000, '', 0, 0),
(1979, 1979, 'Receipt', 100000, 'RAFEEK', 0, 0),
(1980, 1980, 'Receipt', 50000, 'PAIPPAD ', 0, 0),
(1981, 1981, 'Receipt', 41250, '', 0, 0),
(1982, 1982, 'Payment', 540, '', 0, 0),
(1983, 1983, 'Payment', 10750, '5DAYS', 0, 0),
(1984, 1984, 'Payment', 1000, 'ANAS', 0, 0),
(1985, 1985, 'Payment', 150, '', 0, 0),
(1986, 1986, 'Payment', 200, 'BOX LOADING', 0, 0),
(1987, 1987, 'Payment', 200, '', 0, 0),
(1988, 1988, 'Payment', 17750, '', 0, 0),
(1989, 1989, 'Payment', 3120, 'SHORT', 0, 0),
(1993, 1993, 'Payment', 3600, '', 0, 0),
(1994, 1994, 'Payment', 1500000, 'ADVANCE', 0, 0),
(1995, 1995, 'Receipt', 40000, '', 0, 0),
(2000, 2000, 'Payment', 700, '', 0, 0),
(2001, 2001, 'Payment', 2500, 'MAHEEN', 0, 0),
(2002, 2002, 'Payment', 1000, 'DATA SAVING', 0, 0),
(2032, 2032, 'Receipt', 23910, '', 0, 0),
(2033, 2033, 'Receipt', 88600, '20/03', 0, 0),
(2034, 2034, 'Receipt', 6200, '', 0, 0),
(2035, 2035, 'Receipt', 2900, '22/03', 0, 0),
(2036, 2036, 'Receipt', 1580, 'SALI AD RETURN', 0, 0),
(2037, 2037, 'Receipt', 10000, '', 0, 0),
(2038, 2038, 'Receipt', 3700, 'SALI BAL RETURN', 0, 0),
(2039, 2039, 'Payment', 300, '', 0, 0),
(2040, 2040, 'Payment', 700, '', 0, 0),
(2041, 2041, 'Payment', 1000, 'SHAMNAD', 0, 0),
(2042, 2042, 'Payment', 3000, '(42)', 0, 0),
(2043, 2043, 'Payment', 800, '31/03', 0, 0),
(2044, 2044, 'Payment', 3000, 'LIYAKATH', 0, 0),
(2045, 2045, 'Payment', 2000, 'LBR DEBIT C/O RAJAN', 0, 0),
(2046, 2046, 'Payment', 470, '', 0, 0),
(2047, 2047, 'Payment', 1250, '5923', 0, 0),
(2048, 2048, 'Payment', 1200, '', 0, 0),
(2049, 2049, 'Payment', 15360, '', 0, 0),
(2050, 2050, 'Payment', 12590, 'HASHIM', 0, 0),
(2051, 2051, 'Payment', 5780, '', 0, 0),
(2052, 2052, 'Payment', 1200, 'LIYAKATH', 0, 0),
(2055, 2055, 'Receipt', 50000, 'PAPPADAM', 0, 0),
(2056, 2056, 'Receipt', 30000, 'PAPPADAM', 0, 0),
(2057, 2057, 'Receipt', 30000, 'PAPPADAM', 0, 0),
(2058, 2058, 'Payment', 100000, 'RAJAN ADVANCE', 0, 0),
(2059, 2059, 'Payment', 5000, 'UNNI', 0, 0),
(2070, 2070, 'Payment', 5900, '4DAYS', 0, 0),
(2071, 2071, 'Payment', 10000, 'ADVANCE SHAMNAD', 0, 0),
(2072, 2072, 'Payment', 1200, '2DAYS', 0, 0),
(2073, 2073, 'Payment', 25000, 'RAJAN ADVANCE INDIAN BANK', 0, 0),
(2074, 2074, 'Payment', 100, 'FINOYL', 0, 0),
(2075, 2075, 'Receipt', 20000, 'NAZAR', 0, 0),
(2088, 2088, 'Payment', 1000, '', 0, 0),
(2089, 2089, 'Payment', 500, '', 0, 0),
(2090, 2090, 'Payment', 8650, '4DAYS', 0, 0),
(2091, 2091, 'Payment', 2640, '', 0, 0),
(2092, 2092, 'Payment', 860, '', 0, 0),
(2093, 2093, 'Payment', 4000, '(29)', 0, 0),
(2113, 2113, 'Receipt', 10000, 'PAPPADAM', 0, 0),
(2114, 2114, 'Receipt', 63350, '', 0, 0),
(2115, 2115, 'Receipt', 50950, '', 0, 0),
(2116, 2116, 'Receipt', 1000, 'OLD AD', 0, 0),
(2123, 2123, 'Payment', 800, '', 0, 0),
(2124, 2124, 'Payment', 2000, '', 0, 0),
(2125, 2125, 'Payment', 27800, 'CHOLA BANK CC', 0, 0),
(2126, 2126, 'Payment', 300, '', 0, 0),
(2127, 2127, 'Payment', 13860, 'LIYAKATH', 0, 0),
(2128, 2128, 'Payment', 4710, '', 0, 0),
(2129, 2129, 'Payment', 1000, 'RAJAN C/O LIYAKATH AD', 0, 0),
(2156, 2156, 'Receipt', 2700, '', 0, 0),
(2157, 2157, 'Receipt', 50000, 'BANK', 0, 0),
(2158, 2158, 'Payment', 700, 'SHAMNAD', 0, 0),
(2159, 2159, 'Payment', 16400, '', 0, 0),
(2160, 2160, 'Payment', 2000, 'WORKSHOP', 0, 0),
(2161, 2161, 'Payment', 100, 'SOAP', 0, 0),
(2162, 2162, 'Payment', 200, '', 0, 0),
(2163, 2163, 'Payment', 500, '', 0, 0),
(2164, 2164, 'Payment', 500000, 'ICICI BANK', 0, 0),
(2165, 2165, 'Payment', 2000, 'FISH MISTAKE', 0, 0),
(2175, 2175, 'Receipt', 40000, 'NAZAR', 0, 0),
(2176, 2176, 'Receipt', 36250, '3BILL', 0, 0),
(2177, 2177, 'Receipt', 100000, '', 0, 0),
(2178, 2178, 'Receipt', 30400, '', 0, 0),
(2205, 2205, 'Payment', 700, 'SHAMNAD', 0, 0),
(2206, 2206, 'Payment', 16900, 'PLANT WORK', 0, 0),
(2207, 2207, 'Payment', 16500, 'ANAS', 0, 0),
(2208, 2208, 'Payment', 25000, 'HASHIM', 0, 0),
(2209, 2209, 'Payment', 10000, 'BEACH EXPENSE AD', 0, 0),
(2210, 2210, 'Payment', 800, '', 0, 0),
(2211, 2211, 'Payment', 650, '', 0, 0),
(2212, 2212, 'Payment', 500, 'FOOD', 0, 0),
(2213, 2213, 'Payment', 1260, '', 0, 0),
(2214, 2214, 'Payment', 220, 'KANAVA', 0, 0),
(2216, 2216, 'Receipt', 500000, '', 0, 0),
(2241, 2241, 'Payment', 600, 'SHAMNAD', 0, 0),
(2242, 2242, 'Payment', 10000, 'RAJAN ADVANCE', 0, 0),
(2243, 2243, 'Payment', 150, 'JIO RECHARGE', 0, 0),
(2244, 2244, 'Payment', 5000, 'LIYAKATH', 0, 0),
(2245, 2245, 'Payment', 15000, 'UNNI', 0, 0),
(2246, 2246, 'Payment', 500000, 'RAJAN ADVANCE (FANTASTIC)', 0, 0),
(2247, 2247, 'Payment', 5000, '', 0, 0),
(2358, 2358, 'Receipt', 50000, 'KOLLAM', 0, 0),
(2359, 2359, 'Receipt', 25000, 'PAPPADAM', 0, 0),
(2360, 2360, 'Receipt', 160, 'SALI OLD AD RETURN', 0, 0),
(2361, 2361, 'Receipt', 50000, 'SHAMNAD', 0, 0),
(2362, 2362, 'Receipt', 2000, '', 0, 0),
(2390, 2390, 'Payment', 500, '', 0, 0),
(2391, 2391, 'Payment', 500, '', 0, 0),
(2392, 2392, 'Payment', 1000, '', 0, 0),
(2393, 2393, 'Payment', 800, '', 0, 0),
(2394, 2394, 'Payment', 4160, 'APPU', 0, 0),
(2395, 2395, 'Payment', 1880, '', 0, 0),
(2396, 2396, 'Payment', 1840, '5906,5923', 0, 0),
(2397, 2397, 'Payment', 56320, 'MATHEEN VEHICLE', 0, 0),
(2398, 2398, 'Payment', 200, 'nazeer', 0, 0),
(2399, 2399, 'Payment', 6300, '4DAYS SHAMNAD', 0, 0),
(2538, 2538, 'Receipt', 74200, 'PAPPADAM', 0, 0),
(2539, 2539, 'Receipt', 30000, 'PAPPADAM', 0, 0),
(2540, 2540, 'Receipt', 30000, 'PAPPADAM', 0, 0),
(2541, 2541, 'Receipt', 1000, '', 0, 0),
(2542, 2542, 'Receipt', 10000, 'OLD ADVANCE', 0, 0),
(2543, 2543, 'Receipt', 2160, 'SALI OLD AD RETURN', 0, 0),
(2544, 2544, 'Receipt', 50000, 'NAZAR', 0, 0),
(2545, 2545, 'Receipt', 108700, 'HASHIM', 0, 0),
(2546, 2546, 'Receipt', 52030, 'HASHIM', 0, 0),
(2547, 2547, 'Receipt', 33830, 'HASHIM', 0, 0),
(2548, 2548, 'Receipt', 36960, 'HASHIM', 0, 0),
(2549, 2549, 'Receipt', 9580, 'SALI OLD AD RETURN', 0, 0),
(2576, 2576, 'Payment', 500, '', 0, 0),
(2577, 2577, 'Payment', 2100, 'SHAMNAD', 0, 0),
(2578, 2578, 'Payment', 650, 'MAF TEA CASH', 0, 0),
(2579, 2579, 'Payment', 2000, 'AMEER', 0, 0),
(2580, 2580, 'Payment', 500000, 'GA07F4421 SABITH', 0, 0),
(2581, 2581, 'Payment', 500, 'LOADING', 0, 0),
(2582, 2582, 'Payment', 600, '', 0, 0),
(2583, 2583, 'Payment', 4100, 'RANJITH', 0, 0),
(2584, 2584, 'Payment', 1360, '', 0, 0),
(2585, 2585, 'Payment', 840, '', 0, 0),
(2586, 2586, 'Payment', 11520, '4617', 0, 0),
(2587, 2587, 'Payment', 28380, 'HASHIM', 0, 0),
(2588, 2588, 'Payment', 40000, 'HASHIM', 0, 0),
(2589, 2589, 'Payment', 2000, '(30)', 0, 0),
(2653, 2653, 'Receipt', 100000, '', 0, 0),
(2654, 2654, 'Receipt', 50000, '', 0, 0),
(2655, 2655, 'Receipt', 23000, 'PAPPADAM 1 BOX BILL', 0, 0),
(2656, 2656, 'Receipt', 20000, 'PAPPADAM', 0, 0),
(2657, 2657, 'Receipt', 20000, 'PAPPADAM', 0, 0),
(2658, 2658, 'Receipt', 500, '', 0, 0),
(2659, 2659, 'Receipt', 32570, '3BILL', 0, 0),
(2660, 2660, 'Receipt', 129950, '3BILL', 0, 0),
(2661, 2661, 'Receipt', 20000, 'TAV ADVANCE', 0, 0),
(2702, 2702, 'Payment', 500, '', 0, 0),
(2703, 2703, 'Payment', 50000, 'MUSTHAFA', 0, 0),
(2704, 2704, 'Payment', 3020, 'SHAMNAD', 0, 0),
(2705, 2705, 'Payment', 8160, '3DAYS', 0, 0),
(2706, 2706, 'Payment', 420, '', 0, 0),
(2707, 2707, 'Payment', 700, '', 0, 0),
(2708, 2708, 'Payment', 54300, '', 0, 0),
(2709, 2709, 'Payment', 35000, 'VAISHAK', 0, 0),
(2710, 2710, 'Payment', 10000, 'AMEER ADVANCE', 0, 0),
(2711, 2711, 'Payment', 10000, 'RAJAN ADVANCE SBI BANK', 0, 0),
(2712, 2712, 'Payment', 500, '', 0, 0),
(2713, 2713, 'Payment', 800, '', 0, 0),
(2714, 2714, 'Payment', 400000, 'TAV VAISHAK', 0, 0),
(2742, 2742, 'Receipt', 65000, 'KOLLAM', 0, 0),
(2743, 2743, 'Receipt', 49500, 'KOLLAM', 0, 0),
(2744, 2744, 'Receipt', 650000, 'BANK', 0, 0),
(2745, 2745, 'Payment', 500, 'BILL COLLECT', 0, 0),
(2746, 2746, 'Payment', 500, '', 0, 0),
(2747, 2747, 'Payment', 1000, 'MAHEEN', 0, 0),
(2748, 2748, 'Payment', 600, 'COURT ALPY', 0, 0),
(2749, 2749, 'Payment', 100, '', 0, 0),
(2750, 2750, 'Payment', 650000, 'CTM BANK', 0, 0),
(2751, 2751, 'Receipt', 50000, '', 0, 0),
(2752, 2752, 'Receipt', 10000, '', 0, 0),
(2753, 2753, 'Receipt', 40700, '', 0, 0),
(2770, 2770, 'Payment', 500, '', 0, 0),
(2771, 2771, 'Payment', 5000, 'PATHANAPURAM', 0, 0),
(2772, 2772, 'Payment', 500, '', 0, 0),
(2773, 2773, 'Payment', 10000, 'MAHEEN', 0, 0),
(2774, 2774, 'Payment', 40000, 'UNNI', 0, 0),
(2775, 2775, 'Payment', 10000, 'RAJAN ADVANCE', 0, 0),
(2776, 2776, 'Payment', 100, '', 0, 0),
(2945, 2945, 'Receipt', 160000, '', 0, 0),
(2946, 2946, 'Receipt', 30000, '', 0, 0),
(2947, 2947, 'Receipt', 144150, '3BILL', 0, 0),
(2948, 2948, 'Receipt', 10000, 'BOX RENT CASH ADVANCE', 0, 0),
(2949, 2949, 'Receipt', 14860, '', 0, 0),
(2950, 2950, 'Receipt', 93790, '', 0, 0),
(2951, 2951, 'Receipt', 10000, '', 0, 0),
(2952, 2952, 'Receipt', 2240, '', 0, 0),
(2953, 2953, 'Payment', 300, 'EXPENSE', 0, 0),
(2954, 2954, 'Payment', 2000, 'MAHEEN', 0, 0),
(2955, 2955, 'Payment', 5500, 'UNNI KAROOR', 0, 0),
(2956, 2956, 'Payment', 2220, '', 0, 0),
(2957, 2957, 'Payment', 840, 'YSF', 0, 0),
(2958, 2958, 'Payment', 2600, 'BILL MISTAKE 1000, FISHLOADING 1600', 0, 0),
(2959, 2959, 'Payment', 501000, 'DAS ADVANCE (SHASHI)', 0, 0),
(2960, 2960, 'Payment', 30000, 'BISMI FISH PURCHASE', 0, 0),
(2961, 2961, 'Payment', 500, '', 0, 0),
(2962, 2962, 'Payment', 15440, 'LIYAKATH', 0, 0),
(2963, 2963, 'Payment', 1000, 'LIYAKATH C/O RAJAN AD', 0, 0),
(2964, 2964, 'Payment', 25750, 'ANAS', 0, 0),
(2965, 2965, 'Payment', 30000, 'ANAS', 0, 0),
(2974, 2974, 'Receipt', 100000, '', 0, 0),
(2975, 2975, 'Receipt', 20560, '', 0, 0),
(2976, 2976, 'Receipt', 25000, '', 0, 0),
(2977, 2977, 'Receipt', 5000, 'MAHEEN', 0, 0),
(2997, 2997, 'Receipt', 30000, '', 0, 0),
(2998, 2998, 'Receipt', 20600, '', 0, 0),
(2999, 2999, 'Receipt', 25000, '', 0, 0),
(3000, 3000, 'Receipt', 420, '', 0, 0),
(3001, 3001, 'Receipt', 140900, '', 0, 0),
(3002, 3002, 'Receipt', 122900, '', 0, 0),
(3003, 3003, 'Receipt', 13810, 'SALI AD RETURN', 0, 0),
(3004, 3004, 'Receipt', 550000, '', 0, 0),
(3005, 3005, 'Receipt', 38260, '', 0, 0),
(3006, 3006, 'Receipt', 45000, 'BANK', 0, 0),
(3015, 3015, 'Payment', 500, '', 0, 0),
(3016, 3016, 'Payment', 500, 'SHAMNAD', 0, 0),
(3017, 3017, 'Payment', 12400, '', 0, 0),
(3018, 3018, 'Payment', 12400, 'SHEJIL', 0, 0),
(3019, 3019, 'Payment', 28890, '', 0, 0),
(3020, 3020, 'Payment', 550000, 'CTM BANK', 0, 0),
(3021, 3021, 'Payment', 3960, '', 0, 0),
(3022, 3022, 'Payment', 2740, '', 0, 0),
(3023, 3023, 'Payment', 1400, '', 0, 0),
(3024, 3024, 'Payment', 400000, 'BANK', 0, 0),
(3025, 3025, 'Payment', 400, '', 0, 0),
(3026, 3026, 'Payment', 40000, '', 0, 0),
(3035, 3035, 'Payment', 1000, 'SHAMNAD', 0, 0),
(3036, 3036, 'Payment', 3800, 'RAJAN GABYS DIESEL', 0, 0),
(3037, 3037, 'Payment', 2850, 'SANOSH RENT', 0, 0),
(3038, 3038, 'Payment', 500, '', 0, 0),
(3039, 3039, 'Payment', 61520, 'tea cash 1500', 0, 0),
(3040, 3040, 'Payment', 2000, 'VADI ', 0, 0),
(3041, 3041, 'Payment', 1200, '2DAYS', 0, 0),
(3042, 3042, 'Payment', 5000, 'MAHEEN', 0, 0),
(3077, 3077, 'Receipt', 20000, '', 0, 0),
(3078, 3078, 'Receipt', 77000, '', 0, 0),
(3079, 3079, 'Receipt', 6870, '16/04', 0, 0),
(3080, 3080, 'Receipt', 40800, '', 0, 0),
(3081, 3081, 'Receipt', 17420, '', 0, 0),
(3082, 3082, 'Receipt', 47300, '', 0, 0),
(3197, 3197, 'Payment', 4050, 'SHAMEER', 0, 0),
(3198, 3198, 'Payment', 1000, '2DAYS', 0, 0),
(3199, 3199, 'Payment', 16870, '', 0, 0),
(3200, 3200, 'Payment', 13150, 'MAHEEN', 0, 0),
(3201, 3201, 'Payment', 500, '', 0, 0),
(3202, 3202, 'Payment', 6540, '4DAYS', 0, 0),
(3203, 3203, 'Payment', 1000, 'SANOSH', 0, 0),
(3204, 3204, 'Payment', 20000, 'RAJAN ADVANCE', 0, 0),
(3205, 3205, 'Payment', 1000, 'RAHEEM', 0, 0),
(3206, 3206, 'Payment', 500, 'NOUFAL', 0, 0),
(3333, 3333, 'Receipt', 100000, '', 0, 0),
(3334, 3334, 'Receipt', 20410, '', 0, 0),
(3335, 3335, 'Receipt', 17900, '', 0, 0),
(3336, 3336, 'Receipt', 10300, '', 0, 0),
(3337, 3337, 'Receipt', 100500, 'PAPPADAM', 0, 0),
(3338, 3338, 'Receipt', 38330, '', 0, 0),
(3339, 3339, 'Receipt', 10400, '', 0, 0),
(3340, 3340, 'Receipt', 40000, 'COSMOS', 0, 0),
(3430, 3430, 'Payment', 1000, '2DAYS', 0, 0),
(3431, 3431, 'Payment', 19460, 'MUSTHAFA', 0, 0),
(3432, 3432, 'Payment', 2000, '3DAYS', 0, 0),
(3433, 3433, 'Payment', 500, '', 0, 0),
(3434, 3434, 'Payment', 2850, 'SANOSH', 0, 0),
(3435, 3435, 'Payment', 900, '', 0, 0),
(3436, 3436, 'Payment', 400000, 'BANK', 0, 0),
(3437, 3437, 'Payment', 16030, 'VAISHAK', 0, 0),
(3438, 3438, 'Payment', 40000, 'MUSTHAFA', 0, 0),
(3439, 3439, 'Payment', 3890, '', 0, 0),
(3440, 3440, 'Payment', 300, '', 0, 0),
(3441, 3441, 'Payment', 5040, '', 0, 0),
(3442, 3442, 'Payment', 13340, '', 0, 0),
(3443, 3443, 'Payment', 200, '', 0, 0),
(3822, 3822, 'Receipt', 50000, '', 0, 0),
(3823, 3823, 'Receipt', 75000, 'BANK', 0, 0),
(3824, 3824, 'Receipt', 30000, '', 0, 0),
(3825, 3825, 'Receipt', 66230, '', 0, 0),
(3826, 3826, 'Receipt', 2570, 'SALI AD RETURN', 0, 0),
(3827, 3827, 'Receipt', 40000, '', 0, 0),
(3828, 3828, 'Receipt', 71780, '18/04', 0, 0),
(3829, 3829, 'Receipt', 60220, '', 0, 0),
(3830, 3830, 'Receipt', 166800, '5BILL', 0, 0),
(3831, 3831, 'Receipt', 100000, 'BANK', 0, 0),
(3832, 3832, 'Receipt', 25000, '', 0, 0),
(3833, 3833, 'Receipt', 71630, '3BILL', 0, 0),
(3834, 3834, 'Receipt', 2700, 'C/O HAROON  14/03', 0, 0),
(3869, 3869, 'Payment', 6870, '', 0, 0),
(3870, 3870, 'Payment', 500, '', 0, 0),
(3871, 3871, 'Payment', 4050, '2DAYS', 0, 0),
(3872, 3872, 'Payment', 500, '', 0, 0),
(3873, 3873, 'Payment', 2000, '', 0, 0),
(3874, 3874, 'Payment', 1100, 'UNNI', 0, 0),
(3875, 3875, 'Payment', 5000, 'RAHEEM ', 0, 0),
(3876, 3876, 'Payment', 4400, 'LIYAKATH', 0, 0),
(3877, 3877, 'Payment', 16020, '9/4/18', 0, 0),
(3878, 3878, 'Payment', 5000, '', 0, 0),
(3879, 3879, 'Payment', 3000, '(62)', 0, 0),
(3880, 3880, 'Payment', 3000, '(63)', 0, 0),
(3881, 3881, 'Payment', 500000, 'BANK', 0, 0),
(3882, 3882, 'Payment', 71630, 'VAISHAK', 0, 0),
(3883, 3883, 'Payment', 600, '', 0, 0),
(3884, 3884, 'Payment', 1000, 'RIYAS', 0, 0),
(3885, 3885, 'Payment', 2700, 'RC PITHAV (CD)', 0, 0),
(3994, 3994, 'Receipt', 34800, '', 0, 0),
(3995, 3995, 'Receipt', 40000, '', 0, 0),
(3996, 3996, 'Receipt', 500, 'OLD AD', 0, 0),
(3997, 3997, 'Receipt', 70000, '', 0, 0),
(3998, 3998, 'Receipt', 75000, '', 0, 0),
(3999, 3999, 'Receipt', 300000, 'BANK', 0, 0),
(4000, 4000, 'Receipt', 80100, '', 0, 0),
(4001, 4001, 'Receipt', 47780, '', 0, 0),
(4002, 4002, 'Receipt', 15000, 'ADVANCE COSTAL', 0, 0),
(4003, 4003, 'Receipt', 1000, '(5)', 0, 0),
(4107, 4107, 'Payment', 1730, 'SHAMNAD', 0, 0),
(4108, 4108, 'Payment', 13510, '4DAYS', 0, 0),
(4109, 4109, 'Payment', 1000, 'MAHEEN', 0, 0),
(4110, 4110, 'Payment', 900, '', 0, 0),
(4111, 4111, 'Payment', 900, '', 0, 0),
(4112, 4112, 'Payment', 200, '', 0, 0),
(4113, 4113, 'Payment', 54540, '', 0, 0),
(4114, 4114, 'Payment', 1000, '2DAYS', 0, 0),
(4115, 4115, 'Payment', 300000, 'DAS ADVANCE BANK', 0, 0),
(4116, 4116, 'Payment', 400000, 'BANK', 0, 0),
(4117, 4117, 'Payment', 23500, '', 0, 0),
(4118, 4118, 'Payment', 1600, '', 0, 0),
(4119, 4119, 'Payment', 1080, '', 0, 0),
(4120, 4120, 'Payment', 600, '2', 0, 0),
(4121, 4121, 'Payment', 200, '', 0, 0),
(4122, 4122, 'Payment', 100, '', 0, 0),
(4141, 4141, 'Receipt', 20000, '', 0, 0),
(4142, 4142, 'Receipt', 33300, '', 0, 0),
(4143, 4143, 'Receipt', 41000, '', 0, 0),
(4144, 4144, 'Receipt', 40000, '', 0, 0),
(4145, 4145, 'Receipt', 30100, '', 0, 0),
(4146, 4146, 'Receipt', 43130, '', 0, 0),
(4147, 4147, 'Receipt', 152850, '', 0, 0),
(4148, 4148, 'Receipt', 900, '', 0, 0),
(4149, 4149, 'Receipt', 2370, 'SALI AD RETURN', 0, 0),
(4150, 4150, 'Receipt', 200, '', 0, 0),
(4221, 4221, 'Payment', 1000, '2DAYS', 0, 0),
(4222, 4222, 'Payment', 1000, '2DAYS', 0, 0),
(4223, 4223, 'Payment', 500, '', 0, 0),
(4224, 4224, 'Payment', 5000, '', 0, 0),
(4225, 4225, 'Payment', 500, '', 0, 0),
(4226, 4226, 'Payment', 3000, '(43)', 0, 0),
(4227, 4227, 'Payment', 3510, '', 0, 0),
(4228, 4228, 'Payment', 4270, '', 0, 0),
(4229, 4229, 'Payment', 5000, 'LIYAKATH', 0, 0),
(4230, 4230, 'Payment', 1330, '', 0, 0),
(4231, 4231, 'Payment', 360, '', 0, 0),
(4232, 4232, 'Payment', 20000, '', 0, 0),
(4233, 4233, 'Payment', 100, '', 0, 0),
(4234, 4234, 'Payment', 300, 'KALAVOOR BILL COLLECT', 0, 0),
(4235, 4235, 'Payment', 200000, 'DAS ADVANCE', 0, 0),
(4259, 4259, 'Receipt', 30000, '', 0, 0),
(4260, 4260, 'Receipt', 6000, '', 0, 0),
(4261, 4261, 'Receipt', 100000, '', 0, 0),
(4283, 4283, 'Payment', 6000, 'SHAMS PALLANA CASH', 0, 0),
(4284, 4284, 'Payment', 23210, '', 0, 0),
(4285, 4285, 'Payment', 30000, '', 0, 0),
(4286, 4286, 'Payment', 5000, '', 0, 0),
(4287, 4287, 'Payment', 1100, '2DAYS BILL COLLECT AND BATA', 0, 0),
(4395, 4395, 'Receipt', 55800, '2BILL', 0, 0),
(4396, 4396, 'Receipt', 14260, '', 0, 0),
(4397, 4397, 'Receipt', 63000, '', 0, 0),
(4398, 4398, 'Receipt', 150000, '', 0, 0),
(4399, 4399, 'Receipt', 275000, '', 0, 0),
(4400, 4400, 'Receipt', 100000, 'BANK', 0, 0),
(4401, 4401, 'Receipt', 10000, 'OLD BAL', 0, 0),
(4402, 4402, 'Receipt', 150000, '', 0, 0),
(4417, 4417, 'Payment', 2820, '', 0, 0),
(4418, 4418, 'Payment', 500, '', 0, 0),
(4419, 4419, 'Payment', 21880, '', 0, 0),
(4420, 4420, 'Payment', 52220, '', 0, 0),
(4421, 4421, 'Payment', 2710, '', 0, 0),
(4422, 4422, 'Payment', 300, '', 0, 0),
(4423, 4423, 'Payment', 1140, '', 0, 0),
(4424, 4424, 'Payment', 900, 'PRABHOSH', 0, 0),
(4425, 4425, 'Payment', 5000, '2DAYS', 0, 0),
(4426, 4426, 'Payment', 700, '', 0, 0),
(4427, 4427, 'Payment', 35000, 'PRABHOSH', 0, 0),
(4428, 4428, 'Payment', 500000, 'BANK ICICI', 0, 0),
(4429, 4429, 'Payment', 143300, 'BANK SYNB', 0, 0),
(4430, 4430, 'Payment', 1000, '', 0, 0),
(4431, 4431, 'Payment', 100, '', 0, 0),
(4505, 4505, 'Receipt', 61780, '', 0, 0),
(4506, 4506, 'Receipt', 193500, '', 0, 0),
(4507, 4507, 'Receipt', 50000, '', 0, 0),
(4508, 4508, 'Receipt', 20000, '', 0, 0),
(4509, 4509, 'Receipt', 52200, '', 0, 0),
(4510, 4510, 'Receipt', 100000, '', 0, 0),
(4511, 4511, 'Receipt', 15600, '', 0, 0),
(4512, 4512, 'Receipt', 5150, '', 0, 0),
(4563, 4563, 'Payment', 6000, '(44,45)', 0, 0),
(4564, 4564, 'Payment', 600, '', 0, 0),
(4565, 4565, 'Payment', 6370, '2DAYS', 0, 0),
(4566, 4566, 'Payment', 2580, '', 0, 0),
(4567, 4567, 'Payment', 9000, '14/04', 0, 0),
(4568, 4568, 'Payment', 20450, '', 0, 0),
(4569, 4569, 'Payment', 3460, '', 0, 0),
(4570, 4570, 'Payment', 500000, 'BANK ICICI', 0, 0),
(4571, 4571, 'Payment', 5150, 'ALPY BILL', 0, 0),
(4572, 4572, 'Payment', 620, '', 0, 0),
(4573, 4573, 'Payment', 500, '', 0, 0),
(4574, 4574, 'Payment', 780, '', 0, 0),
(4575, 4575, 'Payment', 200, '', 0, 0),
(4576, 4576, 'Payment', 3650, '2DAYS', 0, 0),
(4650, 4650, 'Receipt', 86150, '', 0, 0),
(4651, 4651, 'Receipt', 201400, '', 0, 0),
(4652, 4652, 'Receipt', 100900, '', 0, 0),
(4653, 4653, 'Receipt', 20000, '', 0, 0),
(4654, 4654, 'Receipt', 71630, '', 0, 0),
(4655, 4655, 'Receipt', 1500, 'SALEEM KERA', 0, 0),
(4656, 4656, 'Receipt', 10000, '', 0, 0),
(4657, 4657, 'Receipt', 104520, '', 0, 0),
(4699, 4699, 'Payment', 3000, '(46)', 0, 0),
(4700, 4700, 'Payment', 61580, '', 0, 0),
(4701, 4701, 'Payment', 700, '', 0, 0),
(4702, 4702, 'Payment', 500, '', 0, 0),
(4703, 4703, 'Payment', 1400, '', 0, 0),
(4704, 4704, 'Payment', 10000, 'VAISHAK', 0, 0),
(4705, 4705, 'Payment', 1220, '', 0, 0),
(4706, 4706, 'Payment', 480, '', 0, 0),
(4707, 4707, 'Payment', 200, '', 0, 0),
(4708, 4708, 'Payment', 1450, 'WORKSHOP AD', 0, 0),
(4709, 4709, 'Payment', 20000, 'AMEER GOA', 0, 0),
(4710, 4710, 'Payment', 2050, '', 0, 0),
(4711, 4711, 'Payment', 12000, '', 0, 0),
(4712, 4712, 'Payment', 500000, 'ICICI BANK', 0, 0),
(4713, 4713, 'Payment', 7000, '', 0, 0),
(4714, 4714, 'Payment', 100000, 'KL16M4617 HASHIM', 0, 0),
(4747, 4747, 'Receipt', 77900, '', 0, 0),
(4748, 4748, 'Receipt', 43930, '', 0, 0),
(4749, 4749, 'Receipt', 17500, '', 0, 0),
(4750, 4750, 'Receipt', 20000, '', 0, 0),
(4751, 4751, 'Receipt', 90600, 'BANK', 0, 0),
(4752, 4752, 'Receipt', 52540, '', 0, 0),
(4753, 4753, 'Payment', 730, 'BILL COLLECTING', 0, 0),
(4754, 4754, 'Payment', 840, '', 0, 0),
(4755, 4755, 'Payment', 1000, 'LIYAKATH', 0, 0),
(4756, 4756, 'Payment', 200, 'BILL COLLECT EXPENSE', 0, 0),
(4808, 4808, 'Receipt', 20000, '', 0, 0),
(4809, 4809, 'Receipt', 10000, '', 0, 0),
(4810, 4810, 'Receipt', 43110, '', 0, 0),
(4811, 4811, 'Receipt', 50000, '', 0, 0),
(4812, 4812, 'Receipt', 100000, 'BANK', 0, 0),
(4813, 4813, 'Receipt', 132270, '', 0, 0),
(4820, 4820, 'Payment', 620, '', 0, 0),
(4821, 4821, 'Payment', 400, 'BILL COLLECTING', 0, 0),
(4822, 4822, 'Payment', 1000, '', 0, 0),
(4823, 4823, 'Payment', 13110, 'KAYAMKULAM BILL KERA', 0, 0),
(4824, 4824, 'Payment', 500000, 'ICICI BANK', 0, 0),
(4825, 4825, 'Payment', 11100, 'DIPOSIT BANK', 0, 0),
(4843, 4843, 'Receipt', 61590, '', 0, 0),
(4844, 4844, 'Receipt', 85550, '', 0, 0),
(4845, 4845, 'Receipt', 100000, '', 0, 0),
(4861, 4861, 'Payment', 3000, 'SHAIJU', 0, 0),
(4862, 4862, 'Payment', 500, '', 0, 0),
(4863, 4863, 'Payment', 3000, '(47)', 0, 0),
(4864, 4864, 'Payment', 600, '', 0, 0),
(4865, 4865, 'Payment', 3100, '', 0, 0),
(4866, 4866, 'Payment', 7200, '26/04', 0, 0),
(4867, 4867, 'Payment', 600, '', 0, 0),
(4868, 4868, 'Payment', 900, '', 0, 0),
(4881, 4881, 'Receipt', 40000, '', 0, 0),
(4882, 4882, 'Receipt', 142900, '', 0, 0),
(4883, 4883, 'Receipt', 76200, '', 0, 0),
(4895, 4895, 'Payment', 6600, 'BAPPUTTY', 0, 0),
(4896, 4896, 'Payment', 30000, 'INNOVA SERVICE CTM BILL', 0, 0),
(4897, 4897, 'Payment', 500, '', 0, 0),
(4898, 4898, 'Payment', 5080, '2DAYS', 0, 0),
(4899, 4899, 'Payment', 5000, '', 0, 0),
(5085, 5085, 'Payment', 3000, '', 0, 0),
(5086, 5086, 'Payment', 500, '', 0, 0),
(5087, 5087, 'Payment', 2000, 'MAHEEN', 0, 0),
(5088, 5088, 'Payment', 23770, '', 0, 0),
(5089, 5089, 'Payment', 2450, '', 0, 0),
(5090, 5090, 'Payment', 500, '', 0, 0),
(5091, 5091, 'Payment', 1461880, 'RAJAN AD 26/04/18', 0, 0),
(5092, 5092, 'Payment', 4700, 'GABY\'S FUELS DIESEL 16/04to19/04', 0, 0),
(5093, 5093, 'Payment', 4000, '(31)', 0, 0),
(5094, 5094, 'Payment', 5000, 'VADI ADVANCE', 0, 0),
(5095, 5095, 'Payment', 500000, 'ICICI BANK', 0, 0),
(5096, 5096, 'Payment', 38200, '', 0, 0),
(5106, 5106, 'Receipt', 62470, '', 0, 0),
(5107, 5107, 'Receipt', 50000, '', 0, 0),
(5108, 5108, 'Receipt', 41600, '', 0, 0),
(5109, 5109, 'Receipt', 20000, '', 0, 0),
(5110, 5110, 'Receipt', 40520, '', 0, 0),
(5111, 5111, 'Receipt', 1461880, '26/04/18 RAJAN RECIPT', 0, 0),
(5112, 5112, 'Receipt', 14000, 'BANK ', 0, 0),
(5113, 5113, 'Receipt', 3000, 'FANTASTIC UNNI', 0, 0),
(5114, 5114, 'Receipt', 5000, 'FANTASTIC UNNI', 0, 0),
(5115, 5115, 'Receipt', 60100, '', 0, 0),
(5182, 5182, 'Payment', 1500, '3DAYS BATA', 0, 0),
(5183, 5183, 'Payment', 7700, '2DAYS', 0, 0),
(5184, 5184, 'Payment', 3600, '2DAYS', 0, 0),
(5185, 5185, 'Payment', 1000, '', 0, 0),
(5186, 5186, 'Payment', 56020, '', 0, 0),
(5187, 5187, 'Payment', 3180, '', 0, 0),
(5188, 5188, 'Payment', 300, '', 0, 0),
(5189, 5189, 'Payment', 400, '', 0, 0),
(5190, 5190, 'Payment', 4200, '', 0, 0),
(5191, 5191, 'Payment', 500, 'MAF TEA CASH CTM', 0, 0),
(5192, 5192, 'Payment', 500, '', 0, 0),
(5193, 5193, 'Receipt', 40000, '', 0, 0),
(5194, 5194, 'Receipt', 22200, '', 0, 0),
(5195, 5195, 'Receipt', 20000, '', 0, 0),
(5196, 5196, 'Receipt', 1000, '(6) 30/04/18', 0, 0),
(5284, 5284, 'Receipt', 100000, '', 0, 0),
(5285, 5285, 'Receipt', 30800, '', 0, 0),
(5286, 5286, 'Receipt', 20000, '', 0, 0),
(5287, 5287, 'Receipt', 110550, '3BILL', 0, 0),
(5288, 5288, 'Receipt', 50000, '', 0, 0),
(5289, 5289, 'Receipt', 12020, '', 0, 0),
(5358, 5358, 'Payment', 500, '', 0, 0),
(5359, 5359, 'Payment', 29500, '', 0, 0),
(5360, 5360, 'Payment', 1480, '', 0, 0),
(5361, 5361, 'Payment', 6000, '(48,49)', 0, 0),
(5362, 5362, 'Payment', 11280, '4DAYS', 0, 0),
(5363, 5363, 'Payment', 500, '', 0, 0),
(5364, 5364, 'Payment', 2550, '', 0, 0),
(5365, 5365, 'Payment', 1070, '', 0, 0),
(5366, 5366, 'Payment', 660, '', 0, 0),
(5367, 5367, 'Payment', 12000, '16/04/18', 0, 0),
(5368, 5368, 'Payment', 500000, 'ICICI BANK', 0, 0),
(5369, 5369, 'Payment', 100, '', 0, 0),
(5402, 5402, 'Payment', 3440, '', 0, 0),
(5403, 5403, 'Payment', 600, '', 0, 0),
(5404, 5404, 'Payment', 127370, 'CTM', 0, 0),
(5405, 5405, 'Payment', 2000, 'POYLAKKADA', 0, 0),
(5413, 5413, 'Receipt', 15000, '', 0, 0),
(5414, 5414, 'Receipt', 50000, '', 0, 0),
(5415, 5415, 'Receipt', 20000, '', 0, 0),
(5416, 5416, 'Receipt', 10000, '', 0, 0),
(5417, 5417, 'Receipt', 150000, '', 0, 0),
(5418, 5418, 'Receipt', 127370, '02/05/18', 0, 0),
(5419, 5419, 'Receipt', 20000, '', 0, 0),
(5420, 5420, 'Receipt', 59100, '', 0, 0),
(5430, 5430, 'Receipt', 80000, '', 0, 0),
(5431, 5431, 'Receipt', 8700, '', 0, 0),
(5432, 5432, 'Receipt', 100000, '', 0, 0),
(5433, 5433, 'Receipt', 40000, '', 0, 0),
(5434, 5434, 'Payment', 88700, 'HARIPPAD & NOOH KARUVATTA BILL', 0, 0),
(5435, 5435, 'Payment', 500000, 'ICICI BANK', 0, 0),
(5436, 5436, 'Payment', 40000, '', 0, 0),
(5443, 5443, 'Receipt', 30000, '', 0, 0),
(5444, 5444, 'Receipt', 20000, '', 0, 0),
(5457, 5457, 'Payment', 700, 'BILL COLLECT', 0, 0),
(5458, 5458, 'Payment', 6000, '', 0, 0),
(5459, 5459, 'Payment', 40000, 'MARKET VLY RENT AD.SALEEM', 0, 0),
(5460, 5460, 'Receipt', 78390, '', 0, 0),
(5461, 5461, 'Receipt', 40000, '', 0, 0),
(5462, 5462, 'Receipt', 100000, '', 0, 0),
(5466, 5466, 'Payment', 500, 'BILL COLLECT', 0, 0),
(5467, 5467, 'Payment', 3000, '(50)', 0, 0),
(5468, 5468, 'Payment', 100000, 'HARIPPAD BILL', 0, 0),
(5469, 5469, 'Payment', 500, 'RAJU', 0, 0),
(5471, 5471, 'Receipt', 52800, '2BILL', 0, 0),
(5476, 5476, 'Payment', 5000, '', 0, 0),
(5477, 5477, 'Payment', 40000, '', 0, 0),
(5478, 5478, 'Payment', 30000, '', 0, 0),
(5479, 5479, 'Payment', 35000, '', 0, 0),
(5480, 5480, 'Receipt', 95350, '', 0, 0),
(5481, 5481, 'Receipt', 22000, '', 0, 0),
(5487, 5487, 'Payment', 400, 'JIO RECHARGE & EXPENSE', 0, 0),
(5488, 5488, 'Payment', 500, 'BILL COLLECT', 0, 0),
(5489, 5489, 'Payment', 150, '', 0, 0),
(5593, 5593, 'Receipt', 150000, '', 0, 0),
(5594, 5594, 'Receipt', 250000, '', 0, 0),
(5595, 5595, 'Receipt', 51300, '1300RS 6/05/18 KABEER DEBIT', 0, 0),
(5596, 5596, 'Receipt', 243260, 'BANK', 0, 0),
(5597, 5597, 'Receipt', 25000, '', 0, 0),
(5598, 5598, 'Receipt', 237800, '', 0, 0),
(5608, 5608, 'Payment', 500, '', 0, 0),
(5609, 5609, 'Payment', 3380, '', 0, 0),
(5610, 5610, 'Payment', 16990, '', 0, 0),
(5611, 5611, 'Payment', 1300, '06/05/18 PANDALAM CASH', 0, 0),
(5612, 5612, 'Payment', 30000, 'RAFEEK', 0, 0),
(5613, 5613, 'Payment', 3000, '(96)', 0, 0),
(5614, 5614, 'Payment', 800000, 'ICICI BANK', 0, 0),
(5615, 5615, 'Payment', 2260, '', 0, 0),
(5616, 5616, 'Payment', 30000, '', 0, 0),
(5655, 5655, 'Receipt', 65000, '', 0, 0),
(5656, 5656, 'Receipt', 100000, '', 0, 0),
(5657, 5657, 'Receipt', 50000, '', 0, 0),
(5658, 5658, 'Receipt', 20000, '', 0, 0),
(5659, 5659, 'Receipt', 25000, 'JOHNSON ADVANCE', 0, 0),
(5678, 5678, 'Payment', 500, '', 0, 0),
(5679, 5679, 'Payment', 500, '', 0, 0),
(5680, 5680, 'Payment', 8300, '2DAYS', 0, 0),
(5681, 5681, 'Payment', 1000, 'RIYAS', 0, 0),
(5682, 5682, 'Payment', 1000, '2DAYS', 0, 0),
(5683, 5683, 'Payment', 53380, '', 0, 0),
(5684, 5684, 'Payment', 2290, '', 0, 0),
(5685, 5685, 'Payment', 1200, '4VEHICLE', 0, 0),
(5686, 5686, 'Payment', 1860, '', 0, 0),
(5687, 5687, 'Payment', 100, '', 0, 0),
(5783, 5783, 'Receipt', 20000, '', 0, 0),
(5784, 5784, 'Receipt', 50870, '', 0, 0),
(5785, 5785, 'Receipt', 81400, '', 0, 0),
(5786, 5786, 'Receipt', 2000, 'HASHIM ADVANCE', 0, 0),
(5787, 5787, 'Receipt', 83860, '', 0, 0),
(5788, 5788, 'Receipt', 150000, '', 0, 0),
(5789, 5789, 'Receipt', 74260, '', 0, 0),
(5790, 5790, 'Payment', 31400, 'CTM BILL', 0, 0),
(5791, 5791, 'Payment', 500, '', 0, 0),
(5792, 5792, 'Payment', 1000, '', 0, 0),
(5793, 5793, 'Payment', 6880, '2DAYS', 0, 0),
(5794, 5794, 'Payment', 200, '', 0, 0),
(5795, 5795, 'Payment', 25440, '', 0, 0),
(5796, 5796, 'Payment', 3000, '(97)', 0, 0),
(5797, 5797, 'Payment', 800000, 'ICICI BANK', 0, 0),
(5819, 5819, 'Receipt', 2000, 'YSF AD RIYAS', 0, 0),
(5820, 5820, 'Receipt', 20000, '', 0, 0),
(5821, 5821, 'Receipt', 130000, '2BILL', 0, 0),
(5822, 5822, 'Receipt', 29930, '', 0, 0),
(5823, 5823, 'Receipt', 132050, '9/5 TO 12/05', 0, 0),
(5844, 5844, 'Payment', 2930, '', 0, 0),
(5845, 5845, 'Payment', 1000, '', 0, 0),
(5846, 5846, 'Payment', 500, '', 0, 0),
(5847, 5847, 'Payment', 500, '', 0, 0),
(5848, 5848, 'Payment', 9000, '(51,52,53)', 0, 0),
(5849, 5849, 'Payment', 1000, '2DAYS', 0, 0),
(5850, 5850, 'Payment', 5000, '', 0, 0),
(6001, 6001, 'Receipt', 37300, '2BILL', 0, 0),
(6002, 6002, 'Receipt', 85650, '', 0, 0),
(6003, 6003, 'Receipt', 1800, '5/5/18', 0, 0),
(6004, 6004, 'Receipt', 17600, '', 0, 0),
(6005, 6005, 'Receipt', 50500, '', 0, 0),
(6006, 6006, 'Receipt', 56900, '', 0, 0),
(6007, 6007, 'Receipt', 150100, '', 0, 0),
(6008, 6008, 'Payment', 500, '', 0, 0),
(6009, 6009, 'Payment', 700, '', 0, 0),
(6010, 6010, 'Payment', 500, '', 0, 0),
(6011, 6011, 'Payment', 2000, '', 0, 0),
(6012, 6012, 'Payment', 3080, '', 0, 0),
(6013, 6013, 'Payment', 2000, 'BISMI BILL', 0, 0),
(6014, 6014, 'Payment', 5740, '12/05/18', 0, 0),
(6015, 6015, 'Payment', 500, 'SHAMNAD', 0, 0),
(6016, 6016, 'Payment', 2250, '', 0, 0),
(6017, 6017, 'Payment', 1260, '', 0, 0),
(6018, 6018, 'Payment', 300, '', 0, 0),
(6019, 6019, 'Payment', 61540, '', 0, 0),
(6020, 6020, 'Payment', 500000, 'MAF GA07F4421', 0, 0),
(6021, 6021, 'Payment', 5000, 'VADI GOA', 0, 0),
(6022, 6022, 'Receipt', 15000, '', 0, 0),
(6023, 6023, 'Receipt', 5000, '', 0, 0),
(6036, 6036, 'Payment', 500, '', 0, 0),
(6037, 6037, 'Payment', 4290, '', 0, 0),
(6038, 6038, 'Payment', 110, '', 0, 0),
(6039, 6039, 'Payment', 360, '', 0, 0),
(6040, 6040, 'Receipt', 25000, '', 0, 0),
(6041, 6041, 'Receipt', 100000, '', 0, 0),
(6042, 6042, 'Receipt', 22700, '', 0, 0),
(6043, 6043, 'Receipt', 53050, '', 0, 0),
(6044, 6044, 'Receipt', 56270, '', 0, 0),
(6045, 6045, 'Receipt', 3000, '', 0, 0),
(6046, 6046, 'Payment', 350, '', 0, 0),
(6047, 6047, 'Payment', 21600, '', 0, 0),
(6048, 6048, 'Payment', 500, 'BOX LOADING CHARGE', 0, 0),
(6049, 6049, 'Payment', 2270, '', 0, 0),
(6050, 6050, 'Payment', 400000, '', 0, 0),
(6057, 6057, 'Receipt', 81400, '', 0, 0),
(6058, 6058, 'Receipt', 50000, '', 0, 0),
(6059, 6059, 'Receipt', 80000, '', 0, 0),
(6060, 6060, 'Receipt', 49070, '11/05/18', 0, 0),
(6061, 6061, 'Receipt', 89050, '13/05/18', 0, 0),
(6074, 6074, 'Payment', 50570, 'CTM BILL & TEA CASH', 0, 0),
(6075, 6075, 'Payment', 500, '', 0, 0),
(6076, 6076, 'Payment', 1000, '', 0, 0),
(6077, 6077, 'Payment', 8000, 'SAHEED HOME', 0, 0),
(6078, 6078, 'Payment', 31080, '', 0, 0),
(6079, 6079, 'Payment', 5000, '', 0, 0),
(6108, 6108, 'Receipt', 30000, '', 0, 0),
(6109, 6109, 'Receipt', 500, '', 0, 0),
(6110, 6110, 'Payment', 6130, '2DAYS RENT', 0, 0),
(6111, 6111, 'Payment', 500, '14/05/18', 0, 0),
(6112, 6112, 'Payment', 3180, '2DAYS', 0, 0),
(6113, 6113, 'Payment', 2280, '', 0, 0),
(6114, 6114, 'Payment', 900, '', 0, 0),
(6115, 6115, 'Payment', 500, '', 0, 0),
(6119, 6119, 'Receipt', 75800, '', 0, 0),
(6120, 6120, 'Receipt', 20250, '', 0, 0),
(6121, 6121, 'Payment', 1000, '2DAYS BATA', 0, 0),
(6303, 6303, 'Receipt', 52130, '2BILL', 0, 0),
(6304, 6304, 'Receipt', 50000, '', 0, 0),
(6305, 6305, 'Receipt', 100200, '', 0, 0),
(6306, 6306, 'Receipt', 100000, '', 0, 0),
(6307, 6307, 'Receipt', 223100, '4BILL 13/05TO 19/05', 0, 0),
(6308, 6308, 'Receipt', 178000, '2BILL BANK', 0, 0),
(6309, 6309, 'Receipt', 5500, '', 0, 0),
(6310, 6310, 'Receipt', 40000, '', 0, 0),
(6311, 6311, 'Receipt', 31500, 'BANK', 0, 0),
(6312, 6312, 'Payment', 500, '', 0, 0),
(6313, 6313, 'Payment', 500, '', 0, 0),
(6314, 6314, 'Payment', 1000, '', 0, 0),
(6315, 6315, 'Payment', 1000, 'MAHEEN', 0, 0),
(6316, 6316, 'Payment', 700, '', 0, 0),
(6317, 6317, 'Payment', 12000, '(54,55,56,57) 4BILL', 0, 0),
(6318, 6318, 'Payment', 3000, '(98)', 0, 0),
(6319, 6319, 'Payment', 57940, '', 0, 0),
(6320, 6320, 'Payment', 5000, 'VADI GOA', 0, 0),
(6321, 6321, 'Payment', 2000, '', 0, 0),
(6322, 6322, 'Payment', 40000, '', 0, 0),
(6323, 6323, 'Payment', 1000000, 'BANK ICICI', 0, 0),
(6392, 6392, 'Receipt', 19140, '', 0, 0),
(6393, 6393, 'Receipt', 70150, '18/05/18', 0, 0),
(6394, 6394, 'Receipt', 70000, '18/05/18', 0, 0),
(6395, 6395, 'Receipt', 35490, '19/05/18', 0, 0),
(6396, 6396, 'Receipt', 49470, '19/05/18', 0, 0),
(6397, 6397, 'Receipt', 33300, '19/05/18', 0, 0),
(6398, 6398, 'Receipt', 54900, '19/05/18', 0, 0),
(6399, 6399, 'Receipt', 15000, 'PRASAD ADVANCE', 0, 0),
(6400, 6400, 'Receipt', 26800, '', 0, 0),
(6426, 6426, 'Payment', 250, '', 0, 0),
(6427, 6427, 'Payment', 3000, '(64)', 0, 0),
(6428, 6428, 'Payment', 56500, '', 0, 0),
(6429, 6429, 'Payment', 5370, '2DAYS', 0, 0),
(6430, 6430, 'Payment', 32230, '', 0, 0),
(6431, 6431, 'Payment', 600, '', 0, 0),
(6432, 6432, 'Payment', 500, '', 0, 0),
(6527, 6527, 'Receipt', 25630, '', 0, 0),
(6528, 6528, 'Receipt', 30000, '', 0, 0),
(6529, 6529, 'Receipt', 205690, '', 0, 0),
(6530, 6530, 'Receipt', 77000, 'BANK', 0, 0),
(6531, 6531, 'Receipt', 125000, '', 0, 0),
(6543, 6543, 'Payment', 1000, '2DAYS BATA', 0, 0),
(6544, 6544, 'Payment', 30000, '', 0, 0),
(6545, 6545, 'Payment', 3430, '2DAYS', 0, 0),
(6546, 6546, 'Payment', 9850, '3DAYS', 0, 0),
(6547, 6547, 'Payment', 30320, '', 0, 0),
(6548, 6548, 'Payment', 500, '', 0, 0),
(6549, 6549, 'Payment', 1000, 'LIYAKATH', 0, 0),
(6550, 6550, 'Payment', 4200, '', 0, 0),
(6551, 6551, 'Payment', 900, '', 0, 0),
(6552, 6552, 'Payment', 3420, '', 0, 0),
(6553, 6553, 'Payment', 500000, 'ICICI BANK', 0, 0),
(6554, 6554, 'Payment', 500, '', 0, 0),
(6605, 6605, 'Receipt', 100100, '', 0, 0),
(6606, 6606, 'Receipt', 15000, '', 0, 0),
(6607, 6607, 'Receipt', 5000, '', 0, 0),
(6608, 6608, 'Receipt', 179500, '3BILL', 0, 0),
(6609, 6609, 'Receipt', 52100, '', 0, 0),
(6610, 6610, 'Receipt', 22200, '20/05/18', 0, 0),
(6611, 6611, 'Receipt', 40550, '20/05/18', 0, 0),
(6612, 6612, 'Receipt', 70050, '19/05/18', 0, 0),
(6625, 6625, 'Payment', 500, '', 0, 0),
(6626, 6626, 'Payment', 1000, '', 0, 0),
(6627, 6627, 'Payment', 9000, '(58,59,60)', 0, 0),
(6628, 6628, 'Payment', 3030, '', 0, 0),
(6629, 6629, 'Payment', 500, '', 0, 0),
(6630, 6630, 'Payment', 17440, '', 0, 0),
(6631, 6631, 'Payment', 500000, 'ICICI BANK', 0, 0),
(6632, 6632, 'Payment', 1000, '', 0, 0),
(6633, 6633, 'Receipt', 38750, 'BANK', 0, 0),
(6634, 6634, 'Payment', 1750, '', 0, 0);
INSERT INTO `tblaccount_voucher_item` (`id_account_voucher_item`, `id_account_voucher`, `narration`, `amount`, `remark`, `_old_balance`, `_today`) VALUES
(6642, 6642, 'Payment', 57000, 'PETTI FAISAL CASH', 0, 0),
(6651, 6651, 'Receipt', 35550, 'BANK', 0, 0),
(6652, 6652, 'Receipt', 50000, 'BANK', 0, 0),
(6653, 6653, 'Receipt', 57000, '19/05/18', 0, 0),
(6654, 6654, 'Receipt', 75000, 'BANK', 0, 0),
(6655, 6655, 'Receipt', 45400, 'BANK', 0, 0),
(6656, 6656, 'Receipt', 200000, 'BANK', 0, 0),
(6667, 6667, 'Payment', 27000, 'KSEB CHARGE AD', 0, 0),
(6668, 6668, 'Payment', 500000, 'ICICI BANK', 0, 0),
(6669, 6669, 'Payment', 4500, '', 0, 0),
(6670, 6670, 'Payment', 12000, '', 0, 0),
(6676, 6676, 'Receipt', 75000, '', 0, 0),
(6677, 6677, 'Receipt', 31500, '', 0, 0),
(6678, 6678, 'Receipt', 76150, '', 0, 0),
(6679, 6679, 'Receipt', 15500, '', 0, 0),
(6680, 6680, 'Receipt', 1500, 'MAHEEN ADVANCE', 0, 0),
(6704, 6704, 'Payment', 1000, '2DAYS', 0, 0),
(6705, 6705, 'Payment', 500, '', 0, 0),
(6706, 6706, 'Payment', 2000, '', 0, 0),
(6707, 6707, 'Payment', 600, '', 0, 0),
(6708, 6708, 'Payment', 2650, '', 0, 0),
(6709, 6709, 'Payment', 2100, '', 0, 0),
(6710, 6710, 'Payment', 1200, '', 0, 0),
(6711, 6711, 'Payment', 720, '', 0, 0),
(6712, 6712, 'Payment', 8630, '3DAYS', 0, 0),
(6713, 6713, 'Payment', 680, '', 0, 0),
(6714, 6714, 'Payment', 200, '', 0, 0),
(6718, 6718, 'Receipt', 102890, '', 0, 0),
(6719, 6719, 'Receipt', 80300, '', 0, 0),
(6722, 6722, 'Payment', 10000, 'VADI GOA', 0, 0),
(6723, 6723, 'Payment', 500, '', 0, 0),
(6724, 6724, 'Payment', 57570, '', 0, 0),
(6725, 6725, 'Receipt', 413150, '', 0, 0),
(6732, 6732, 'Payment', 700000, 'ICICI BANK', 0, 0),
(6733, 6733, 'Payment', 2000, '', 0, 0),
(6734, 6734, 'Payment', 1800, 'RAJAN DIESEL GABYS', 0, 0),
(6789, 6789, 'Receipt', 40000, '', 0, 0),
(6790, 6790, 'Receipt', 25000, 'BANK', 0, 0),
(6791, 6791, 'Receipt', 17630, '', 0, 0),
(6792, 6792, 'Receipt', 1000, '', 0, 0),
(6793, 6793, 'Receipt', 19290, '20/05/18', 0, 0),
(6794, 6794, 'Receipt', 75000, 'BANK', 0, 0),
(6795, 6795, 'Receipt', 100000, 'BANK', 0, 0),
(6796, 6796, 'Receipt', 100000, 'BANK', 0, 0),
(6808, 6808, 'Payment', 28450, '', 0, 0),
(6809, 6809, 'Payment', 350000, 'ICICI BANK', 0, 0),
(6810, 6810, 'Payment', 5000, '', 0, 0),
(6811, 6811, 'Payment', 25000, 'RAJAN AD INDIAN BANK', 0, 0),
(6812, 6812, 'Receipt', 108150, '', 0, 0),
(6838, 6838, 'Payment', 3000, '(61)', 0, 0),
(6839, 6839, 'Payment', 500, '', 0, 0),
(6840, 6840, 'Payment', 330, '', 0, 0),
(6841, 6841, 'Payment', 420, '', 0, 0),
(6842, 6842, 'Payment', 2000, '', 0, 0),
(6843, 6843, 'Receipt', 75000, '', 0, 0),
(6844, 6844, 'Payment', 24000, '', 0, 0),
(6845, 6845, 'Receipt', 25000, '', 0, 0),
(6846, 6846, 'Receipt', 500, '', 0, 0),
(6847, 6847, 'Payment', 500, '', 0, 0),
(6848, 6848, 'Payment', 500, '', 0, 0),
(6853, 6853, 'Receipt', 100000, '', 0, 0),
(6854, 6854, 'Receipt', 50000, '', 0, 0),
(6874, 6874, 'Payment', 4940, '', 0, 0),
(6875, 6875, 'Payment', 5850, '', 0, 0),
(6876, 6876, 'Payment', 15000, 'ADVANCE', 0, 0),
(6877, 6877, 'Receipt', 50000, 'BANK', 0, 0),
(6878, 6878, 'Receipt', 50000, 'BANK', 0, 0),
(6879, 6879, 'Receipt', 18490, '', 0, 0),
(6886, 6886, 'Payment', 2000, '', 0, 0),
(6887, 6887, 'Payment', 1000, '', 0, 0),
(6888, 6888, 'Payment', 2000, 'EXPENSE RAJAN', 0, 0),
(6889, 6889, 'Receipt', 12000, 'PAPPADAM', 0, 0),
(6890, 6890, 'Receipt', 46420, 'BANK', 0, 0),
(6897, 6897, 'Payment', 500, '', 0, 0),
(6898, 6898, 'Payment', 300, '', 0, 0),
(6899, 6899, 'Payment', 4000, 'VADI BATA CLOSED', 0, 0),
(6901, 6901, 'Payment', 100000, 'BANK', 0, 0),
(6902, 6902, 'Payment', 2000, '', 0, 0),
(6903, 6903, 'Receipt', 25000, 'BANK', 0, 0),
(6904, 6904, 'Receipt', 35000, '', 0, 0),
(6907, 6907, 'Receipt', 30000, '', 0, 0),
(6908, 6908, 'Receipt', 300000, '', 0, 0),
(6920, 6920, 'Payment', 30000, '', 0, 0),
(6921, 6921, 'Payment', 1000, 'KOCHI EXPENSE', 0, 0),
(6922, 6922, 'Payment', 4950, 'BOX LOAD', 0, 0),
(6925, 6925, 'Receipt', 13500, '', 0, 0),
(6926, 6926, 'Payment', 3500, '', 0, 0),
(6927, 6927, 'Payment', 8500, '', 0, 0),
(6928, 6928, 'Payment', 5000, '', 0, 0),
(6955, 6955, 'Payment', 15000, 'ANAS', 0, 0),
(6956, 6956, 'Payment', 2700, '', 0, 0),
(6957, 6957, 'Payment', 3800, '', 0, 0),
(7049, 7049, 'Receipt', 15000, '', 0, 0),
(7050, 7050, 'Receipt', 25000, '', 0, 0),
(7051, 7051, 'Receipt', 257140, '', 0, 0),
(7052, 7052, 'Receipt', 21250, '', 0, 0),
(7077, 7077, 'Payment', 500, '', 0, 0),
(7078, 7078, 'Payment', 400, 'IDEA RECHARGE', 0, 0),
(7079, 7079, 'Payment', 4160, '', 0, 0),
(7080, 7080, 'Payment', 16120, '', 0, 0),
(7081, 7081, 'Payment', 14880, '', 0, 0),
(7082, 7082, 'Payment', 20000, '', 0, 0),
(7083, 7083, 'Payment', 2670, '5323,4617', 0, 0),
(7084, 7084, 'Payment', 32000, '', 0, 0),
(7085, 7085, 'Payment', 5000, 'VADI ADVANCE', 0, 0),
(7086, 7086, 'Payment', 2000, '', 0, 0),
(7087, 7087, 'Payment', 500, '', 0, 0),
(7172, 7172, 'Receipt', 500, '', 0, 0),
(7173, 7173, 'Receipt', 11650, '', 0, 0),
(7174, 7174, 'Receipt', 78650, '', 0, 0),
(7175, 7175, 'Receipt', 55800, '', 0, 0),
(7176, 7176, 'Receipt', 182700, '', 0, 0),
(7177, 7177, 'Receipt', 15000, '', 0, 0),
(7178, 7178, 'Receipt', 500, '', 0, 0),
(7179, 7179, 'Payment', 134450, 'HARIPPAD & RC', 0, 0),
(7180, 7180, 'Payment', 1330, 'MABROOK', 0, 0),
(7181, 7181, 'Payment', 25350, 'RAFEEK', 0, 0),
(7182, 7182, 'Payment', 740, '', 0, 0),
(7183, 7183, 'Payment', 15000, 'NAZAR KURICHI BILL  14/06/2018', 0, 0),
(7184, 7184, 'Payment', 500, '', 0, 0),
(7185, 7185, 'Payment', 27840, 'ANAS', 0, 0),
(7287, 7287, 'Receipt', 95000, '', 0, 0),
(7288, 7288, 'Receipt', 4000, '', 0, 0),
(7289, 7289, 'Receipt', 500, 'SUDHEER C/O HAROON AD', 0, 0),
(7290, 7290, 'Receipt', 6700, 'SOMAN', 0, 0),
(7291, 7291, 'Receipt', 75000, '', 0, 0),
(7292, 7292, 'Receipt', 144900, '', 0, 0),
(7293, 7293, 'Payment', 20000, '17/06/18', 0, 0),
(7294, 7294, 'Payment', 500, 'SUDEER PUNNAPRA BILL AD', 0, 0),
(7295, 7295, 'Payment', 2660, 'SOUPARNIKA, 5906', 0, 0),
(7296, 7296, 'Payment', 270, '', 0, 0),
(7297, 7297, 'Payment', 3950, 'RC C/O VADI', 0, 0),
(7298, 7298, 'Payment', 35000, 'JANARDANAN', 0, 0),
(7299, 7299, 'Payment', 200, 'DMO OFFICE ALPY', 0, 0),
(7300, 7300, 'Payment', 1000, 'ADVANCE', 0, 0),
(7544, 7544, 'Receipt', 5000, '', 0, 0),
(7545, 7545, 'Receipt', 12000, '', 0, 0),
(7546, 7546, 'Receipt', 50500, '', 0, 0),
(7547, 7547, 'Receipt', 100000, '', 0, 0),
(7548, 7548, 'Receipt', 76720, '', 0, 0),
(7549, 7549, 'Payment', 500, '', 0, 0),
(7550, 7550, 'Payment', 8470, '2DAYS', 0, 0),
(7551, 7551, 'Payment', 7070, '2DAYS RENT', 0, 0),
(7552, 7552, 'Payment', 550, '', 0, 0),
(7553, 7553, 'Payment', 24170, 'LIYAKATH', 0, 0),
(7554, 7554, 'Payment', 2000, '', 0, 0),
(7555, 7555, 'Payment', 500, '', 0, 0),
(7556, 7556, 'Payment', 900, '', 0, 0),
(7557, 7557, 'Payment', 12120, '5923', 0, 0),
(7558, 7558, 'Payment', 1330, '4617', 0, 0),
(7559, 7559, 'Payment', 3190, '', 0, 0),
(7560, 7560, 'Payment', 50000, 'RAJAN AD BANK', 0, 0),
(7561, 7561, 'Payment', 15600, '', 0, 0),
(7562, 7562, 'Payment', 26820, '', 0, 0),
(7587, 7587, 'Receipt', 30000, '', 0, 0),
(7588, 7588, 'Receipt', 1000, '', 0, 0),
(7589, 7589, 'Receipt', 50000, '', 0, 0),
(7590, 7590, 'Receipt', 124100, '', 0, 0),
(7591, 7591, 'Receipt', 210450, '2BILL', 0, 0),
(7671, 7671, 'Payment', 21900, '', 0, 0),
(7672, 7672, 'Payment', 50000, 'HARIPPAD BILL', 0, 0),
(7673, 7673, 'Payment', 6000, '(63,64)', 0, 0),
(7674, 7674, 'Payment', 600, '', 0, 0),
(7675, 7675, 'Payment', 35000, '', 0, 0),
(7676, 7676, 'Payment', 3380, '', 0, 0),
(7677, 7677, 'Payment', 470, '', 0, 0),
(7678, 7678, 'Payment', 1000000, 'BANK', 0, 0),
(7747, 7747, 'Receipt', 42200, '', 0, 0),
(7748, 7748, 'Receipt', 100000, '', 0, 0),
(7749, 7749, 'Receipt', 2500, 'PAPPADAM', 0, 0),
(7750, 7750, 'Receipt', 10000, '', 0, 0),
(7751, 7751, 'Payment', 500, '', 0, 0),
(7752, 7752, 'Payment', 500, '', 0, 0),
(7753, 7753, 'Payment', 500, '', 0, 0),
(7754, 7754, 'Payment', 4110, '', 0, 0),
(7755, 7755, 'Payment', 2700, '', 0, 0),
(7756, 7756, 'Payment', 2700, '', 0, 0),
(7757, 7757, 'Payment', 3390, '', 0, 0),
(7758, 7758, 'Payment', 4030, '20/06/18,21/06/18', 0, 0),
(7759, 7759, 'Payment', 31100, '', 0, 0),
(7760, 7760, 'Payment', 1000, '18/06/18', 0, 0),
(7761, 7761, 'Payment', 20000, '', 0, 0),
(7762, 7762, 'Payment', 500000, 'ICICI BANK', 0, 0),
(7900, 7900, 'Payment', 2200, '', 0, 0),
(7901, 7901, 'Payment', 500, '', 0, 0),
(7902, 7902, 'Payment', 3480, '', 0, 0),
(7903, 7903, 'Payment', 4160, '', 0, 0),
(7904, 7904, 'Payment', 1000, '2days', 0, 0),
(7905, 7905, 'Payment', 19020, '', 0, 0),
(7906, 7906, 'Payment', 27190, '', 0, 0),
(7907, 7907, 'Payment', 34000, '', 0, 0),
(7908, 7908, 'Payment', 10000, '', 0, 0),
(7909, 7909, 'Payment', 30000, '', 0, 0),
(7910, 7910, 'Payment', 1330, '4617 KNH', 0, 0),
(7911, 7911, 'Payment', 3000, '(35)', 0, 0),
(7912, 7912, 'Payment', 1260, '', 0, 0),
(7913, 7913, 'Receipt', 104450, '', 0, 0),
(7914, 7914, 'Receipt', 35360, '', 0, 0),
(7915, 7915, 'Receipt', 24800, '', 0, 0),
(7916, 7916, 'Receipt', 130000, '', 0, 0),
(7917, 7917, 'Receipt', 150000, 'BANK', 0, 0),
(7960, 7960, 'Receipt', 100000, '', 0, 0),
(7961, 7961, 'Receipt', 70000, '', 0, 0),
(7962, 7962, 'Receipt', 127200, '', 0, 0),
(7963, 7963, 'Receipt', 126000, '', 0, 0),
(7964, 7964, 'Receipt', 69000, '', 0, 0),
(7965, 7965, 'Receipt', 75000, 'BANK 22/06/18', 0, 0),
(7966, 7966, 'Receipt', 103650, '', 0, 0),
(7967, 7967, 'Receipt', 3400, 'C/O NISAM', 0, 0),
(8008, 8008, 'Payment', 4360, 'BOX & BILL COLLECT', 0, 0),
(8009, 8009, 'Payment', 500, 'bill collect', 0, 0),
(8010, 8010, 'Payment', 20000, '', 0, 0),
(8011, 8011, 'Payment', 500, '', 0, 0),
(8012, 8012, 'Payment', 600, 'CALCULETER', 0, 0),
(8013, 8013, 'Payment', 500, '', 0, 0),
(8014, 8014, 'Payment', 30000, 'ADVANCE', 0, 0),
(8015, 8015, 'Payment', 20000, 'ADVANCE', 0, 0),
(8016, 8016, 'Payment', 35000, '', 0, 0),
(8019, 8019, 'Payment', 25000, 'MANOJ', 0, 0),
(8020, 8020, 'Payment', 2500, 'MAMU ADVANCE', 0, 0),
(8030, 8030, 'Receipt', 70000, '', 0, 0),
(8031, 8031, 'Receipt', 70000, '', 0, 0),
(8032, 8032, 'Receipt', 125000, '', 0, 0),
(8063, 8063, 'Payment', 161200, 'BANK', 0, 0),
(8064, 8064, 'Payment', 12000, '', 0, 0),
(8065, 8065, 'Payment', 800000, 'BANK SBI', 0, 0),
(8066, 8066, 'Payment', 2800, '', 0, 0),
(8067, 8067, 'Payment', 10000, '', 0, 0),
(8068, 8068, 'Payment', 1800, '', 0, 0),
(8069, 8069, 'Payment', 200, '', 0, 0),
(8086, 8086, 'Receipt', 582520, '', 0, 0),
(8087, 8087, 'Receipt', 138770, '', 0, 0),
(8088, 8088, 'Receipt', 15000, '', 0, 0),
(8089, 8089, 'Receipt', 50000, '', 0, 0),
(8090, 8090, 'Receipt', 125000, '', 0, 0),
(8187, 8187, 'Payment', 30000, '10 PIDUTHAM (100)', 0, 0),
(8188, 8188, 'Payment', 2260, '', 0, 0),
(8189, 8189, 'Payment', 500, '', 0, 0),
(8190, 8190, 'Payment', 440, '', 0, 0),
(8191, 8191, 'Payment', 23450, '', 0, 0),
(8192, 8192, 'Payment', 20000, '', 0, 0),
(8193, 8193, 'Payment', 20000, 'ADVANCE', 0, 0),
(8194, 8194, 'Payment', 9550, '2DAYS ', 0, 0),
(8195, 8195, 'Payment', 5000, 'VADI ADVANCE', 0, 0),
(8196, 8196, 'Payment', 500, 'AYIRAMTHENGU', 0, 0),
(8197, 8197, 'Payment', 500000, 'BANK', 0, 0),
(8254, 8254, 'Receipt', 100000, '', 0, 0),
(8255, 8255, 'Receipt', 20000, '', 0, 0),
(8256, 8256, 'Receipt', 29200, '', 0, 0),
(8257, 8257, 'Receipt', 14000, '', 0, 0),
(8258, 8258, 'Receipt', 50000, '', 0, 0),
(8259, 8259, 'Receipt', 106000, '', 0, 0),
(8260, 8260, 'Receipt', 37900, '', 0, 0),
(8261, 8261, 'Receipt', 38460, '', 0, 0),
(8262, 8262, 'Payment', 1330, '', 0, 0),
(8263, 8263, 'Payment', 700, '', 0, 0),
(8264, 8264, 'Payment', 43460, '', 0, 0),
(8332, 8332, 'Payment', 1100, 'MAMU', 0, 0),
(8333, 8333, 'Payment', 500, '', 0, 0),
(8334, 8334, 'Payment', 2000, 'VADI AD', 0, 0),
(8335, 8335, 'Payment', 21000, '', 0, 0),
(8336, 8336, 'Payment', 20000, '', 0, 0),
(8337, 8337, 'Payment', 4640, '', 0, 0),
(8338, 8338, 'Payment', 600, '', 0, 0),
(8339, 8339, 'Payment', 25000, '', 0, 0),
(8340, 8340, 'Payment', 500000, '', 0, 0),
(8341, 8341, 'Payment', 1330, '', 0, 0),
(8342, 8342, 'Payment', 4000, 'INNOVA CLAIM KOTTAYAM, SCOOTER INSURANCE&SERVICE', 0, 0),
(8343, 8343, 'Receipt', 64300, '', 0, 0),
(8344, 8344, 'Receipt', 10000, '', 0, 0),
(8345, 8345, 'Receipt', 237100, '', 0, 0),
(8496, 8496, 'Receipt', 25000, '', 0, 0),
(8497, 8497, 'Receipt', 100000, '', 0, 0),
(8498, 8498, 'Receipt', 194400, '', 0, 0),
(8499, 8499, 'Receipt', 75000, '', 0, 0),
(8500, 8500, 'Receipt', 165000, '', 0, 0),
(8501, 8501, 'Receipt', 38460, '', 0, 0),
(8502, 8502, 'Receipt', 400, '', 0, 0),
(8503, 8503, 'Receipt', 500, '', 0, 0),
(8504, 8504, 'Payment', 5810, '', 0, 0),
(8505, 8505, 'Payment', 1000, '2DAYS', 0, 0),
(8506, 8506, 'Payment', 100000, 'AD', 0, 0),
(8507, 8507, 'Payment', 1370, '', 0, 0),
(8508, 8508, 'Payment', 20080, '', 0, 0),
(8509, 8509, 'Payment', 33850, '', 0, 0),
(8510, 8510, 'Payment', 10000, '', 0, 0),
(8511, 8511, 'Payment', 500000, 'BANK ICICI', 0, 0),
(8512, 8512, 'Payment', 53520, '', 0, 0),
(8513, 8513, 'Payment', 28780, '', 0, 0),
(8514, 8514, 'Payment', 1330, '5906', 0, 0),
(8524, 8524, 'Receipt', 50000, '', 0, 0),
(8525, 8525, 'Receipt', 45450, '', 0, 0),
(8526, 8526, 'Receipt', 55000, '', 0, 0),
(8527, 8527, 'Receipt', 100000, 'BANK', 0, 0),
(8535, 8535, 'Payment', 50000, 'HARIPPAD CASH', 0, 0),
(8536, 8536, 'Payment', 700, '', 0, 0),
(8537, 8537, 'Payment', 700, 'BILL COLLECT', 0, 0),
(8623, 8623, 'Receipt', 50000, '', 0, 0),
(8624, 8624, 'Receipt', 5800, '', 0, 0),
(8625, 8625, 'Receipt', 5000, '30/06', 0, 0),
(8626, 8626, 'Receipt', 283800, '', 0, 0),
(8627, 8627, 'Receipt', 186750, '', 0, 0),
(8697, 8697, 'Payment', 500, '', 0, 0),
(8698, 8698, 'Payment', 1500, '', 0, 0),
(8699, 8699, 'Payment', 22160, '', 0, 0),
(8700, 8700, 'Payment', 2000, 'VADI', 0, 0),
(8701, 8701, 'Payment', 20200, '30/06', 0, 0),
(8702, 8702, 'Payment', 1000, 'HOSPITAL ', 0, 0),
(8703, 8703, 'Payment', 500, '', 0, 0),
(8704, 8704, 'Payment', 1200, 'GOA', 0, 0),
(8705, 8705, 'Payment', 50000, '', 0, 0),
(8706, 8706, 'Payment', 232600, 'GOA BILL', 0, 0),
(8707, 8707, 'Payment', 53900, 'CTM BILL', 0, 0),
(8708, 8708, 'Payment', 1400, '4617', 0, 0),
(8709, 8709, 'Payment', 25000, '', 0, 0),
(8760, 8760, 'Receipt', 5000, 'PAPPADAM', 0, 0),
(8761, 8761, 'Receipt', 28000, '', 0, 0),
(8762, 8762, 'Receipt', 76100, '', 0, 0),
(8763, 8763, 'Receipt', 50000, '', 0, 0),
(8764, 8764, 'Receipt', 25000, '', 0, 0),
(8765, 8765, 'Receipt', 30000, 'PAPPADAM', 0, 0),
(8766, 8766, 'Receipt', 223000, '', 0, 0),
(8802, 8802, 'Payment', 28000, 'HARIPPAD BILL', 0, 0),
(8803, 8803, 'Payment', 5950, '2DAYS', 0, 0),
(8804, 8804, 'Payment', 13000, '', 0, 0),
(8805, 8805, 'Payment', 210000, 'GOA BILL', 0, 0),
(8806, 8806, 'Payment', 3700, '', 0, 0),
(8807, 8807, 'Payment', 10000, 'BANK', 0, 0),
(8808, 8808, 'Payment', 26210, '', 0, 0),
(8809, 8809, 'Payment', 5000, '', 0, 0),
(8810, 8810, 'Payment', 800000, 'BANK', 0, 0),
(8817, 8817, 'Payment', 2000, '02/07/18', 0, 0),
(8818, 8818, 'Payment', 700, '02/07/18', 0, 0),
(8819, 8819, 'Payment', 2700, 'MABROOK 4617', 0, 0),
(9338, 9338, 'Receipt', 59550, '', 0, 0),
(9339, 9339, 'Receipt', 59400, '', 0, 0),
(9340, 9340, 'Receipt', 41900, '', 0, 0),
(9341, 9341, 'Receipt', 3200, '03/07/18', 0, 0),
(9342, 9342, 'Receipt', 35000, '', 0, 0),
(9343, 9343, 'Receipt', 95300, '', 0, 0),
(9344, 9344, 'Receipt', 100000, '03/07/18', 0, 0),
(9345, 9345, 'Receipt', 51100, '', 0, 0),
(9346, 9346, 'Receipt', 98530, '3BILL', 0, 0),
(9347, 9347, 'Receipt', 2000, '', 0, 0),
(9348, 9348, 'Receipt', 3500, '', 0, 0),
(9349, 9349, 'Receipt', 169900, 'BANK', 0, 0),
(9395, 9395, 'Payment', 3000, '(36)', 0, 0),
(9396, 9396, 'Payment', 500, '', 0, 0),
(9397, 9397, 'Payment', 3050, '', 0, 0),
(9398, 9398, 'Payment', 27280, '', 0, 0),
(9399, 9399, 'Payment', 500, '', 0, 0),
(9400, 9400, 'Payment', 3530, '', 0, 0),
(9401, 9401, 'Payment', 57910, '', 0, 0),
(9402, 9402, 'Payment', 1500, '3DAYS', 0, 0),
(9403, 9403, 'Payment', 7000, '2VEHICLE RENT', 0, 0),
(9404, 9404, 'Payment', 500, '', 0, 0),
(9405, 9405, 'Payment', 500, '', 0, 0),
(9406, 9406, 'Payment', 500, '', 0, 0),
(9407, 9407, 'Payment', 2500, '', 0, 0),
(9408, 9408, 'Payment', 3550, '', 0, 0),
(9409, 9409, 'Payment', 1000, '', 0, 0),
(9410, 9410, 'Payment', 1700, 'PATHANAPURAM', 0, 0),
(9411, 9411, 'Payment', 500, '', 0, 0),
(9412, 9412, 'Payment', 730, 'PRINT INK', 0, 0),
(9413, 9413, 'Payment', 250, '2/6/18', 0, 0),
(9414, 9414, 'Payment', 1580, '', 0, 0),
(9415, 9415, 'Payment', 10000, 'AD', 0, 0),
(9416, 9416, 'Payment', 1900, '', 0, 0),
(9417, 9417, 'Payment', 1350, 'SODA', 0, 0),
(9418, 9418, 'Payment', 30000, '', 0, 0),
(9419, 9419, 'Payment', 500000, 'BANK', 0, 0),
(9477, 9477, 'Receipt', 46500, '', 0, 0),
(9478, 9478, 'Receipt', 110100, '', 0, 0),
(9479, 9479, 'Receipt', 40000, '', 0, 0),
(9480, 9480, 'Payment', 4000, '', 0, 0),
(9481, 9481, 'Payment', 500, '', 0, 0),
(9482, 9482, 'Payment', 2650, '', 0, 0),
(9483, 9483, 'Payment', 1100, '', 0, 0),
(9484, 9484, 'Payment', 500, 'PRIMER PAINT', 0, 0),
(9485, 9485, 'Payment', 6000, '(65,66)', 0, 0),
(9486, 9486, 'Payment', 194940, 'BANK', 0, 0),
(9487, 9487, 'Payment', 10000, 'BANK', 0, 0),
(9592, 9592, 'Receipt', 29640, '', 0, 0),
(9593, 9593, 'Receipt', 20000, '', 0, 0),
(9594, 9594, 'Receipt', 30000, '', 0, 0),
(9595, 9595, 'Receipt', 25000, 'HASHIM AD', 0, 0),
(9596, 9596, 'Receipt', 150000, '', 0, 0),
(9597, 9597, 'Receipt', 21150, 'CHETTI ABBAS BANK', 0, 0),
(9598, 9598, 'Receipt', 112050, '', 0, 0),
(9599, 9599, 'Receipt', 95000, '', 0, 0),
(9600, 9600, 'Receipt', 10000, '', 0, 0),
(9620, 9620, 'Payment', 20000, '05/07/18', 0, 0),
(9621, 9621, 'Payment', 1050, 'WATER TEST FEES & EXPENSE', 0, 0),
(9622, 9622, 'Payment', 500, '', 0, 0),
(9623, 9623, 'Payment', 65020, '2TRIP', 0, 0),
(9624, 9624, 'Payment', 35000, '', 0, 0),
(9625, 9625, 'Payment', 2660, '5923, IPL MALPE', 0, 0),
(9626, 9626, 'Payment', 500, '', 0, 0),
(9627, 9627, 'Payment', 500, '', 0, 0),
(9628, 9628, 'Payment', 400000, 'BANK', 0, 0),
(9629, 9629, 'Payment', 1150, '', 0, 0),
(9837, 9837, 'Receipt', 75000, '', 0, 0),
(9838, 9838, 'Receipt', 32800, '', 0, 0),
(9839, 9839, 'Receipt', 153000, '', 0, 0),
(9840, 9840, 'Receipt', 50000, '', 0, 0),
(9841, 9841, 'Receipt', 70000, '', 0, 0),
(9842, 9842, 'Receipt', 30000, '', 0, 0),
(9843, 9843, 'Receipt', 74600, '', 0, 0),
(9844, 9844, 'Receipt', 40000, '', 0, 0),
(9845, 9845, 'Payment', 3000, '(67)', 0, 0),
(9846, 9846, 'Payment', 3230, '06/07/18', 0, 0),
(9847, 9847, 'Payment', 500, '', 0, 0),
(9848, 9848, 'Payment', 9370, '2DAYS', 0, 0),
(9849, 9849, 'Payment', 500, '', 0, 0),
(9850, 9850, 'Payment', 3320, '06/07/18', 0, 0),
(9851, 9851, 'Payment', 700, '', 0, 0),
(9852, 9852, 'Payment', 500, '', 0, 0),
(9853, 9853, 'Payment', 2950, '2DAYS PATHANAPURAM', 0, 0),
(9854, 9854, 'Payment', 300, '5923', 0, 0),
(9855, 9855, 'Payment', 1200, '', 0, 0),
(9856, 9856, 'Payment', 650, '', 0, 0),
(9857, 9857, 'Payment', 500000, 'BANK', 0, 0),
(9858, 9858, 'Receipt', 20000, '', 0, 0),
(9928, 9928, 'Payment', 2000, 'PAZHAYANGADY KANJI', 0, 0),
(9929, 9929, 'Payment', 15000, '', 0, 0),
(9930, 9930, 'Payment', 200, '', 0, 0),
(9931, 9931, 'Payment', 20000, '', 0, 0),
(9932, 9932, 'Payment', 250000, '', 0, 0),
(9941, 9941, 'Receipt', 150000, '', 0, 0),
(9942, 9942, 'Receipt', 7000, '', 0, 0),
(9943, 9943, 'Receipt', 35000, '', 0, 0),
(9944, 9944, 'Receipt', 40000, '', 0, 0),
(9945, 9945, 'Receipt', 20000, '', 0, 0),
(9946, 9946, 'Receipt', 53300, '7/7/18 BANK', 0, 0),
(9947, 9947, 'Receipt', 40000, '06/06/18', 0, 0),
(9948, 9948, 'Receipt', 170000, '', 0, 0),
(9949, 9949, 'Receipt', 27100, '', 0, 0),
(9959, 9959, 'Payment', 800, 'CASH COLLECT', 0, 0),
(9960, 9960, 'Payment', 3750, 'BILL & BOX COLLECT', 0, 0),
(9961, 9961, 'Payment', 40000, 'NISAR C/O RAJAN AD', 0, 0),
(9962, 9962, 'Payment', 200, 'CASH COLLECT', 0, 0),
(9963, 9963, 'Payment', 10000, '', 0, 0),
(9964, 9964, 'Payment', 30000, '', 0, 0),
(9965, 9965, 'Payment', 5000, '', 0, 0),
(9966, 9966, 'Payment', 200000, 'BANK', 0, 0),
(9967, 9967, 'Payment', 70000, 'HARIPPAD BILL', 0, 0),
(9968, 9968, 'Payment', 800, 'PLANT REGISRATION', 0, 0),
(10026, 10026, 'Payment', 1000, 'ABU', 0, 0),
(10027, 10027, 'Payment', 1000, 'NIZAM', 0, 0),
(10028, 10028, 'Payment', 2000, '', 0, 0),
(10029, 10029, 'Payment', 2000, '', 0, 0),
(10030, 10030, 'Payment', 250, '', 0, 0),
(10031, 10031, 'Payment', 500, '', 0, 0),
(10032, 10032, 'Payment', 600, '', 0, 0),
(10033, 10033, 'Payment', 7510, '', 0, 0),
(10034, 10034, 'Receipt', 222260, '2BILL', 0, 0),
(10035, 10035, 'Receipt', 31050, '', 0, 0),
(10036, 10036, 'Receipt', 50000, '', 0, 0),
(10037, 10037, 'Receipt', 900, '', 0, 0),
(10149, 10149, 'Receipt', 30000, '', 0, 0),
(10150, 10150, 'Receipt', 208110, '', 0, 0),
(10151, 10151, 'Receipt', 450000, 'ADVANCE BANK 10/07/18', 0, 0),
(10152, 10152, 'Receipt', 213540, '', 0, 0),
(10241, 10241, 'Payment', 3840, '', 0, 0),
(10242, 10242, 'Payment', 1000, '', 0, 0),
(10243, 10243, 'Payment', 1000, 'SERVICE', 0, 0),
(10244, 10244, 'Payment', 8000, '', 0, 0),
(10245, 10245, 'Payment', 6220, '2DAYS', 0, 0),
(10246, 10246, 'Payment', 400000, 'BANK', 0, 0),
(10247, 10247, 'Payment', 700000, 'BANK', 0, 0),
(10248, 10248, 'Payment', 10000, '', 0, 0),
(10249, 10249, 'Payment', 600, '', 0, 0),
(10250, 10250, 'Payment', 1000, '2DAYS', 0, 0),
(10251, 10251, 'Payment', 6140, '', 0, 0),
(10252, 10252, 'Payment', 3000, 'villege office', 0, 0),
(10467, 10467, 'Receipt', 14100, '', 0, 0),
(10468, 10468, 'Receipt', 24000, '', 0, 0),
(10469, 10469, 'Receipt', 54560, '11/07/18', 0, 0),
(10470, 10470, 'Receipt', 88820, '11/07/18', 0, 0),
(10471, 10471, 'Receipt', 210550, '11/07/18', 0, 0),
(10472, 10472, 'Receipt', 40000, '', 0, 0),
(10473, 10473, 'Receipt', 290000, '11/07/18', 0, 0),
(10474, 10474, 'Receipt', 250000, 'BANK', 0, 0),
(10475, 10475, 'Receipt', 5000, '', 0, 0),
(10476, 10476, 'Receipt', 15680, '', 0, 0),
(10477, 10477, 'Receipt', 196550, '', 0, 0),
(10478, 10478, 'Receipt', 10000, '', 0, 0),
(10479, 10479, 'Payment', 21100, 'NSM AD 5000, BILL', 0, 0),
(10480, 10480, 'Payment', 3000, '(56)', 0, 0),
(10481, 10481, 'Payment', 290000, '11/07/18', 0, 0),
(10482, 10482, 'Payment', 1200, '2DAYS', 0, 0),
(10483, 10483, 'Payment', 9060, '3DAYS', 0, 0),
(10484, 10484, 'Payment', 500000, '150000 ansil ', 0, 0),
(10485, 10485, 'Payment', 2500, '', 0, 0),
(10486, 10486, 'Payment', 1100, 'VILLEGE OFFICE', 0, 0),
(10487, 10487, 'Payment', 1200, '4617', 0, 0),
(10488, 10488, 'Payment', 600, '', 0, 0),
(10489, 10489, 'Payment', 500, '', 0, 0),
(10490, 10490, 'Payment', 30770, '', 0, 0),
(10510, 10510, 'Receipt', 340500, '', 0, 0),
(10511, 10511, 'Payment', 13710, 'ANAS', 0, 0),
(10512, 10512, 'Payment', 1000, 'BABU ALPY', 0, 0),
(10513, 10513, 'Payment', 400000, 'BANK', 0, 0),
(10514, 10514, 'Payment', 500000, ' BANK', 0, 0),
(10515, 10515, 'Payment', 4000, 'KMH TYRE', 0, 0),
(10521, 10521, 'Receipt', 500000, 'HSM VEHICLE', 0, 0),
(10522, 10522, 'Receipt', 30000, 'MAAMU', 0, 0),
(10523, 10523, 'Receipt', 50000, '', 0, 0),
(10524, 10524, 'Payment', 30000, '', 0, 0),
(10525, 10525, 'Payment', 50000, 'C/O HAROON', 0, 0),
(10675, 10675, 'Receipt', 83500, '', 0, 0),
(10676, 10676, 'Receipt', 30000, '', 0, 0),
(10677, 10677, 'Receipt', 36700, '', 0, 0),
(10678, 10678, 'Receipt', 139900, '', 0, 0),
(10679, 10679, 'Receipt', 199770, '', 0, 0),
(10680, 10680, 'Receipt', 23100, '', 0, 0),
(10681, 10681, 'Receipt', 14500, '', 0, 0),
(10682, 10682, 'Receipt', 68350, '', 0, 0),
(10683, 10683, 'Receipt', 151200, '', 0, 0),
(10684, 10684, 'Receipt', 8150, '', 0, 0),
(10739, 10739, 'Payment', 3000, '(57)', 0, 0),
(10740, 10740, 'Payment', 3000, '(68)', 0, 0),
(10741, 10741, 'Payment', 3450, '', 0, 0),
(10742, 10742, 'Payment', 500, '', 0, 0),
(10743, 10743, 'Payment', 1080, '(12/07/18)', 0, 0),
(10744, 10744, 'Payment', 600, '', 0, 0),
(10745, 10745, 'Payment', 500, '', 0, 0),
(10746, 10746, 'Payment', 600, '', 0, 0),
(10747, 10747, 'Payment', 9800, '', 0, 0),
(10748, 10748, 'Payment', 4120, '', 0, 0),
(10749, 10749, 'Payment', 7290, '', 0, 0),
(10750, 10750, 'Payment', 25000, 'ANEESH', 0, 0),
(10902, 10902, 'Receipt', 12950, '', 0, 0),
(10903, 10903, 'Receipt', 23500, '', 0, 0),
(10904, 10904, 'Receipt', 60000, '', 0, 0),
(10905, 10905, 'Receipt', 20000, '', 0, 0),
(10906, 10906, 'Receipt', 41000, '', 0, 0),
(10907, 10907, 'Receipt', 8500, 'MABROOK AD', 0, 0),
(10908, 10908, 'Receipt', 1000000, 'BANK', 0, 0),
(10943, 10943, 'Payment', 1500, 'SERVICE', 0, 0),
(10944, 10944, 'Payment', 500, '', 0, 0),
(10945, 10945, 'Payment', 500, '', 0, 0),
(10946, 10946, 'Payment', 500, 'RAMEEZ', 0, 0),
(10947, 10947, 'Payment', 500, '', 0, 0),
(10948, 10948, 'Payment', 2500, '', 0, 0),
(10949, 10949, 'Payment', 49030, '', 0, 0),
(10950, 10950, 'Payment', 215200, '', 0, 0),
(10951, 10951, 'Payment', 500000, 'BANK', 0, 0),
(10952, 10952, 'Payment', 500000, 'BANK', 0, 0),
(10953, 10953, 'Payment', 18000, '', 0, 0),
(10954, 10954, 'Payment', 3500, '', 0, 0),
(10989, 10989, 'Receipt', 60200, '', 0, 0),
(10990, 10990, 'Receipt', 72150, '', 0, 0),
(10991, 10991, 'Receipt', 39480, '', 0, 0),
(10992, 10992, 'Receipt', 20000, '', 0, 0),
(11024, 11024, 'Payment', 6350, '2DAYS', 0, 0),
(11025, 11025, 'Payment', 1100, '2DAYS', 0, 0),
(11026, 11026, 'Payment', 8760, '2DAYS', 0, 0),
(11027, 11027, 'Payment', 500, '', 0, 0),
(11028, 11028, 'Payment', 234000, '', 0, 0),
(11029, 11029, 'Payment', 150, '', 0, 0),
(11030, 11030, 'Payment', 500000, 'BANK', 0, 0),
(11050, 11050, 'Receipt', 765940, 'BANK', 0, 0),
(11051, 11051, 'Receipt', 210600, 'BANK', 0, 0),
(11052, 11052, 'Receipt', 54800, 'NAZAR', 0, 0),
(11053, 11053, 'Payment', 2000, 'MANGLORE', 0, 0),
(11054, 11054, 'Payment', 4000, '', 0, 0),
(11055, 11055, 'Payment', 24550, '', 0, 0),
(11056, 11056, 'Payment', 700000, 'BANK', 0, 0),
(11265, 11265, 'Receipt', 24450, '', 0, 0),
(11266, 11266, 'Receipt', 40000, '', 0, 0),
(11267, 11267, 'Receipt', 47750, '', 0, 0),
(11268, 11268, 'Receipt', 183700, '3BILL 18/07/18', 0, 0),
(11269, 11269, 'Receipt', 205300, '', 0, 0),
(11270, 11270, 'Receipt', 510540, 'BANK', 0, 0),
(11386, 11386, 'Payment', 3150, 'BOX COLLECT', 0, 0),
(11387, 11387, 'Payment', 600, 'BOX COLLECT', 0, 0),
(11388, 11388, 'Payment', 9000, '(69,70,71)', 0, 0),
(11389, 11389, 'Payment', 1000, '2DAYS', 0, 0),
(11390, 11390, 'Payment', 500, '', 0, 0),
(11391, 11391, 'Payment', 26000, 'ADVANCE MANIKANDAN', 0, 0),
(11392, 11392, 'Payment', 7050, '2DAYS', 0, 0),
(11393, 11393, 'Payment', 500, 'MANIKANDAN', 0, 0),
(11394, 11394, 'Payment', 30000, '', 0, 0),
(11395, 11395, 'Payment', 1330, 'MABROOK 18/07/18', 0, 0),
(11396, 11396, 'Payment', 750000, 'BANK', 0, 0),
(11397, 11397, 'Payment', 20000, 'AD', 0, 0),
(11410, 11410, 'Receipt', 130600, '', 0, 0),
(11411, 11411, 'Receipt', 129750, '2bill', 0, 0),
(11412, 11412, 'Receipt', 216070, '2bill', 0, 0),
(11413, 11413, 'Receipt', 11550, '', 0, 0),
(11414, 11414, 'Receipt', 23400, '', 0, 0),
(11415, 11415, 'Receipt', 130700, '', 0, 0),
(11423, 11423, 'Payment', 2500, '', 0, 0),
(11424, 11424, 'Payment', 6000, '(65),(66)', 0, 0),
(11425, 11425, 'Payment', 500, '', 0, 0),
(11426, 11426, 'Payment', 500, '', 0, 0),
(11427, 11427, 'Payment', 700, 'CHAMBAKKARA BILL SHOT', 0, 0),
(11428, 11428, 'Payment', 4000, 'RAMEEZ', 0, 0),
(11429, 11429, 'Payment', 2840, '', 0, 0),
(11938, 11938, 'Receipt', 70000, '', 0, 0),
(11939, 11939, 'Receipt', 39400, '', 0, 0),
(11940, 11940, 'Receipt', 30000, '', 0, 0),
(11941, 11941, 'Receipt', 2000, 'riyas ad', 0, 0),
(11942, 11942, 'Receipt', 10000, '', 0, 0),
(11943, 11943, 'Receipt', 303550, '2BILL', 0, 0),
(11944, 11944, 'Receipt', 58800, '15/07/18', 0, 0),
(11945, 11945, 'Receipt', 57650, '', 0, 0),
(11946, 11946, 'Receipt', 3500, 'DOSTH RENT', 0, 0),
(11947, 11947, 'Receipt', 106150, '18/07/18 PAPPADAM', 0, 0),
(11948, 11948, 'Payment', 1000, '', 0, 0),
(11949, 11949, 'Payment', 2500, '', 0, 0),
(11950, 11950, 'Payment', 700, '', 0, 0),
(11951, 11951, 'Payment', 5940, '2days', 0, 0),
(11952, 11952, 'Payment', 49750, '', 0, 0),
(11953, 11953, 'Payment', 2250, '', 0, 0),
(11954, 11954, 'Payment', 500, '', 0, 0),
(11955, 11955, 'Payment', 15830, '', 0, 0),
(11956, 11956, 'Payment', 2500, 'BANK', 0, 0),
(11957, 11957, 'Payment', 300000, 'BANK', 0, 0),
(11958, 11958, 'Payment', 500000, 'BANK', 0, 0),
(11959, 11959, 'Payment', 500000, 'BANK', 0, 0),
(11960, 11960, 'Payment', 1200, 'PLANT PLAN POLUTION EXPENSE', 0, 0),
(11961, 11961, 'Payment', 208650, 'BANK', 0, 0),
(11962, 11962, 'Payment', 25000, '', 0, 0),
(11963, 11963, 'Payment', 5000, 'VADI AD', 0, 0),
(11964, 11964, 'Payment', 1330, '4617', 0, 0),
(11965, 11965, 'Payment', 28850, '', 0, 0),
(11966, 11966, 'Payment', 3500, '', 0, 0),
(11967, 11967, 'Payment', 106150, 'VYPIN BILL ', 0, 0),
(11968, 11968, 'Payment', 2320, '', 0, 0),
(11978, 11978, 'Receipt', 40000, 'MAAMU', 0, 0),
(11979, 11979, 'Receipt', 80000, 'NAZAR', 0, 0),
(11983, 11983, 'Payment', 1000, 'AKBAR', 0, 0),
(11984, 11984, 'Payment', 3000, 'C/O HAROON', 0, 0),
(11985, 11985, 'Payment', 500, '', 0, 0),
(11986, 11986, 'Payment', 1500, '3DAYS', 0, 0),
(11998, 11998, 'Receipt', 45900, '', 0, 0),
(11999, 11999, 'Receipt', 200680, '', 0, 0),
(12024, 12024, 'Receipt', 30000, '', 0, 0),
(12025, 12025, 'Receipt', 40000, '', 0, 0),
(12026, 12026, 'Receipt', 16000, 'BANK', 0, 0),
(12027, 12027, 'Receipt', 20000, '', 0, 0),
(12032, 12032, 'Payment', 3000, 'OMAN BATA&BILL COLLECT 4DAYS', 0, 0),
(12033, 12033, 'Payment', 300000, '', 0, 0),
(12034, 12034, 'Payment', 21500, 'PLANT POLUSSN', 0, 0),
(12037, 12037, 'Receipt', 50000, '', 0, 0),
(12056, 12056, 'Receipt', 296250, '5 BILL', 0, 0),
(12057, 12057, 'Receipt', 6680, '19/07/18', 0, 0),
(12058, 12058, 'Receipt', 15700, '25/07/18', 0, 0),
(12079, 12079, 'Payment', 500, '', 0, 0),
(12080, 12080, 'Payment', 200, '', 0, 0),
(12081, 12081, 'Payment', 800, 'VISITING CARD', 0, 0),
(12082, 12082, 'Payment', 13300, '5TRIP', 0, 0),
(12109, 12109, 'Payment', 9000, '(72,73,74)', 0, 0),
(12110, 12110, 'Payment', 7990, '2DAYS', 0, 0),
(12111, 12111, 'Payment', 1100, '2DAYS', 0, 0),
(12112, 12112, 'Payment', 30000, 'AD', 0, 0),
(12113, 12113, 'Payment', 12000, '', 0, 0),
(12114, 12114, 'Payment', 460, '2MONTHS', 0, 0),
(12115, 12115, 'Payment', 200000, 'ANSIL', 0, 0),
(12116, 12116, 'Payment', 400000, 'BANK', 0, 0),
(12117, 12117, 'Payment', 2000, '', 0, 0),
(12122, 12122, 'Receipt', 10100, '', 0, 0),
(12123, 12123, 'Receipt', 30000, '', 0, 0),
(12129, 12129, 'Receipt', 100000, 'BANK', 0, 0),
(12130, 12130, 'Receipt', 200000, 'AD RETURN', 0, 0),
(12133, 12133, 'Payment', 3600, '', 0, 0),
(12134, 12134, 'Payment', 300000, 'RAJAN AD C/O RABI ', 0, 0),
(12135, 12135, 'Payment', 350000, 'BANK MANIRAMAN', 0, 0),
(12166, 12166, 'Payment', 500, '', 0, 0),
(12167, 12167, 'Payment', 2580, '', 0, 0),
(12168, 12168, 'Payment', 500, '', 0, 0),
(12169, 12169, 'Payment', 25400, '', 0, 0),
(12170, 12170, 'Payment', 20000, 'RAMEEZ', 0, 0),
(12171, 12171, 'Payment', 1330, 'KNH 5923', 0, 0),
(12300, 12300, 'Receipt', 10000, '', 0, 0),
(12301, 12301, 'Receipt', 23250, '', 0, 0),
(12302, 12302, 'Receipt', 50000, '', 0, 0),
(12303, 12303, 'Receipt', 36450, '', 0, 0),
(12304, 12304, 'Receipt', 50000, '28/07/18', 0, 0),
(12305, 12305, 'Receipt', 100000, '', 0, 0),
(12306, 12306, 'Receipt', 35800, '', 0, 0),
(12414, 12414, 'Payment', 400, 'ANEESH', 0, 0),
(12415, 12415, 'Payment', 500, '', 0, 0),
(12416, 12416, 'Payment', 500, '', 0, 0),
(12417, 12417, 'Payment', 600, '', 0, 0),
(12418, 12418, 'Payment', 1100, '2DAYS ', 0, 0),
(12419, 12419, 'Payment', 1330, '4617', 0, 0),
(12420, 12420, 'Payment', 1800, 'PATHANAPURAM', 0, 0),
(12421, 12421, 'Payment', 2000, 'akbar', 0, 0),
(12422, 12422, 'Payment', 3890, '', 0, 0),
(12423, 12423, 'Payment', 19790, '', 0, 0),
(12424, 12424, 'Payment', 50000, 'HARIPPAD BILL 28/07/18', 0, 0),
(12425, 12425, 'Payment', 6850, 'HEALTH & POLUSSION', 0, 0),
(12492, 12492, 'Receipt', 100000, 'BANK', 0, 0),
(12493, 12493, 'Receipt', 25280, '2BILL', 0, 0),
(12494, 12494, 'Receipt', 184850, '2BILL', 0, 0),
(12495, 12495, 'Receipt', 37730, '', 0, 0),
(12496, 12496, 'Receipt', 210000, '2BILL', 0, 0),
(12510, 12510, 'Payment', 3610, '', 0, 0),
(12511, 12511, 'Payment', 500, '', 0, 0),
(12512, 12512, 'Payment', 200, 'CTM BILL ', 0, 0),
(12513, 12513, 'Payment', 350, 'plant', 0, 0),
(12514, 12514, 'Payment', 330130, 'ANSIL', 0, 0),
(12515, 12515, 'Payment', 200000, 'BANK', 0, 0),
(12516, 12516, 'Payment', 700, '', 0, 0),
(12557, 12557, 'Receipt', 50000, '', 0, 0),
(12558, 12558, 'Receipt', 34250, '', 0, 0),
(12559, 12559, 'Receipt', 102300, '4BILL', 0, 0),
(12560, 12560, 'Receipt', 50000, '', 0, 0),
(12561, 12561, 'Receipt', 2000, 'VYPIN BILL', 0, 0),
(12562, 12562, 'Receipt', 50000, '', 0, 0),
(12563, 12563, 'Payment', 500, 'BILL COLLECT', 0, 0),
(12564, 12564, 'Payment', 500, '', 0, 0),
(12565, 12565, 'Payment', 16250, '3TRIP', 0, 0),
(12566, 12566, 'Payment', 470, '30/07/18', 0, 0),
(12567, 12567, 'Payment', 2000, 'home', 0, 0),
(12568, 12568, 'Payment', 200000, 'BANK', 0, 0),
(12569, 12569, 'Payment', 300000, 'BANK', 0, 0),
(12623, 12623, 'Receipt', 45100, '', 0, 0),
(12624, 12624, 'Receipt', 30000, '', 0, 0),
(12625, 12625, 'Receipt', 34300, '', 0, 0),
(12626, 12626, 'Receipt', 71770, '', 0, 0),
(12627, 12627, 'Receipt', 2500, 'SAYIP', 0, 0),
(12639, 12639, 'Payment', 4000, '', 0, 0),
(12640, 12640, 'Payment', 700, '', 0, 0),
(12641, 12641, 'Payment', 50000, '', 0, 0),
(12642, 12642, 'Payment', 5000, 'OLD BAL', 0, 0),
(12643, 12643, 'Payment', 118250, 'BANK', 0, 0),
(12644, 12644, 'Receipt', 30000, 'NAZAR', 0, 0),
(12649, 12649, 'Payment', 200, 'BILL COLLECT', 0, 0),
(12650, 12650, 'Payment', 10000, '', 0, 0),
(12651, 12651, 'Payment', 600, 'RAFEEK 02/08/17', 0, 0),
(12653, 12653, 'Receipt', 20000, '', 0, 0),
(12721, 12721, 'Receipt', 50000, '', 0, 0),
(12722, 12722, 'Receipt', 11100, '', 0, 0),
(12723, 12723, 'Receipt', 15830, '', 0, 0),
(12724, 12724, 'Receipt', 13500, '', 0, 0),
(12725, 12725, 'Receipt', 122200, '', 0, 0),
(12726, 12726, 'Receipt', 8400, 'KNH4617 ICE CASH', 0, 0),
(12727, 12727, 'Receipt', 19000, '', 0, 0),
(12728, 12728, 'Payment', 950, '', 0, 0),
(12729, 12729, 'Payment', 15000, 'AD', 0, 0),
(12730, 12730, 'Payment', 50000, 'HARIPPAD BILL 4/8/18', 0, 0),
(12731, 12731, 'Payment', 1950, 'WORKSHOP', 0, 0),
(12847, 12847, 'Receipt', 22710, '', 0, 0),
(12848, 12848, 'Receipt', 5000, '5923 AD', 0, 0),
(12849, 12849, 'Receipt', 29150, '', 0, 0),
(12850, 12850, 'Receipt', 35930, '2BILL', 0, 0),
(12851, 12851, 'Receipt', 70000, '', 0, 0),
(12877, 12877, 'Payment', 560, '', 0, 0),
(12878, 12878, 'Payment', 3360, '', 0, 0),
(12879, 12879, 'Payment', 2870, '', 0, 0),
(12880, 12880, 'Payment', 560, '1BLOCK ICE 60', 0, 0),
(12881, 12881, 'Payment', 37500, '', 0, 0),
(12882, 12882, 'Payment', 1000, '', 0, 0),
(12883, 12883, 'Payment', 25000, '', 0, 0),
(12884, 12884, 'Payment', 157800, 'VADI', 0, 0),
(12885, 12885, 'Payment', 10000, 'VADI CHANDRAPADY', 0, 0),
(12886, 12886, 'Payment', 5000, 'VADI ', 0, 0),
(12887, 12887, 'Payment', 160, '', 0, 0),
(12888, 12888, 'Payment', 4740, '', 0, 0),
(12889, 12889, 'Payment', 700, '', 0, 0),
(12890, 12890, 'Receipt', 500, 'OLD AD 06/08/18', 0, 0),
(12898, 12898, 'Payment', 20000, '', 0, 0),
(12899, 12899, 'Payment', 500, 'FILE & FLEX', 0, 0),
(12927, 12927, 'Receipt', 50000, '', 0, 0),
(12928, 12928, 'Receipt', 49500, '', 0, 0),
(12929, 12929, 'Receipt', 146100, '', 0, 0),
(12963, 12963, 'Payment', 150000, 'BANK', 0, 0),
(12964, 12964, 'Payment', 50000, 'INSURANCE TAX', 0, 0),
(12965, 12965, 'Payment', 1360, 'KNH 5923', 0, 0),
(12966, 12966, 'Payment', 25000, 'KNH 5923 AD', 0, 0),
(12967, 12967, 'Payment', 22980, '', 0, 0),
(12968, 12968, 'Payment', 25000, '', 0, 0),
(12969, 12969, 'Payment', 7500, 'CHS VEHICLE 10 BOX FISH COL', 0, 0),
(12970, 12970, 'Payment', 1380, 'KNH 4617', 0, 0),
(13001, 13001, 'Receipt', 40800, '', 0, 0),
(13002, 13002, 'Receipt', 25600, '', 0, 0),
(13003, 13003, 'Receipt', 400000, 'BANK', 0, 0),
(13004, 13004, 'Payment', 700, 'BOX & BILL COLLECT', 0, 0),
(13005, 13005, 'Payment', 2950, 'BOX COLLECT', 0, 0),
(13006, 13006, 'Payment', 500, 'WORKSHOP AD & BAL SHOT', 0, 0),
(13007, 13007, 'Payment', 200, 'PARTY PIRIV', 0, 0),
(13008, 13008, 'Payment', 300000, 'BANK', 0, 0),
(13050, 13050, 'Receipt', 3200, '7/6/18', 0, 0),
(13051, 13051, 'Receipt', 24300, '', 0, 0),
(13052, 13052, 'Receipt', 1000, '', 0, 0),
(13059, 13059, 'Payment', 140000, 'INNOVA WORK SHYJU 09/08/18', 0, 0),
(13060, 13060, 'Payment', 500, '', 0, 0),
(13061, 13061, 'Payment', 21600, '', 0, 0),
(13062, 13062, 'Payment', 500, '', 0, 0),
(13063, 13063, 'Payment', 500, 'AKBAR', 0, 0),
(13064, 13064, 'Payment', 1300, 'KNH 5923', 0, 0),
(13065, 13065, 'Payment', 20000, '', 0, 0),
(13066, 13066, 'Receipt', 100000, '', 0, 0),
(13067, 13067, 'Payment', 600, '', 0, 0),
(13083, 13083, 'Receipt', 9200, 'PAPPADAM', 0, 0),
(13084, 13084, 'Receipt', 50000, 'PAPPADAM', 0, 0),
(13085, 13085, 'Receipt', 25000, 'PAPPADAM', 0, 0),
(13086, 13086, 'Receipt', 22250, '', 0, 0),
(13087, 13087, 'Receipt', 20950, 'HAROON 10/08/18', 0, 0),
(13112, 13112, 'Payment', 700, 'BILL COLLECT', 0, 0),
(13113, 13113, 'Payment', 5000, 'HOME 11/08/18', 0, 0),
(13114, 13114, 'Payment', 17700, '10/08/18', 0, 0),
(13115, 13115, 'Payment', 5250, 'WORKSHOP AD', 0, 0),
(13116, 13116, 'Payment', 800, '10/08/18', 0, 0),
(13186, 13186, 'Receipt', 70000, '', 0, 0),
(13187, 13187, 'Receipt', 65000, '', 0, 0),
(13188, 13188, 'Receipt', 42400, '', 0, 0),
(13189, 13189, 'Receipt', 74480, 'bank', 0, 0),
(13190, 13190, 'Receipt', 18150, '', 0, 0),
(13219, 13219, 'Payment', 400000, 'BANK', 0, 0),
(13220, 13220, 'Payment', 700, '2trip', 0, 0),
(13221, 13221, 'Payment', 20000, '', 0, 0),
(13222, 13222, 'Payment', 6000, 'C/O VADI', 0, 0),
(13223, 13223, 'Payment', 19000, 'c/o vadi', 0, 0),
(13224, 13224, 'Receipt', 87950, '', 0, 0),
(13225, 13225, 'Receipt', 1200, '', 0, 0),
(13226, 13226, 'Receipt', 13280, '', 0, 0),
(13227, 13227, 'Receipt', 129630, '', 0, 0),
(13228, 13228, 'Receipt', 44720, '', 0, 0),
(13229, 13229, 'Receipt', 40000, '', 0, 0),
(13230, 13230, 'Receipt', 42560, '', 0, 0),
(13231, 13231, 'Receipt', 500, '', 0, 0),
(13232, 13232, 'Payment', 3000, '(75)', 0, 0),
(13233, 13233, 'Payment', 600, '', 0, 0),
(13234, 13234, 'Payment', 12040, '4TRIP', 0, 0),
(13235, 13235, 'Payment', 500, 'JABBAR', 0, 0),
(13236, 13236, 'Payment', 2000, '(67)', 0, 0),
(13237, 13237, 'Payment', 1300, 'KNH 5906', 0, 0),
(13238, 13238, 'Payment', 800, '', 0, 0),
(13239, 13239, 'Payment', 29150, '', 0, 0),
(13240, 13240, 'Payment', 550, '', 0, 0),
(13241, 13241, 'Payment', 560, '', 0, 0),
(13242, 13242, 'Payment', 250, 'ALPY', 0, 0),
(13245, 13245, 'Receipt', 72430, '15/08/18', 0, 0),
(13246, 13246, 'Receipt', 1000, 'OLD AD', 0, 0),
(13260, 13260, 'Receipt', 19800, 'PAPPADAM', 0, 0),
(13261, 13261, 'Receipt', 82250, 'PAPPADAM', 0, 0),
(13262, 13262, 'Payment', 800, 'BILL COLLECT', 0, 0),
(13265, 13265, 'Payment', 2430, '', 0, 0),
(13266, 13266, 'Payment', 5000, '', 0, 0),
(13267, 13267, 'Payment', 40000, 'ANEES', 0, 0),
(13268, 13268, 'Payment', 530000, 'BANK', 0, 0),
(13289, 13289, 'Payment', 1500, '2DAYS BATA & CHS SALE 300', 0, 0),
(13290, 13290, 'Payment', 4260, '17/08 TRIP', 0, 0),
(13291, 13291, 'Payment', 20660, '17/08/', 0, 0),
(13292, 13292, 'Payment', 600, '', 0, 0),
(13293, 13293, 'Receipt', 50000, '', 0, 0),
(13294, 13294, 'Receipt', 9000, 'NOT BILL', 0, 0),
(13296, 13296, 'Payment', 15000, '21/08/18', 0, 0),
(13300, 13300, 'Receipt', 50000, '', 0, 0),
(13301, 13301, 'Payment', 16000, 'knh 4617 ad', 0, 0),
(13302, 13302, 'Payment', 17870, '', 0, 0),
(13303, 13303, 'Payment', 700, '22/08', 0, 0),
(13305, 13305, 'Receipt', 100000, '', 0, 0),
(13306, 13306, 'Receipt', 25000, '', 0, 0),
(13308, 13308, 'Payment', 500, 'CASH COLLECT', 0, 0),
(13309, 13309, 'Payment', 390, '21/08 FISH', 0, 0),
(13310, 13310, 'Receipt', 81000, '', 0, 0),
(13311, 13311, 'Receipt', 115370, '', 0, 0),
(13391, 13391, 'Payment', 12000, '', 0, 0),
(13398, 13398, 'Receipt', 40000, '', 0, 0),
(13399, 13399, 'Receipt', 17000, 'PRADEEP DRVR 5906 AD', 0, 0),
(13400, 13400, 'Receipt', 48600, '', 0, 0),
(13401, 13401, 'Receipt', 2900, '4 CARTOON PAPPADAM', 0, 0),
(13402, 13402, 'Payment', 17450, 'PRADEEP DRVR CHANDRAPADY', 0, 0),
(13403, 13403, 'Payment', 650, '', 0, 0),
(13404, 13404, 'Payment', 230, '', 0, 0),
(13405, 13405, 'Payment', 400, '', 0, 0),
(13406, 13406, 'Payment', 48600, '', 0, 0),
(13407, 13407, 'Payment', 500, '', 0, 0),
(13408, 13408, 'Payment', 2900, 'CHADAYAMANGALAM CARTOON BILL', 0, 0),
(13420, 13420, 'Receipt', 6680, '', 0, 0),
(13421, 13421, 'Receipt', 70000, '', 0, 0),
(13422, 13422, 'Receipt', 59450, '2BILL', 0, 0),
(13423, 13423, 'Receipt', 37000, '', 0, 0),
(13424, 13424, 'Receipt', 500, '', 0, 0),
(13425, 13425, 'Payment', 700, 'CASH COLLECT', 0, 0),
(13426, 13426, 'Payment', 3000, '', 0, 0),
(13427, 13427, 'Payment', 325000, 'VADI ', 0, 0),
(13428, 13428, 'Payment', 3560, '21/07 TRIP', 0, 0),
(13429, 13429, 'Payment', 560, 'BAL', 0, 0),
(13437, 13437, 'Payment', 9700, '3 TRIP', 0, 0),
(13438, 13438, 'Payment', 650, '', 0, 0),
(13439, 13439, 'Payment', 1000, 'WORKSHOP AD', 0, 0),
(13440, 13440, 'Payment', 50, '', 0, 0),
(13441, 13441, 'Payment', 200000, 'BANK', 0, 0),
(13446, 13446, 'Receipt', 50000, '', 0, 0),
(13447, 13447, 'Receipt', 30000, '', 0, 0),
(13448, 13448, 'Receipt', 25380, 'PAPPADAM', 0, 0),
(13449, 13449, 'Receipt', 57200, 'NAZAR', 0, 0),
(13465, 13465, 'Payment', 1230, '2DAYS ', 0, 0),
(13466, 13466, 'Payment', 2000, 'KOTTAYAM SHOWROOM maheen', 0, 0),
(13467, 13467, 'Payment', 1500, 'KNH 4617 ANEES', 0, 0),
(13468, 13468, 'Payment', 50000, '', 0, 0),
(13469, 13469, 'Payment', 200, 'KALAVOOR CASH', 0, 0),
(13474, 13474, 'Receipt', 8250, 'PAPPADAM', 0, 0),
(13475, 13475, 'Receipt', 24300, '', 0, 0),
(13476, 13476, 'Receipt', 6100, '', 0, 0),
(13477, 13477, 'Receipt', 13050, '', 0, 0),
(13481, 13481, 'Payment', 1000, 'EXPENSE AND BATA BOX COLLECT', 0, 0),
(13482, 13482, 'Payment', 6200, 'BOX COLLECT TVM', 0, 0),
(13483, 13483, 'Payment', 100000, 'BANK', 0, 0),
(13486, 13486, 'Receipt', 25000, 'MAMU', 0, 0),
(13525, 13525, 'Payment', 500, 'MAHEEN THADIYAN 29/08', 0, 0),
(13526, 13526, 'Payment', 600, 'EICHER WORKSHOP, NET KOTTA', 0, 0),
(13527, 13527, 'Payment', 1230, 'KNH 5906', 0, 0),
(13528, 13528, 'Payment', 13000, 'GLASS NOUFAL', 0, 0),
(13529, 13529, 'Payment', 7000, 'AYIRAMTHENGU BEACH EXPNSE', 0, 0),
(13530, 13530, 'Payment', 18000, 'MAHEEN THADIYN', 0, 0),
(13554, 13554, 'Receipt', 9000, 'HASHIM EXPNSE AND WORKSHOP', 0, 0),
(13555, 13555, 'Payment', 560, 'EICHER 6569', 0, 0),
(13556, 13556, 'Payment', 1320, '4617 16/08/18', 0, 0),
(13557, 13557, 'Payment', 5850, 'AYIRAMTHENGU 31/08 5906', 0, 0),
(13558, 13558, 'Payment', 30880, 'ANAS GABYS and hashim expns workshop', 0, 0),
(13559, 13559, 'Payment', 5000, '', 0, 0),
(13560, 13560, 'Receipt', 30700, '', 0, 0),
(13561, 13561, 'Receipt', 35200, '', 0, 0),
(13562, 13562, 'Receipt', 50000, '', 0, 0),
(13599, 13599, 'Payment', 500, '', 0, 0),
(13600, 13600, 'Payment', 5000, 'APPU', 0, 0),
(13601, 13601, 'Payment', 400, 'JIO RECHARGE', 0, 0),
(13602, 13602, 'Payment', 5220, '', 0, 0),
(13603, 13603, 'Payment', 1000, 'C/O HAROON', 0, 0),
(13604, 13604, 'Payment', 1260, 'KNH 5923', 0, 0),
(13605, 13605, 'Payment', 3000, '', 0, 0),
(13693, 13693, 'Receipt', 15000, '', 0, 0),
(13694, 13694, 'Receipt', 38500, '', 0, 0),
(13695, 13695, 'Receipt', 17100, '', 0, 0),
(13696, 13696, 'Receipt', 8000, '', 0, 0),
(13697, 13697, 'Receipt', 8400, '', 0, 0),
(13698, 13698, 'Receipt', 7950, '', 0, 0),
(13699, 13699, 'Payment', 3000, '', 0, 0),
(13700, 13700, 'Payment', 2350, '', 0, 0),
(13701, 13701, 'Payment', 480, '', 0, 0),
(13702, 13702, 'Payment', 1100, '6569', 0, 0),
(13703, 13703, 'Payment', 2000, 'BEACH EXPENSE AYIRAMTHENG', 0, 0),
(13704, 13704, 'Payment', 2500, 'ADVANCE', 0, 0),
(13705, 13705, 'Payment', 1300, 'SERVICE AND AKBAR AD', 0, 0),
(13706, 13706, 'Payment', 500, '', 0, 0),
(13707, 13707, 'Payment', 500, '', 0, 0),
(13708, 13708, 'Payment', 2000, '', 0, 0),
(13745, 13745, 'Receipt', 94900, '', 0, 0),
(13746, 13746, 'Receipt', 70000, '', 0, 0),
(13747, 13747, 'Receipt', 224250, '', 0, 0),
(13913, 13913, 'Payment', 750, '', 0, 0),
(13914, 13914, 'Payment', 630, '', 0, 0),
(13915, 13915, 'Payment', 6500, 'AYIRAMTHENG', 0, 0),
(13916, 13916, 'Payment', 200000, 'VADI', 0, 0),
(13917, 13917, 'Payment', 100000, 'UPPA MAHEEN 02/09', 0, 0),
(13918, 13918, 'Payment', 130, '', 0, 0),
(13919, 13919, 'Payment', 1260, 'KNH 5923', 0, 0),
(13920, 13920, 'Payment', 7750, 'KNH 5906', 0, 0),
(13921, 13921, 'Payment', 44030, 'UPPA MAHEEN c/o haroon 1500extra', 0, 0),
(13922, 13922, 'Payment', 30000, 'AD', 0, 0),
(13923, 13923, 'Payment', 100000, 'BANK', 0, 0),
(13924, 13924, 'Payment', 3200, 'VADI AYIRAMTHENG', 0, 0),
(13925, 13925, 'Payment', 3000, '', 0, 0),
(13933, 13933, 'Receipt', 30000, '', 0, 0),
(13934, 13934, 'Receipt', 40000, '', 0, 0),
(13935, 13935, 'Receipt', 55350, '', 0, 0),
(14041, 14041, 'Payment', 600, 'box 100', 0, 0),
(14042, 14042, 'Payment', 650, 'box & expense', 0, 0),
(14043, 14043, 'Payment', 200, '', 0, 0),
(14044, 14044, 'Payment', 2850, '', 0, 0),
(14045, 14045, 'Payment', 7050, '3DAYS', 0, 0),
(14046, 14046, 'Payment', 930, '', 0, 0),
(14047, 14047, 'Payment', 1400, 'KNH 5906', 0, 0),
(14048, 14048, 'Payment', 150, 'CLEANING CHOOL', 0, 0),
(14049, 14049, 'Payment', 5050, 'AYIRAMTHENG VADI AD', 0, 0),
(14050, 14050, 'Payment', 2000, 'MAHEEN', 0, 0),
(14051, 14051, 'Payment', 1000, 'AKBAR', 0, 0),
(14052, 14052, 'Payment', 8000, 'AYIRAMTHENG BATA AD', 0, 0),
(14108, 14108, 'Receipt', 70000, '', 0, 0),
(14109, 14109, 'Receipt', 50000, '', 0, 0),
(14110, 14110, 'Receipt', 142000, 'BANK', 0, 0),
(14111, 14111, 'Receipt', 68970, '', 0, 0),
(14112, 14112, 'Receipt', 6600, '', 0, 0),
(14156, 14156, 'Payment', 20750, '691 BOX LBR AYIRAMTHENG', 0, 0),
(14157, 14157, 'Payment', 500, '', 0, 0),
(14158, 14158, 'Payment', 6870, '', 0, 0),
(14159, 14159, 'Payment', 10740, '', 0, 0),
(14160, 14160, 'Payment', 1000, 'GVN TVL EXPNS', 0, 0),
(14161, 14161, 'Payment', 1300, 'BOX 100/-', 0, 0),
(14162, 14162, 'Payment', 11100, '', 0, 0),
(14163, 14163, 'Payment', 50, '', 0, 0),
(14164, 14164, 'Payment', 250000, 'ADVANCE KL40M8402', 0, 0),
(14165, 14165, 'Receipt', 20000, '', 0, 0),
(14166, 14166, 'Receipt', 900, '', 0, 0),
(14188, 14188, 'Payment', 2000, '', 0, 0),
(14189, 14189, 'Payment', 20000, '', 0, 0),
(14190, 14190, 'Payment', 13500, '', 0, 0),
(14191, 14191, 'Payment', 1000, '', 0, 0),
(14192, 14192, 'Payment', 2500, '', 0, 0),
(14193, 14193, 'Payment', 1000, '2DAYS', 0, 0),
(14194, 14194, 'Payment', 200000, 'VADI', 0, 0),
(14311, 14311, 'Receipt', 25000, '', 0, 0),
(14312, 14312, 'Receipt', 33500, '', 0, 0),
(14313, 14313, 'Receipt', 61960, '', 0, 0),
(14314, 14314, 'Receipt', 5000, 'VADI AD RETURN', 0, 0),
(14315, 14315, 'Payment', 15420, '514 BOX', 0, 0),
(14316, 14316, 'Payment', 150, 'ADVANCE', 0, 0),
(14317, 14317, 'Payment', 600, '', 0, 0),
(14318, 14318, 'Payment', 2200, 'VALLAM CASH', 0, 0),
(14319, 14319, 'Payment', 3700, '', 0, 0),
(14320, 14320, 'Payment', 740, '', 0, 0),
(14321, 14321, 'Payment', 500, 'UNLOADING NEW BOX', 0, 0),
(14322, 14322, 'Payment', 3320, '5906,5923,6569', 0, 0),
(14323, 14323, 'Payment', 5000, 'advance', 0, 0),
(14324, 14324, 'Payment', 650, '', 0, 0),
(14325, 14325, 'Payment', 1610, '', 0, 0),
(14326, 14326, 'Payment', 7500, 'AYIRAMTHENG', 0, 0),
(14327, 14327, 'Payment', 10000, '', 0, 0),
(14365, 14365, 'Receipt', 194000, '', 0, 0),
(14366, 14366, 'Receipt', 301000, '', 0, 0),
(14420, 14420, 'Payment', 500, 'IDEA RECHARGE', 0, 0),
(14421, 14421, 'Payment', 1650, 'GVN TN, 6569', 0, 0),
(14422, 14422, 'Payment', 5000, 'VADI AD ', 0, 0),
(14423, 14423, 'Payment', 74540, 'VADI', 0, 0),
(14424, 14424, 'Payment', 400000, 'VADI', 0, 0),
(14425, 14425, 'Payment', 24070, '', 0, 0),
(14426, 14426, 'Payment', 32670, '', 0, 0),
(14432, 14432, 'Payment', 1000, 'AKBAR', 0, 0),
(14433, 14433, 'Payment', 1400, '5923', 0, 0),
(14434, 14434, 'Receipt', 3300, 'NADEER', 0, 0),
(14435, 14435, 'Receipt', 80000, '', 0, 0),
(14440, 14440, 'Payment', 200, 'CASH COLLECT', 0, 0),
(14441, 14441, 'Payment', 50, '', 0, 0),
(14447, 14447, 'Receipt', 10000, '', 0, 0),
(14448, 14448, 'Receipt', 20000, '', 0, 0),
(14449, 14449, 'Receipt', 27400, '2BILL', 0, 0),
(14451, 14451, 'Payment', 700, 'CASH COLLECT', 0, 0),
(14452, 14452, 'Payment', 25000, '', 0, 0),
(14458, 14458, 'Payment', 3000, '(38)', 0, 0),
(14459, 14459, 'Payment', 700, 'CASH COLLECT', 0, 0),
(14460, 14460, 'Receipt', 19350, '', 0, 0),
(14461, 14461, 'Receipt', 36390, '', 0, 0),
(14482, 14482, 'Receipt', 10880, 'VEHICLE BAL RETURN', 0, 0),
(14545, 14545, 'Payment', 40800, 'MAHEEN 500 AND POPULAR 10300', 0, 0),
(14546, 14546, 'Payment', 1200, 'AKBAR AD', 0, 0),
(14547, 14547, 'Payment', 600, 'SALT AND EXPENSE', 0, 0),
(14548, 14548, 'Payment', 100000, '', 0, 0),
(14549, 14549, 'Payment', 1000, 'AD MAHEEN SUPPER', 0, 0),
(14550, 14550, 'Payment', 5650, 'RC 1BOX VADI THOTAPPALLY', 0, 0),
(14592, 14592, 'Receipt', 57330, '', 0, 0),
(14593, 14593, 'Receipt', 11650, '', 0, 0),
(14594, 14594, 'Receipt', 52510, '', 0, 0),
(14595, 14595, 'Receipt', 10000, 'CHIRAKKAL AD', 0, 0),
(14628, 14628, 'Payment', 650, '', 0, 0),
(14629, 14629, 'Payment', 9900, '08/08/18', 0, 0),
(14630, 14630, 'Payment', 6240, '', 0, 0),
(14631, 14631, 'Payment', 1400, 'CHIRAKKAL CALICUT', 0, 0),
(14632, 14632, 'Payment', 300, 'KNH 5906', 0, 0),
(14633, 14633, 'Payment', 15000, 'ad', 0, 0),
(14634, 14634, 'Payment', 10000, 'AJI VELLAI', 0, 0),
(14635, 14635, 'Payment', 230, 'AUG', 0, 0),
(14705, 14705, 'Payment', 12890, 'AYIRAMTHEMG & TPLY', 0, 0),
(14706, 14706, 'Payment', 1540, 'KNH 5923, EICHER', 0, 0),
(14707, 14707, 'Payment', 26000, '', 0, 0),
(14708, 14708, 'Payment', 2300, 'RC VADI', 0, 0),
(14709, 14709, 'Payment', 500, 'CHAIR', 0, 0),
(14710, 14710, 'Payment', 1500, 'FOOD BATA', 0, 0),
(14711, 14711, 'Payment', 1000, '', 0, 0);

-- --------------------------------------------------------

--
-- Table structure for table `tblbox_detail`
--

CREATE TABLE `tblbox_detail` (
  `id_box_detail` int(11) NOT NULL,
  `box` varchar(50) NOT NULL,
  `rate` double NOT NULL,
  `kg` int(11) NOT NULL
) ENGINE=InnoDB DEFAULT CHARSET=utf8;

-- --------------------------------------------------------

--
-- Table structure for table `tblbox_payment`
--

CREATE TABLE `tblbox_payment` (
  `id_box_payment` int(11) NOT NULL,
  `id_supplier` int(11) NOT NULL,
  `box_quantity` int(11) NOT NULL,
  `voucher_no` int(11) NOT NULL,
  `date` date NOT NULL,
  `vehicle_no` varchar(1000) NOT NULL,
  `_old_balance` int(11) NOT NULL,
  `_today` int(11) NOT NULL,
  `_vehicle_no` varchar(100) NOT NULL
) ENGINE=InnoDB DEFAULT CHARSET=utf8;

--
-- Dumping data for table `tblbox_payment`
--

INSERT INTO `tblbox_payment` (`id_box_payment`, `id_supplier`, `box_quantity`, `voucher_no`, `date`, `vehicle_no`, `_old_balance`, `_today`, `_vehicle_no`) VALUES
(1, 1, 76, 1, '2018-03-16', '', 200, 0, '--Select--'),
(2, 1, 48, 2, '2018-04-11', '', 124, 0, '--Select--'),
(3, 1, 79, 3, '2018-04-13', '5906', 76, 0, '');

-- --------------------------------------------------------

--
-- Table structure for table `tblbox_payment_item`
--

CREATE TABLE `tblbox_payment_item` (
  `id_box_payment_item` int(11) NOT NULL,
  `id_box_payment` int(11) NOT NULL,
  `box_mark` varchar(20) NOT NULL,
  `quantity` int(11) NOT NULL
) ENGINE=InnoDB DEFAULT CHARSET=utf8;

--
-- Dumping data for table `tblbox_payment_item`
--

INSERT INTO `tblbox_payment_item` (`id_box_payment_item`, `id_box_payment`, `box_mark`, `quantity`) VALUES
(2, 1, 'MAF', 76),
(3, 2, 'MAF', 48),
(5, 3, 'MAF', 79);

-- --------------------------------------------------------

--
-- Table structure for table `tblbox_purchase_voucher`
--

CREATE TABLE `tblbox_purchase_voucher` (
  `id_box_purchase_voucher` int(11) NOT NULL,
  `voucher_no` int(11) NOT NULL,
  `date` date NOT NULL
) ENGINE=InnoDB DEFAULT CHARSET=latin1;

--
-- Dumping data for table `tblbox_purchase_voucher`
--

INSERT INTO `tblbox_purchase_voucher` (`id_box_purchase_voucher`, `voucher_no`, `date`) VALUES
(1, 1, '2018-03-14'),
(2, 2, '2018-04-19');

-- --------------------------------------------------------

--
-- Table structure for table `tblbox_purchase_voucher_item`
--

CREATE TABLE `tblbox_purchase_voucher_item` (
  `id_box_purchase_voucher_item` int(11) NOT NULL,
  `id_box_purchase_voucher` int(11) NOT NULL,
  `id_supplier` int(11) NOT NULL,
  `box_mark` varchar(20) NOT NULL,
  `quantity` int(11) NOT NULL,
  `vehicle_no` varchar(50) NOT NULL
) ENGINE=InnoDB DEFAULT CHARSET=latin1;

--
-- Dumping data for table `tblbox_purchase_voucher_item`
--

INSERT INTO `tblbox_purchase_voucher_item` (`id_box_purchase_voucher_item`, `id_box_purchase_voucher`, `id_supplier`, `box_mark`, `quantity`, `vehicle_no`) VALUES
(1, 1, 1, 'MAF', 200, 'GA08V8261 JHONSON'),
(2, 2, 1, 'MIX', 165, 'COSTAL');

-- --------------------------------------------------------

--
-- Table structure for table `tblbox_receipt`
--

CREATE TABLE `tblbox_receipt` (
  `id_box_receipt` int(11) NOT NULL,
  `voucher_no` int(11) NOT NULL,
  `date` date NOT NULL
) ENGINE=InnoDB DEFAULT CHARSET=latin1;

--
-- Dumping data for table `tblbox_receipt`
--

INSERT INTO `tblbox_receipt` (`id_box_receipt`, `voucher_no`, `date`) VALUES
(1, 1, '2018-03-08'),
(2, 2, '2018-03-08'),
(3, 3, '2018-03-08'),
(4, 4, '2018-03-08'),
(5, 5, '2018-03-14'),
(6, 6, '2018-03-14'),
(7, 7, '2018-03-15'),
(8, 8, '2018-03-15'),
(9, 9, '2018-03-15'),
(10, 10, '2018-03-16'),
(11, 11, '2018-03-16'),
(12, 12, '2018-03-16'),
(13, 13, '2018-03-16'),
(14, 14, '2018-03-17'),
(15, 15, '2018-03-16'),
(16, 16, '2018-03-17'),
(17, 17, '2018-03-18'),
(18, 18, '2018-03-19'),
(19, 19, '2018-03-19'),
(20, 20, '2018-03-14'),
(21, 21, '2018-03-20'),
(22, 22, '2018-03-21'),
(23, 23, '2018-03-21'),
(24, 24, '2018-03-18'),
(25, 25, '2018-03-14'),
(26, 26, '2018-03-22'),
(27, 27, '2018-03-24'),
(28, 28, '2018-03-24'),
(29, 29, '2018-03-25'),
(30, 30, '2018-03-26'),
(31, 31, '2018-03-26'),
(32, 32, '2018-03-27'),
(33, 33, '2018-03-27'),
(34, 34, '2018-03-29'),
(35, 35, '2018-04-10'),
(36, 36, '2018-04-10'),
(37, 37, '2018-01-26'),
(38, 38, '2018-04-10'),
(39, 39, '2018-04-11'),
(40, 40, '2018-04-11'),
(41, 41, '2018-04-11'),
(42, 42, '2018-04-12'),
(43, 43, '2018-04-13'),
(44, 44, '2018-04-14'),
(45, 45, '2018-04-16'),
(46, 46, '2018-04-17'),
(47, 47, '2018-04-18'),
(48, 48, '2018-04-16'),
(49, 49, '2018-04-14'),
(50, 50, '2018-04-19'),
(51, 51, '2018-04-19'),
(52, 52, '2018-04-19'),
(53, 53, '2018-04-19'),
(54, 54, '2018-04-20'),
(55, 55, '2018-04-21'),
(56, 56, '2018-04-21'),
(57, 57, '2018-04-23'),
(58, 58, '2018-04-23'),
(59, 59, '2018-04-19'),
(60, 60, '2018-04-23'),
(61, 61, '2018-04-24'),
(62, 62, '2018-04-24'),
(63, 63, '2018-04-24'),
(64, 64, '2018-04-24'),
(65, 65, '2018-04-24'),
(66, 66, '2018-04-24'),
(67, 67, '2018-04-25'),
(68, 68, '2018-04-26'),
(69, 69, '2018-04-28'),
(70, 70, '2018-04-29'),
(71, 71, '2018-04-29'),
(72, 72, '2018-04-30'),
(73, 73, '2018-04-30'),
(74, 74, '2018-05-01'),
(75, 75, '2018-05-01'),
(76, 76, '2018-05-02'),
(77, 77, '2018-05-02'),
(78, 78, '2018-05-03'),
(79, 79, '2018-05-07'),
(80, 80, '2018-05-09'),
(81, 81, '2018-05-10'),
(82, 82, '2018-05-12'),
(83, 83, '2018-05-12'),
(84, 84, '2018-04-15'),
(85, 85, '2018-05-12'),
(86, 86, '2018-04-05'),
(87, 87, '2018-05-13'),
(88, 88, '2018-05-17'),
(89, 89, '2018-05-19'),
(90, 90, '2018-05-20'),
(91, 91, '2018-05-21'),
(92, 92, '2018-05-21'),
(93, 93, '2018-04-18'),
(94, 94, '2018-03-18'),
(95, 95, '2018-05-22'),
(96, 96, '2018-05-23'),
(97, 97, '2018-05-26'),
(98, 98, '2018-05-26'),
(99, 99, '2018-05-26'),
(100, 100, '2018-05-27'),
(101, 101, '2018-05-30'),
(102, 102, '2018-06-13'),
(103, 103, '2018-06-16'),
(104, 104, '2018-06-17'),
(105, 105, '2018-06-17'),
(106, 106, '2018-06-17'),
(107, 107, '2018-06-17'),
(108, 108, '2018-06-18'),
(109, 109, '2018-06-18'),
(110, 110, '2018-05-26'),
(111, 111, '2018-05-22'),
(112, 112, '2018-06-19'),
(113, 113, '2018-06-18'),
(114, 114, '2018-06-20'),
(115, 115, '2018-06-19'),
(116, 116, '2018-06-21'),
(117, 117, '2018-06-22'),
(118, 118, '2018-06-23'),
(119, 119, '2018-05-26'),
(120, 120, '2018-06-25'),
(121, 121, '2018-06-25'),
(122, 122, '2018-06-26'),
(123, 123, '2018-06-27'),
(124, 124, '2018-06-28'),
(125, 125, '2018-06-29'),
(126, 126, '2018-06-30'),
(127, 127, '2018-07-01'),
(128, 128, '2018-07-02'),
(129, 129, '2018-07-02'),
(130, 130, '2018-07-04'),
(131, 131, '2018-07-05'),
(132, 132, '2018-07-06'),
(133, 133, '2018-07-07'),
(134, 134, '2018-07-09'),
(135, 135, '2018-07-10'),
(136, 136, '2018-07-11'),
(137, 137, '2018-07-12'),
(138, 138, '2018-07-12'),
(139, 139, '2018-07-12'),
(140, 140, '2018-07-15'),
(141, 141, '2018-07-16'),
(142, 142, '2018-07-16'),
(143, 143, '2018-07-17'),
(144, 144, '2018-07-19'),
(145, 145, '2018-07-17'),
(146, 146, '2018-07-19'),
(147, 147, '2018-07-21'),
(148, 148, '2018-07-23'),
(149, 149, '2018-07-26'),
(150, 150, '2018-07-28'),
(151, 151, '2018-07-29'),
(152, 152, '2018-07-30'),
(153, 153, '2018-07-31'),
(154, 154, '2018-08-06'),
(155, 155, '2018-08-08'),
(156, 156, '2018-08-09'),
(157, 157, '2018-08-10'),
(158, 158, '2018-08-11'),
(159, 159, '2018-08-12'),
(160, 160, '2018-08-14'),
(161, 161, '2018-08-17'),
(162, 162, '2018-08-21'),
(163, 163, '2018-08-22'),
(164, 164, '2018-08-27'),
(165, 165, '2018-08-28'),
(166, 166, '2018-08-30'),
(167, 167, '2018-09-02'),
(168, 168, '2018-09-03'),
(169, 169, '2018-09-04'),
(170, 170, '2018-09-05'),
(171, 171, '2018-09-06'),
(172, 172, '2018-09-08'),
(173, 173, '2018-09-09'),
(174, 174, '2018-09-09'),
(175, 175, '2018-09-15');

-- --------------------------------------------------------

--
-- Table structure for table `tblbox_receipt2`
--

CREATE TABLE `tblbox_receipt2` (
  `id_box_receipt` int(11) NOT NULL,
  `id_customer` int(11) NOT NULL,
  `date` date NOT NULL,
  `remark` varchar(200) DEFAULT NULL
) ENGINE=InnoDB DEFAULT CHARSET=latin1;

-- --------------------------------------------------------

--
-- Table structure for table `tblbox_receipt2_item`
--

CREATE TABLE `tblbox_receipt2_item` (
  `id_box_receipt_item` int(11) NOT NULL,
  `id_box_receipt` int(11) NOT NULL,
  `box` int(11) NOT NULL,
  `box_mark` varchar(50) NOT NULL
) ENGINE=InnoDB DEFAULT CHARSET=latin1;

-- --------------------------------------------------------

--
-- Table structure for table `tblbox_receipt_item`
--

CREATE TABLE `tblbox_receipt_item` (
  `id_box_receipt_item` int(11) NOT NULL,
  `id_box_receipt` int(11) NOT NULL,
  `box` int(11) NOT NULL,
  `box_mark` varchar(50) NOT NULL,
  `id_customer` int(11) NOT NULL,
  `id_supplier` int(11) NOT NULL,
  `box_quantity` int(11) NOT NULL
) ENGINE=InnoDB DEFAULT CHARSET=latin1;

--
-- Dumping data for table `tblbox_receipt_item`
--

INSERT INTO `tblbox_receipt_item` (`id_box_receipt_item`, `id_box_receipt`, `box`, `box_mark`, `id_customer`, `id_supplier`, `box_quantity`) VALUES
(1, 1, 0, 'KNH', 20, 7, 16),
(2, 1, 0, 'KNH', 19, 7, 10),
(4, 3, 0, 'KNH', 22, 7, 46),
(5, 4, 0, 'KNH', 6, 7, 104),
(6, 5, 0, 'KNH', 14, 7, 23),
(7, 6, 0, 'KNH', 26, 7, 89),
(8, 7, 0, 'KNH', 9, 7, 28),
(9, 8, 0, 'KNH', 8, 7, 12),
(12, 10, 0, 'KNH', 6, 7, 63),
(13, 11, 0, 'KNH', 8, 7, 13),
(14, 11, 0, 'KNH', 19, 7, 14),
(15, 11, 0, 'KNH', 20, 7, 40),
(16, 11, 0, 'KNH', 10, 7, 30),
(17, 11, 0, 'KNH', 4, 7, 49),
(18, 11, 0, 'KNH', 5, 7, 14),
(19, 12, 0, 'KNH', 11, 7, 33),
(20, 13, 0, 'KNH', 26, 7, 53),
(21, 13, 0, 'KNH', 26, 7, 8),
(22, 14, 0, 'KNH', 5, 7, 26),
(23, 14, 0, 'KNH', 10, 7, 20),
(24, 14, 0, 'KNH', 4, 7, 63),
(25, 15, 0, 'KNH', 14, 7, 61),
(26, 16, 0, 'MAF', 26, 7, 11),
(27, 16, 0, 'KNH', 26, 7, 20),
(28, 17, 0, 'KNH', 8, 7, 4),
(29, 17, 0, 'KNH', 10, 7, 11),
(32, 19, 0, 'KNH', 26, 7, 30),
(33, 20, 0, 'KNH', 26, 7, 51),
(34, 21, 0, 'KNH', 19, 7, 43),
(35, 21, 0, 'KNH', 18, 7, 17),
(36, 22, 0, 'KNH', 18, 7, 27),
(37, 22, 0, 'KNH', 9, 7, 33),
(38, 22, 0, 'KNH', 11, 7, 10),
(39, 23, 0, 'KNH', 4, 7, 10),
(41, 25, 0, 'KNH', 2, 7, 16),
(42, 25, 0, 'KNH', 1, 7, 112),
(43, 25, 0, 'KNH', 3, 7, 72),
(44, 26, 0, 'KNH', 26, 7, 23),
(45, 26, 0, 'MAF', 26, 7, 3),
(46, 27, 0, 'KNH', 4, 7, 18),
(47, 27, 0, 'KNH', 6, 7, 91),
(48, 27, 0, 'KNH', 5, 7, 31),
(49, 28, 0, 'KNH', 49, 7, 17),
(50, 29, 0, 'KNH', 9, 7, 62),
(51, 30, 0, '', 26, 7, 30),
(52, 30, 0, 'KNH', 19, 7, 88),
(53, 30, 0, 'KNH', 71, 7, 13),
(54, 31, 0, 'KNH', 9, 7, 17),
(55, 32, 0, 'KNH', 1, 7, 113),
(56, 24, 0, 'KNH', 49, 7, 74),
(57, 33, 0, 'KNH', 19, 7, 36),
(58, 33, 0, 'KNH', 18, 7, 49),
(59, 34, 0, 'KNH', 8, 7, 7),
(60, 34, 0, 'MAF', 10, 7, 1),
(61, 34, 0, 'KNH', 10, 7, 63),
(62, 34, 0, 'KNH', 3, 7, 39),
(63, 35, 0, 'KNH', 11, 7, 20),
(64, 35, 0, 'KNH', 18, 7, 39),
(65, 35, 0, 'KNH', 10, 7, 23),
(66, 35, 0, 'KNH', 12, 7, 31),
(67, 36, 0, 'KNH', 37, 7, 108),
(68, 36, 0, 'KNH', 25, 7, 4),
(69, 36, 0, 'KNH', 26, 7, 32),
(70, 36, 0, 'MAF', 26, 7, 2),
(71, 36, 0, 'KNH', 23, 7, 17),
(72, 36, 0, 'KNH', 38, 7, 13),
(74, 37, 0, 'KNH', 23, 7, 22),
(75, 38, 0, 'KNH', 22, 7, 34),
(76, 39, 0, 'KNH', 19, 7, 40),
(77, 39, 0, 'MIX', 19, 7, 25),
(78, 40, 0, 'KNH', 28, 7, 83),
(79, 40, 0, 'KNH', 10, 7, 1),
(80, 41, 0, 'KNH', 6, 7, 132),
(81, 41, 0, 'KNH', 1, 7, 200),
(82, 42, 0, 'KNH', 9, 7, 37),
(83, 43, 0, 'KNH', 12, 7, 39),
(84, 44, 0, 'KNH', 1, 7, 112),
(85, 44, 0, 'KNH', 3, 7, 17),
(87, 45, 0, 'KNH', 19, 7, 111),
(88, 45, 0, 'KNH', 20, 7, 156),
(89, 46, 0, 'KNH', 34, 7, 54),
(90, 46, 0, 'KNH', 18, 7, 17),
(91, 47, 0, 'KNH', 8, 7, 10),
(92, 47, 0, 'KNH', 34, 7, 13),
(93, 48, 0, 'KNH', 37, 7, 16),
(94, 49, 0, 'KNH', 28, 7, 6),
(95, 50, 0, 'KNH', 4, 7, 47),
(96, 51, 0, 'KNH', 10, 7, 40),
(97, 51, 0, 'KNH', 12, 7, 45),
(98, 51, 0, 'KNH', 1, 7, 53),
(99, 52, 0, 'KNH', 6, 7, 4),
(100, 53, 0, 'KNH', 37, 7, 35),
(101, 53, 0, 'KNH', 38, 7, 64),
(102, 54, 0, 'KNH', 20, 7, 59),
(103, 54, 0, 'KNH', 5, 7, 140),
(104, 54, 0, 'KNH', 1, 7, 24),
(105, 54, 0, 'KNH', 3, 7, 36),
(106, 55, 0, 'KNH', 38, 7, 12),
(107, 55, 0, 'KNH', 25, 7, 20),
(108, 56, 0, 'KNH', 18, 7, 17),
(109, 56, 0, 'KNH', 19, 7, 111),
(110, 56, 0, 'KNH', 10, 7, 20),
(111, 56, 0, 'KNH', 8, 7, 5),
(112, 56, 0, 'KNH', 9, 7, 11),
(113, 56, 0, 'KNH', 6, 7, 144),
(114, 57, 0, 'KNH', 9, 7, 24),
(115, 57, 0, 'KNH', 10, 7, 24),
(116, 58, 0, 'KNH', 6, 7, 63),
(117, 58, 0, 'KNH', 5, 7, 54),
(118, 58, 0, 'KNH', 4, 7, 23),
(119, 59, 0, 'KNH', 57, 7, 66),
(123, 60, 0, 'MAF', 26, 7, 7),
(124, 60, 0, 'KNH', 26, 7, 29),
(125, 61, 0, 'KNH', 3, 7, 18),
(135, 65, 0, 'KNH', 38, 7, 13),
(142, 66, 0, 'KNH', 25, 7, 27),
(143, 66, 0, 'KNH', 23, 7, 23),
(146, 64, 0, 'KNH', 49, 7, 30),
(147, 64, 0, 'KNH', 26, 7, 40),
(148, 67, 0, 'KNH', 1, 7, 19),
(149, 67, 0, 'KNH', 3, 7, 7),
(150, 67, 0, 'KNH', 19, 7, 46),
(151, 67, 0, 'KNH', 11, 7, 5),
(152, 67, 0, 'KNH', 6, 7, 25),
(153, 67, 0, 'KNH', 5, 7, 11),
(154, 68, 0, 'KNH', 25, 7, 36),
(155, 9, 0, 'KNH', 10, 7, 8),
(156, 9, 0, 'KNH', 12, 7, 2),
(157, 69, 0, 'KNH', 6, 7, 54),
(158, 70, 0, 'KNH', 5, 7, 33),
(159, 71, 0, 'KNH', 19, 7, 60),
(160, 72, 0, 'KNH', 10, 7, 30),
(161, 72, 0, 'KNH', 34, 7, 19),
(162, 73, 0, 'KNH', 26, 7, 19),
(163, 74, 0, 'KNH', 8, 7, 2),
(164, 75, 0, 'KNH', 22, 7, 14),
(165, 75, 0, 'KNH', 23, 7, 8),
(166, 76, 0, 'KNH', 19, 7, 44),
(167, 76, 0, 'KNH', 18, 7, 16),
(168, 77, 0, 'KNH', 9, 7, 79),
(169, 77, 0, 'KNH', 3, 7, 24),
(170, 77, 0, 'KNH', 4, 7, 19),
(171, 77, 0, 'KNH', 5, 7, 43),
(172, 78, 0, 'KNH', 19, 7, 5),
(173, 78, 0, 'KNH', 20, 7, 135),
(174, 79, 0, 'KNH', 1, 7, 248),
(175, 80, 0, 'KNH', 12, 7, 21),
(176, 80, 0, 'KNH', 10, 7, 65),
(179, 82, 0, 'KNH', 19, 7, 56),
(181, 83, 0, 'KNH', 9, 7, 30),
(182, 83, 0, 'KNH', 18, 7, 65),
(184, 85, 0, 'KNH', 6, 7, 127),
(185, 84, 0, 'KNH', 6, 7, 0),
(187, 86, 0, 'KNH', 6, 7, 0),
(188, 87, 0, 'KNH', 10, 7, 30),
(189, 87, 0, 'KNH', 3, 7, 16),
(190, 87, 0, 'KNH', 5, 7, 13),
(191, 87, 0, 'KNH', 19, 7, 37),
(192, 88, 0, 'KNH', 22, 7, 54),
(193, 89, 0, 'KNH', 19, 7, 126),
(194, 89, 0, 'KNH', 4, 7, 35),
(195, 89, 0, 'KNH', 5, 7, 5),
(196, 89, 0, 'KNH', 6, 7, 102),
(197, 89, 0, 'KNH', 1, 7, 154),
(198, 90, 0, 'KNH', 26, 7, 15),
(199, 90, 0, 'KNH', 34, 7, 23),
(200, 91, 0, 'KNH', 10, 7, 15),
(202, 92, 0, 'KNH', 4, 7, 12),
(203, 92, 0, 'KNH', 1, 7, 57),
(209, 62, 0, 'KNH', 1, 7, 79),
(210, 62, 0, 'KNH', 6, 7, 39),
(211, 62, 0, 'KNH', 5, 7, 8),
(212, 62, 0, 'KNH', 10, 7, 20),
(213, 62, 0, 'KNH', 22, 7, 45),
(214, 63, 0, 'KNH', 19, 7, 60),
(215, 63, 0, 'KNH', 18, 7, 10),
(216, 93, 0, 'KNH', 3, 7, 45),
(217, 94, 0, 'KNH', 18, 7, 36),
(218, 95, 0, 'KNH', 18, 7, 40),
(219, 95, 0, 'KNH', 19, 7, 89),
(220, 95, 0, 'KNH', 5, 7, 8),
(221, 95, 0, 'KNH', 6, 7, 59),
(222, 96, 0, 'KNH', 10, 7, 42),
(223, 97, 0, 'KNH', 18, 7, 1),
(224, 97, 0, 'KNH', 19, 7, 39),
(225, 98, 0, 'KNH', 3, 7, 50),
(226, 99, 0, 'KNH', 48, 7, 60),
(227, 100, 0, 'KNH', 10, 7, 17),
(228, 101, 0, 'KNH', 1, 7, 144),
(230, 102, 0, 'KNH', 26, 7, 88),
(231, 102, 0, 'KNH', 37, 7, 52),
(232, 103, 0, 'KNH', 35, 7, 22),
(233, 104, 0, 'KNH', 13, 7, 140),
(234, 105, 0, 'KNH', 5, 7, 30),
(235, 105, 0, 'KNH', 1, 7, 114),
(236, 106, 0, 'KNH', 16, 7, 54),
(237, 107, 0, 'KNH', 57, 7, 134),
(238, 107, 0, 'KNH', 101, 7, 7),
(239, 107, 0, 'KNH', 102, 7, 19),
(240, 107, 0, 'KNH', 48, 7, 56),
(241, 108, 0, 'KNH', 6, 7, 114),
(242, 108, 0, 'KNH', 27, 7, 26),
(243, 109, 0, 'KNH', 16, 7, 48),
(247, 110, 0, 'KNH', 28, 7, 98),
(248, 111, 0, 'KNH', 64, 7, 210),
(249, 112, 0, 'KNH', 19, 7, 77),
(250, 112, 0, 'KNH', 10, 7, 43),
(251, 112, 0, 'KNH', 21, 7, 39),
(252, 113, 0, 'KNH', 22, 7, 33),
(253, 114, 0, 'KNH', 3, 7, 27),
(254, 114, 0, 'KNH', 5, 7, 36),
(255, 114, 0, 'KNH', 6, 7, 28),
(256, 114, 0, 'KNH', 27, 7, 53),
(257, 115, 0, 'KNH', 53, 7, 40),
(258, 115, 0, 'KNH', 103, 7, 43),
(259, 115, 0, 'KNH', 45, 7, 47),
(260, 115, 0, 'KNH', 44, 7, 44),
(261, 115, 0, 'KNH', 28, 7, 51),
(262, 116, 0, 'KNH', 1, 7, 49),
(263, 116, 0, 'KNH', 3, 7, 36),
(264, 116, 0, 'KNH', 18, 7, 16),
(265, 116, 0, 'KNH', 19, 7, 35),
(266, 117, 0, 'KNH', 10, 7, 38),
(267, 117, 0, 'KNH', 9, 7, 30),
(268, 117, 0, 'KNH', 17, 7, 47),
(269, 117, 0, 'KNH', 13, 7, 47),
(270, 117, 0, 'KNH', 16, 7, 16),
(271, 117, 0, 'KNH', 12, 7, 30),
(272, 118, 0, 'KNH', 19, 7, 19),
(273, 118, 0, 'KNH', 21, 7, 57),
(274, 118, 0, 'KNH', 20, 7, 64),
(275, 119, 0, 'KNH', 5, 7, 56),
(276, 120, 0, 'KNH', 5, 7, 34),
(277, 120, 0, 'KNH', 6, 7, 33),
(278, 120, 0, 'KNH', 1, 7, 71),
(279, 120, 0, 'KNH', 3, 7, 6),
(280, 121, 0, 'KNH', 18, 7, 45),
(281, 121, 0, 'KNH', 19, 7, 92),
(287, 122, 0, 'KNH', 22, 7, 42),
(288, 122, 0, 'KNH', 12, 7, 102),
(289, 122, 0, 'KNH', 9, 7, 33),
(290, 122, 0, 'KNH', 1, 7, 7),
(291, 122, 0, 'KNH', 3, 7, 15),
(292, 122, 0, 'KNH', 4, 7, 41),
(293, 123, 0, 'KNH', 16, 7, 8),
(297, 125, 0, 'KNH', 49, 7, 75),
(298, 124, 0, 'KNH', 54, 7, 43),
(299, 124, 0, 'KNH', 105, 7, 52),
(300, 124, 0, 'KNH', 37, 7, 60),
(301, 126, 0, 'KNH', 64, 7, 84),
(302, 127, 0, 'KNH', 8, 7, 6),
(303, 128, 0, 'KNH', 19, 7, 83),
(304, 128, 0, 'KNH', 12, 7, 61),
(305, 129, 0, 'KNH', 106, 7, 10),
(306, 129, 0, 'KNH', 37, 7, 34),
(307, 129, 0, 'KNH', 22, 7, 24),
(308, 129, 0, 'KNH', 105, 7, 124),
(321, 131, 0, 'KNH', 10, 7, 17),
(322, 131, 0, 'KNH', 14, 7, 24),
(323, 131, 0, 'KNH', 11, 7, 32),
(324, 130, 0, 'KNH', 54, 7, 56),
(325, 130, 0, 'KNH', 105, 7, 46),
(326, 130, 0, 'KNH', 71, 7, 47),
(327, 130, 0, 'KNH', 14, 7, 59),
(328, 130, 0, 'KNH', 17, 7, 42),
(329, 130, 0, 'KNH', 10, 7, 41),
(330, 130, 0, 'KNH', 1, 7, 170),
(331, 130, 0, 'KNH', 19, 7, 48),
(332, 130, 0, 'KNH', 5, 7, 20),
(333, 130, 0, 'KNH', 3, 7, 24),
(334, 130, 0, 'KNH', 6, 7, 22),
(335, 130, 0, 'KNH', 4, 7, 51),
(336, 130, 0, 'KNH', 27, 7, 15),
(338, 132, 0, 'KNH', 1, 7, 57),
(339, 132, 0, 'KNH', 18, 7, 51),
(340, 133, 0, 'KNH', 27, 7, 26),
(341, 133, 0, 'KNH', 6, 7, 72),
(342, 133, 0, 'KNH', 5, 7, 22),
(343, 134, 0, 'KNH', 20, 7, 25),
(344, 134, 0, 'KNH', 19, 7, 111),
(345, 135, 0, 'KNH', 26, 7, 4),
(346, 136, 0, 'KNH', 22, 7, 20),
(347, 136, 0, 'KNH', 38, 7, 15),
(349, 138, 0, 'KNH', 1, 7, 67),
(350, 138, 0, 'KNH', 31, 7, 18),
(351, 138, 0, 'KNH', 6, 7, 45),
(353, 137, 0, 'KNH', 17, 7, 46),
(354, 139, 0, 'KNH', 26, 7, 51),
(357, 141, 0, 'MIX', 1, 7, 34),
(358, 142, 0, 'KNH', 11, 7, 4),
(359, 142, 0, 'KNH', 8, 7, 7),
(360, 142, 0, 'KNH', 71, 7, 12),
(361, 142, 0, 'KNH', 12, 7, 35),
(365, 144, 0, 'KNH', 19, 7, 24),
(366, 144, 0, 'KNH', 18, 7, 12),
(367, 144, 0, 'KNH', 10, 7, 33),
(368, 144, 0, 'KNH', 6, 7, 24),
(369, 144, 0, 'MIX', 6, 7, 26),
(370, 145, 0, 'KNH', 3, 7, 30),
(371, 146, 0, 'MIX', 10, 7, 15),
(377, 143, 0, 'MIX', 12, 7, 24),
(378, 143, 0, 'KNH', 8, 7, 11),
(379, 143, 0, 'KNH', 5, 7, 100),
(380, 143, 0, 'KNH', 19, 7, 34),
(381, 140, 0, 'KNH', 4, 7, 6),
(382, 140, 0, 'KNH', 18, 7, 18),
(383, 148, 0, 'KNH', 1, 7, 90),
(384, 148, 0, 'KNH', 5, 7, 50),
(385, 149, 0, 'KNH', 6, 7, 59),
(386, 149, 0, 'KNH', 1, 7, 64),
(387, 149, 0, 'KNH', 5, 7, 14),
(390, 150, 0, 'KNH', 12, 7, 34),
(391, 150, 0, 'KNH', 9, 7, 9),
(392, 150, 0, 'KNH', 18, 7, 5),
(393, 150, 0, 'MIX', 71, 7, 11),
(394, 150, 0, 'KNH', 71, 7, 26),
(399, 147, 0, 'KNH', 10, 7, 5),
(400, 147, 0, 'KNH', 8, 7, 4),
(401, 147, 0, 'KNH', 37, 7, 14),
(402, 147, 0, 'MIX', 12, 7, 18),
(403, 147, 0, 'KNH', 12, 7, 31),
(404, 147, 0, 'KNH', 13, 7, 18),
(405, 152, 0, 'KNH', 1, 7, 14),
(406, 152, 0, 'KNH', 18, 7, 8),
(407, 152, 0, 'KNH', 3, 7, 38),
(408, 152, 0, 'KNH', 34, 7, 29),
(409, 153, 0, 'KNH', 5, 7, 50),
(410, 153, 0, 'KNH', 1, 7, 30),
(411, 153, 0, 'KNH', 6, 7, 41),
(412, 153, 0, 'KNH', 27, 7, 19),
(413, 151, 0, 'KNH', 9, 7, 4),
(414, 151, 0, 'KNH', 10, 7, 11),
(415, 151, 0, 'KNH', 18, 7, 9),
(416, 151, 0, 'KNH', 19, 7, 36),
(421, 154, 0, 'KNH', 37, 7, 75),
(422, 154, 0, 'KNH', 38, 7, 4),
(423, 154, 0, 'KNH', 8, 7, 3),
(424, 154, 0, 'KNH', 22, 7, 40),
(425, 154, 0, 'KNH', 9, 7, 28),
(426, 154, 0, 'KNH', 10, 7, 10),
(427, 155, 0, 'KNH', 26, 7, 88),
(432, 156, 0, 'KNH', 11, 7, 1),
(433, 156, 0, 'KNH', 19, 7, 42),
(434, 156, 0, 'KNH', 18, 7, 37),
(435, 156, 0, 'KNH', 21, 7, 53),
(436, 157, 0, 'KNH', 22, 7, 8),
(437, 157, 0, 'KNH', 25, 7, 23),
(438, 158, 0, 'KNH', 22, 7, 25),
(439, 159, 0, 'KNH', 71, 7, 35),
(440, 159, 0, 'KNH', 13, 7, 24),
(441, 160, 0, 'KNH', 6, 7, 25),
(442, 160, 0, 'KNH', 1, 7, 74),
(443, 160, 0, 'KNH', 5, 7, 30),
(444, 160, 0, 'KNH', 37, 7, 32),
(445, 160, 0, 'KNH', 38, 7, 18),
(446, 160, 0, 'KNH', 25, 7, 29),
(447, 161, 0, 'KNH', 12, 7, 70),
(448, 161, 0, 'KNH', 10, 7, 26),
(449, 161, 0, 'KNH', 9, 7, 7),
(450, 162, 0, 'KNH', 25, 7, 10),
(451, 162, 0, 'KNH', 12, 7, 66),
(452, 163, 0, 'KNH', 25, 7, 17),
(453, 164, 0, 'KNH', 10, 7, 6),
(454, 164, 0, 'KNH', 9, 7, 32),
(466, 165, 0, 'KNH', 22, 7, 60),
(467, 165, 0, 'KNH', 27, 7, 56),
(468, 165, 0, 'KNH', 3, 7, 24),
(469, 165, 0, 'KNH', 6, 7, 43),
(470, 165, 0, 'KNH', 5, 7, 8),
(471, 165, 0, 'KNH', 109, 7, 9),
(472, 166, 0, 'KNH', 75, 7, 64),
(473, 166, 0, 'KNH', 79, 7, 20),
(474, 166, 0, 'KNH', 76, 7, 20),
(475, 166, 0, 'KNH', 77, 7, 34),
(483, 168, 0, 'KNH', 78, 7, 1),
(484, 168, 0, 'KNH', 27, 7, 35),
(485, 168, 0, 'KNH', 9, 7, 48),
(486, 168, 0, 'KNH', 6, 7, 34),
(487, 168, 0, 'KNH', 5, 7, 12),
(488, 167, 0, 'KNH', 63, 7, 105),
(489, 167, 0, 'KNH', 19, 7, 16),
(490, 167, 0, 'KNH', 1, 7, 18),
(492, 169, 0, 'KNH', 12, 7, 110),
(493, 169, 0, 'KNH', 9, 7, 6),
(494, 169, 0, 'KNH', 6, 7, 26),
(495, 169, 0, 'KNH', 1, 7, 28),
(496, 169, 0, 'KNH', 10, 7, 50),
(497, 170, 0, 'KNH', 18, 7, 5),
(498, 170, 0, 'KNH', 19, 7, 54),
(499, 170, 0, 'KNH', 32, 7, 51),
(500, 2, 0, 'KNH', 18, 7, 26),
(501, 81, 0, 'KNH', 19, 7, 100),
(502, 81, 0, 'KNH', 18, 7, 48),
(505, 171, 0, 'KNH', 12, 7, 62),
(506, 171, 0, 'KNH', 30, 7, 12),
(507, 171, 0, 'KNH', 26, 7, 205),
(513, 172, 0, 'KNH', 63, 7, 202),
(514, 172, 0, 'KNH', 30, 7, 66),
(515, 172, 0, 'KNH', 21, 7, 12),
(516, 172, 0, 'KNH', 19, 7, 19),
(517, 172, 0, 'KNH', 18, 7, 35),
(518, 174, 0, 'KNH', 65, 7, 27),
(519, 18, 0, 'KNH', 20, 7, 26),
(520, 18, 0, 'KNH', 19, 7, 43),
(521, 175, 0, 'KNH', 32, 7, 50),
(522, 175, 0, 'KNH', 30, 7, 72),
(523, 173, 0, 'KNH', 63, 7, 0);

-- --------------------------------------------------------

--
-- Table structure for table `tblbox_sales_voucher`
--

CREATE TABLE `tblbox_sales_voucher` (
  `id_box_sales_voucher` int(11) NOT NULL,
  `voucher_no` int(11) NOT NULL,
  `date` date NOT NULL
) ENGINE=InnoDB DEFAULT CHARSET=latin1;

--
-- Dumping data for table `tblbox_sales_voucher`
--

INSERT INTO `tblbox_sales_voucher` (`id_box_sales_voucher`, `voucher_no`, `date`) VALUES
(1, 1, '2018-03-04'),
(2, 2, '2018-03-04'),
(3, 3, '2018-03-03'),
(4, 4, '2018-03-01'),
(5, 5, '2018-02-26'),
(6, 6, '2018-03-03'),
(7, 7, '2018-01-24'),
(8, 8, '2018-03-02'),
(9, 9, '2018-01-22'),
(10, 10, '2018-03-07'),
(11, 11, '2018-03-08'),
(12, 12, '2017-12-29'),
(13, 13, '2014-03-08'),
(14, 14, '2017-03-08'),
(15, 15, '2016-03-08'),
(16, 16, '2018-03-04'),
(17, 17, '2016-03-08'),
(18, 18, '2018-03-08'),
(19, 19, '2018-01-18'),
(20, 20, '2018-01-17'),
(21, 21, '2018-03-08'),
(22, 22, '2018-03-13'),
(23, 23, '2018-03-14'),
(24, 24, '2018-03-14'),
(25, 25, '2018-03-14'),
(26, 26, '2018-03-14'),
(27, 27, '2018-03-14'),
(28, 28, '2018-03-14'),
(29, 29, '2018-03-14'),
(30, 30, '2018-03-15'),
(31, 31, '2018-03-15'),
(32, 32, '2018-03-15'),
(33, 33, '2018-03-15'),
(34, 34, '2018-03-15'),
(35, 35, '2018-03-15'),
(36, 36, '2018-03-15'),
(37, 37, '2018-03-15'),
(38, 38, '2018-03-15'),
(39, 39, '2018-03-15'),
(40, 40, '2018-03-16'),
(41, 41, '2018-03-16'),
(42, 42, '2018-03-16'),
(43, 43, '2018-03-16'),
(44, 44, '2018-03-17'),
(45, 45, '2018-03-17'),
(46, 46, '2018-03-18'),
(47, 47, '2018-03-19'),
(48, 48, '2018-03-19'),
(49, 49, '2018-03-20'),
(50, 50, '2018-03-16'),
(51, 51, '2018-03-21'),
(52, 52, '2018-03-22'),
(53, 53, '2018-03-22'),
(54, 54, '2018-03-23'),
(55, 55, '2018-03-23'),
(56, 56, '2018-03-24'),
(57, 57, '2018-03-24'),
(58, 58, '2018-03-25'),
(59, 59, '2018-03-26'),
(60, 60, '2018-03-27'),
(61, 61, '2018-03-28'),
(62, 62, '2018-03-29'),
(63, 63, '2018-04-09'),
(64, 64, '2018-04-10'),
(65, 65, '2018-04-11'),
(66, 66, '2018-04-12'),
(67, 67, '2018-04-13'),
(68, 68, '2018-03-31'),
(69, 69, '2018-04-13'),
(70, 70, '2018-04-14'),
(71, 71, '2018-04-15'),
(72, 72, '2018-04-15'),
(73, 73, '2018-04-16'),
(74, 74, '2018-04-17'),
(75, 75, '2018-04-18'),
(76, 76, '2018-04-18'),
(77, 77, '2018-04-17'),
(78, 78, '2018-04-19'),
(79, 79, '2018-04-19'),
(80, 80, '2018-04-20'),
(81, 81, '2018-04-21'),
(82, 82, '2018-04-22'),
(83, 83, '2018-04-23'),
(84, 84, '2018-04-23'),
(85, 85, '2018-04-25'),
(86, 86, '2018-04-27'),
(87, 87, '2018-04-28'),
(88, 88, '2018-04-28'),
(89, 89, '2018-04-29'),
(90, 90, '2018-04-30'),
(91, 91, '2018-04-30'),
(92, 92, '2018-05-01'),
(93, 93, '2018-05-02'),
(94, 94, '2018-04-24'),
(95, 95, '2018-05-09'),
(96, 96, '2018-05-10'),
(97, 97, '2018-05-11'),
(98, 98, '2018-02-28'),
(99, 99, '2018-03-05'),
(100, 100, '2018-05-12'),
(101, 101, '2018-05-13'),
(102, 102, '2018-05-14'),
(103, 103, '2018-05-15'),
(104, 104, '2018-05-16'),
(105, 105, '2018-05-17'),
(106, 106, '2018-05-19'),
(107, 107, '2018-05-18'),
(108, 108, '2018-05-19'),
(109, 109, '2018-05-20'),
(110, 110, '2017-09-23'),
(111, 111, '2017-07-19'),
(112, 112, '2018-05-21'),
(113, 113, '2018-03-04'),
(114, 114, '2018-04-24'),
(115, 115, '2018-03-04'),
(116, 116, '2018-04-24'),
(117, 117, '2018-04-24'),
(118, 118, '2018-03-01'),
(119, 119, '2018-05-21'),
(120, 120, '2018-05-22'),
(121, 121, '2018-05-23'),
(122, 122, '2018-05-25'),
(123, 123, '2018-05-26'),
(124, 124, '2018-05-27'),
(125, 125, '2017-06-17'),
(126, 126, '2018-06-16'),
(127, 127, '2018-06-17'),
(128, 128, '2018-06-17'),
(129, 129, '2018-06-18'),
(130, 130, '2018-03-08'),
(131, 131, '2018-03-16'),
(132, 132, '2018-03-18'),
(133, 133, '2018-03-26'),
(134, 134, '2018-04-09'),
(135, 135, '2018-04-21'),
(136, 136, '2018-06-19'),
(137, 137, '2018-06-21'),
(138, 138, '2018-06-22'),
(139, 139, '2018-06-26'),
(140, 140, '2018-06-27'),
(141, 141, '2018-06-28'),
(142, 142, '2018-06-29'),
(143, 143, '2017-06-30'),
(144, 144, '2018-06-30'),
(145, 145, '2018-07-01'),
(146, 146, '2018-07-02'),
(147, 147, '2018-07-03'),
(148, 148, '2018-03-08'),
(149, 149, '2018-07-04'),
(150, 150, '2018-07-05'),
(151, 151, '2018-07-06'),
(152, 152, '2018-07-07'),
(153, 153, '2018-07-12'),
(154, 154, '2018-07-15'),
(155, 155, '2018-07-16'),
(156, 156, '2018-07-17'),
(157, 157, '2018-07-19'),
(158, 158, '2018-07-20'),
(159, 159, '2018-07-21'),
(160, 160, '2018-07-22'),
(161, 161, '2018-07-23'),
(162, 162, '2018-07-28'),
(163, 163, '2018-07-29'),
(164, 164, '2018-07-30'),
(165, 165, '2018-07-31'),
(166, 166, '2018-03-02'),
(167, 167, '2018-08-06'),
(168, 168, '2018-08-08'),
(169, 169, '2018-03-28'),
(170, 170, '2018-08-10'),
(171, 171, '2018-08-11'),
(172, 172, '2018-08-12'),
(173, 173, '2018-08-14'),
(174, 174, '2018-08-17'),
(175, 175, '2018-08-21'),
(176, 176, '2018-08-22'),
(177, 177, '2018-08-27'),
(178, 178, '2018-08-28'),
(179, 179, '2018-09-02'),
(180, 180, '2018-09-03'),
(181, 181, '2018-01-18'),
(182, 182, '2018-09-04'),
(183, 183, '2018-09-05'),
(184, 184, '2018-09-06'),
(185, 185, '2018-09-07'),
(186, 186, '2018-09-08'),
(187, 187, '2018-09-09'),
(188, 188, '2018-09-15');

-- --------------------------------------------------------

--
-- Table structure for table `tblbox_sales_voucher_item`
--

CREATE TABLE `tblbox_sales_voucher_item` (
  `id_box_sales_voucher_item` int(11) NOT NULL,
  `id_box_sales_voucher` int(11) NOT NULL,
  `id_customer` int(11) NOT NULL,
  `id_supplier` int(11) NOT NULL,
  `quantity` int(11) NOT NULL,
  `box_mark` varchar(20) NOT NULL
) ENGINE=MyISAM DEFAULT CHARSET=latin1;

--
-- Dumping data for table `tblbox_sales_voucher_item`
--

INSERT INTO `tblbox_sales_voucher_item` (`id_box_sales_voucher_item`, `id_box_sales_voucher`, `id_customer`, `id_supplier`, `quantity`, `box_mark`) VALUES
(1, 1, 1, 7, 485, 'KNH'),
(2, 2, 3, 7, 306, 'KNH'),
(3, 3, 6, 7, 187, 'KNH'),
(4, 3, 5, 7, 95, 'KNH'),
(5, 3, 4, 7, 84, 'KNH'),
(6, 3, 2, 7, 84, 'KNH'),
(1126, 4, 29, 7, 53, 'KNH'),
(1125, 4, 30, 7, 85, 'KNH'),
(1124, 4, 18, 7, 49, 'KNH'),
(1123, 4, 19, 7, 36, 'KNH'),
(1122, 4, 20, 7, 16, 'KNH'),
(1121, 4, 31, 7, 57, 'KNH'),
(1120, 4, 32, 7, 78, 'KNH'),
(1119, 4, 33, 7, 46, 'KNH'),
(1118, 4, 34, 7, 28, 'KNH'),
(1117, 4, 27, 7, 14, 'KNH'),
(17, 5, 22, 7, 51, 'KNH'),
(18, 6, 22, 7, 4, 'KNH'),
(19, 7, 24, 7, 57, 'KNH'),
(20, 7, 25, 7, 49, 'KNH'),
(21, 7, 23, 7, 39, 'KNH'),
(22, 8, 28, 7, 117, 'KNH'),
(23, 8, 54, 7, 2, 'KNH'),
(24, 8, 53, 7, 15, 'KNH'),
(25, 8, 52, 7, 1, 'KNH'),
(26, 8, 51, 7, 7, 'KNH'),
(27, 8, 50, 7, 84, 'KNH'),
(28, 8, 48, 7, 11, 'KNH'),
(29, 8, 38, 7, 61, 'KNH'),
(30, 8, 49, 7, 57, 'KNH'),
(31, 8, 47, 7, 19, 'KNH'),
(32, 8, 45, 7, 1, 'KNH'),
(33, 8, 44, 7, 11, 'KNH'),
(34, 8, 42, 7, 22, 'KNH'),
(35, 8, 41, 7, 58, 'KNH'),
(36, 8, 26, 7, 35, 'KNH'),
(37, 8, 39, 7, 68, 'KNH'),
(38, 8, 37, 7, 98, 'KNH'),
(39, 8, 36, 7, 17, ''),
(40, 8, 35, 7, 11, 'KNH'),
(41, 9, 55, 7, 4, 'KNH'),
(42, 10, 43, 7, 7, 'KNH'),
(43, 11, 54, 7, 2, 'KNH'),
(44, 11, 61, 7, 36, 'KNH'),
(45, 11, 60, 7, 85, 'KNH'),
(46, 11, 58, 7, 3, 'KNH'),
(47, 11, 57, 7, 22, 'KNH'),
(48, 12, 68, 7, 26, 'KNH'),
(1058, 13, 63, 7, 102, 'KNH'),
(50, 14, 69, 7, 8, 'KNH'),
(51, 15, 67, 7, 34, 'KNH'),
(52, 15, 66, 7, 12, 'KNH'),
(53, 15, 65, 7, 3, 'KNH'),
(54, 15, 64, 7, 210, 'KNH'),
(55, 16, 8, 7, 7, 'KNH'),
(56, 17, 70, 7, 85, 'KNH'),
(57, 18, 11, 7, 39, 'KNH'),
(58, 18, 10, 7, 274, 'KNH'),
(59, 18, 9, 7, 56, 'KNH'),
(60, 19, 73, 7, 50, 'KNH'),
(61, 19, 17, 7, 43, 'KNH'),
(62, 19, 16, 7, 47, 'KNH'),
(63, 19, 14, 7, 85, 'KNH'),
(64, 19, 13, 7, 31, 'KNH'),
(65, 19, 72, 7, 6, 'KNH'),
(66, 19, 71, 7, 13, 'KNH'),
(67, 20, 83, 7, 70, 'KNH'),
(68, 20, 82, 7, 22, 'KNH'),
(69, 20, 78, 7, 18, 'KNH'),
(70, 20, 77, 7, 26, 'KNH'),
(71, 20, 76, 7, 27, 'KNH'),
(72, 20, 75, 7, 69, 'KNH'),
(73, 21, 5, 7, 62, 'KNH'),
(74, 22, 26, 7, 20, 'KNH'),
(75, 23, 19, 7, 26, 'KNH'),
(76, 23, 20, 7, 28, 'NH'),
(77, 24, 18, 7, 5, 'KNH'),
(78, 25, 6, 7, 44, 'KNH'),
(79, 25, 4, 7, 12, 'KNH'),
(80, 25, 9, 7, 14, 'KNH'),
(81, 25, 5, 7, 12, 'KNH'),
(82, 26, 1, 7, 80, 'KNH'),
(83, 27, 71, 7, 7, 'KNH'),
(84, 28, 49, 7, 3, 'KNH'),
(85, 28, 26, 7, 104, 'KNH'),
(86, 29, 37, 7, 35, 'KNH'),
(87, 30, 9, 7, 16, 'KNH'),
(88, 31, 18, 7, 6, 'KNH'),
(89, 31, 5, 7, 2, 'KNH'),
(90, 31, 6, 7, 24, 'KNH'),
(91, 32, 8, 7, 5, 'KNH'),
(92, 33, 20, 7, 30, 'KNH'),
(93, 34, 11, 7, 5, 'KNH'),
(393, 35, 10, 7, 12, 'KNH'),
(392, 35, 13, 7, 7, 'KNH'),
(391, 35, 12, 7, 27, 'KNH'),
(97, 36, 1, 7, 24, 'KNH'),
(98, 37, 14, 7, 3, 'KNH'),
(99, 37, 71, 7, 9, 'KNH'),
(100, 38, 26, 7, 58, 'KNH'),
(101, 38, 37, 7, 23, 'KNH'),
(102, 39, 49, 7, 25, 'KNH'),
(103, 40, 6, 7, 2, 'KNH'),
(104, 41, 20, 7, 26, 'KNH'),
(105, 41, 19, 7, 22, 'KNH'),
(106, 41, 10, 7, 8, 'KNH'),
(107, 41, 8, 7, 13, 'KNH'),
(108, 41, 9, 7, 4, 'KNH'),
(109, 41, 18, 7, 12, 'KNH'),
(110, 41, 3, 7, 14, 'KNH'),
(111, 41, 4, 7, 29, 'KNH'),
(112, 41, 5, 7, 13, 'KNH'),
(113, 42, 12, 7, 2, 'KNH'),
(114, 42, 11, 7, 6, 'KNH'),
(115, 42, 14, 7, 22, 'KNH'),
(116, 43, 26, 7, 40, 'MAF'),
(117, 44, 4, 7, 12, 'KNH'),
(118, 44, 6, 7, 28, 'KNH'),
(119, 44, 18, 7, 13, 'KNH'),
(120, 44, 10, 7, 11, 'KNH'),
(121, 44, 13, 7, 10, 'KNH'),
(122, 45, 26, 7, 38, 'KNH'),
(123, 46, 13, 7, 14, 'KNH'),
(124, 46, 12, 7, 7, 'KNH'),
(125, 46, 19, 7, 17, 'KNH'),
(126, 46, 8, 7, 4, 'KNH'),
(127, 46, 11, 7, 2, 'KNH'),
(128, 46, 18, 7, 7, 'KNH'),
(129, 46, 3, 7, 14, 'KNH'),
(130, 46, 4, 7, 1, 'KNH'),
(131, 46, 6, 7, 29, 'KNH'),
(132, 46, 10, 7, 5, 'KNH'),
(133, 46, 9, 7, 12, 'KNH'),
(134, 46, 22, 7, 8, 'KNH'),
(135, 46, 1, 7, 34, 'KNH'),
(136, 47, 20, 7, 15, 'KNH'),
(144, 48, 26, 7, 0, 'MIX'),
(138, 49, 18, 7, 11, 'MIX'),
(139, 49, 5, 7, 8, 'MIX'),
(140, 49, 6, 7, 7, 'MIX'),
(141, 49, 1, 7, 12, 'MIX'),
(142, 49, 10, 7, 5, 'MIX'),
(143, 49, 19, 7, 40, 'MIX'),
(145, 50, 25, 7, 3, 'KNH'),
(151, 52, 22, 7, 1, 'KNH'),
(150, 51, 19, 7, 10, 'KNH'),
(149, 51, 18, 7, 3, 'KNH'),
(152, 52, 9, 7, 14, 'KNH'),
(153, 52, 5, 7, 6, 'KNH'),
(154, 52, 6, 7, 12, 'KNH'),
(155, 52, 10, 7, 14, 'KNH'),
(156, 52, 1, 7, 9, 'KNH'),
(157, 52, 8, 7, 3, 'KNH'),
(158, 52, 18, 7, 3, 'KNH'),
(159, 52, 19, 7, 20, 'KNH'),
(160, 52, 20, 7, 8, 'KNH'),
(161, 52, 13, 7, 23, 'KNH'),
(162, 53, 26, 7, 8, 'KNH'),
(163, 54, 19, 7, 34, 'KNH'),
(164, 54, 13, 7, 2, 'KNH'),
(165, 54, 9, 7, 45, 'KNH'),
(166, 54, 18, 7, 9, 'KNH'),
(167, 54, 4, 7, 4, 'KNH'),
(168, 54, 5, 7, 5, 'KNH'),
(169, 54, 6, 7, 12, 'KNH'),
(170, 54, 10, 7, 14, 'KNH'),
(171, 54, 3, 7, 3, 'KNH'),
(172, 54, 1, 7, 52, 'KNH'),
(173, 55, 14, 7, 1, 'KNH'),
(197, 56, 57, 7, 55, 'KNH'),
(196, 56, 1, 7, 27, 'KNH'),
(195, 56, 4, 7, 9, 'KNH'),
(194, 56, 10, 7, 5, 'KNH'),
(193, 56, 20, 7, 18, 'KNH'),
(192, 56, 18, 7, 14, 'KNH'),
(191, 56, 6, 7, 46, 'KNH'),
(190, 56, 5, 7, 4, 'KNH'),
(182, 57, 49, 7, 27, 'KNH'),
(183, 58, 9, 7, 15, 'KNH'),
(184, 58, 18, 7, 10, 'KNH'),
(185, 58, 19, 7, 21, 'KNH'),
(186, 58, 4, 7, 2, 'KNH'),
(187, 58, 10, 7, 21, 'KNH'),
(188, 58, 1, 7, 38, 'KNH'),
(189, 58, 3, 7, 10, 'KNH'),
(242, 59, 6, 7, 39, 'KNH'),
(241, 59, 4, 7, 3, 'KNH'),
(240, 59, 9, 7, 31, 'KNH'),
(239, 59, 18, 7, 9, 'KNH'),
(238, 59, 19, 7, 44, 'KNH'),
(237, 59, 28, 7, 15, 'KNH'),
(236, 59, 34, 7, 30, 'KNH'),
(235, 59, 11, 7, 6, 'KNH'),
(234, 59, 49, 7, 5, 'KNH'),
(233, 59, 37, 7, 6, 'KNH'),
(232, 59, 26, 7, 53, 'KNH'),
(209, 60, 11, 7, 14, 'KNH'),
(210, 60, 18, 7, 24, 'KNH'),
(211, 60, 5, 7, 10, 'KNH'),
(212, 60, 20, 7, 18, 'KNH'),
(213, 60, 19, 7, 24, 'KNH'),
(214, 61, 11, 7, 5, 'KNH'),
(215, 61, 18, 7, 9, 'KNH'),
(216, 61, 21, 7, 11, 'KNH'),
(217, 61, 20, 7, 15, 'KNH'),
(218, 62, 19, 7, 5, 'KNH'),
(219, 62, 3, 7, 17, 'KNH'),
(220, 62, 8, 7, 4, 'KNH'),
(221, 63, 11, 7, 1, 'KNH'),
(222, 63, 18, 7, 7, 'KNH'),
(223, 63, 19, 7, 22, 'KNH'),
(224, 63, 20, 7, 21, 'KNH'),
(225, 63, 22, 7, 11, 'KNH'),
(226, 63, 4, 7, 3, 'KNH'),
(227, 63, 6, 7, 19, 'KNH'),
(228, 63, 10, 7, 12, 'KNH'),
(229, 63, 13, 7, 30, 'KNH'),
(230, 63, 22, 7, 2, 'KNH'),
(231, 63, 10, 7, 5, 'KNH'),
(243, 64, 35, 7, 12, 'KNH'),
(244, 64, 25, 7, 10, 'KNH'),
(245, 64, 23, 7, 10, 'KNH'),
(246, 64, 37, 7, 15, 'KNH'),
(247, 64, 26, 7, 9, 'KNH'),
(248, 64, 38, 7, 29, 'KNH'),
(249, 64, 12, 7, 35, 'KNH'),
(250, 64, 13, 7, 8, 'KNH'),
(251, 64, 18, 7, 11, 'KNH'),
(252, 64, 19, 7, 18, 'KNH'),
(253, 64, 21, 7, 12, 'KNH'),
(254, 64, 20, 7, 18, 'KNH'),
(255, 64, 9, 7, 9, 'KNH'),
(256, 64, 10, 7, 4, 'KNH'),
(257, 64, 22, 7, 19, 'KNH'),
(258, 64, 4, 7, 4, 'KNH'),
(259, 64, 6, 7, 8, 'KNH'),
(260, 65, 19, 7, 45, 'KNH'),
(261, 65, 10, 7, 3, 'KNH'),
(262, 65, 5, 7, 40, 'KNH'),
(263, 65, 6, 7, 64, 'KNH'),
(264, 65, 28, 7, 19, 'KNH'),
(265, 66, 9, 7, 1, 'KNH'),
(266, 66, 10, 7, 9, 'KNH'),
(267, 66, 22, 7, 6, 'KNH'),
(268, 66, 4, 7, 8, 'KNH'),
(269, 66, 6, 7, 8, 'KNH'),
(283, 67, 1, 7, 12, 'KNH'),
(282, 67, 20, 7, 15, 'KNH'),
(281, 67, 19, 7, 21, 'KNH'),
(280, 67, 12, 7, 34, 'KNH'),
(279, 67, 6, 7, 12, 'KNH'),
(278, 67, 18, 7, 8, 'KNH'),
(277, 67, 10, 7, 15, 'KNH'),
(284, 68, 22, 7, 1, 'KNH'),
(285, 69, 26, 7, 13, 'KNH'),
(286, 70, 3, 7, 6, 'KNH'),
(287, 70, 10, 7, 7, 'KNH'),
(288, 70, 5, 7, 28, 'KNH'),
(289, 70, 6, 7, 5, 'KNH'),
(290, 70, 18, 7, 4, 'KNH'),
(291, 70, 21, 7, 5, 'KNH'),
(292, 70, 20, 7, 20, 'KNH'),
(293, 70, 19, 7, 21, 'KNH'),
(294, 70, 1, 7, 68, 'KNH'),
(295, 71, 1, 7, 10, 'KNH'),
(296, 71, 10, 7, 16, 'KNH'),
(297, 71, 6, 7, 9, 'KNH'),
(298, 71, 18, 7, 2, 'KNH'),
(299, 71, 19, 7, 29, 'KNH'),
(300, 71, 20, 7, 30, 'KNH'),
(301, 71, 12, 7, 10, 'KNH'),
(302, 72, 3, 7, 11, 'KNH'),
(303, 72, 9, 7, 16, 'KNH'),
(304, 73, 38, 7, 2, 'KNH'),
(305, 73, 37, 7, 15, 'KNH'),
(306, 73, 20, 7, 26, 'KNH'),
(307, 73, 19, 7, 46, 'KNH'),
(308, 73, 11, 7, 1, 'KNH'),
(309, 73, 18, 7, 12, 'KNH'),
(310, 73, 6, 7, 27, 'KNH'),
(311, 73, 10, 7, 1, 'KNH'),
(312, 74, 18, 7, 8, 'KNH'),
(313, 74, 19, 7, 12, 'KNH'),
(314, 74, 20, 7, 32, 'KNH'),
(315, 74, 1, 7, 7, 'KNH'),
(316, 74, 34, 7, 9, 'KNH'),
(317, 74, 6, 7, 27, 'KNH'),
(318, 74, 10, 7, 8, 'KNH'),
(319, 74, 22, 7, 23, 'KNH'),
(320, 75, 10, 7, 25, 'KNH'),
(321, 76, 22, 7, 5, 'KNH'),
(322, 76, 25, 7, 30, 'KNH'),
(323, 76, 37, 7, 25, 'KNH'),
(324, 76, 38, 7, 25, 'KNH'),
(325, 76, 3, 7, 15, 'KNH'),
(326, 76, 1, 7, 16, 'KNH'),
(327, 76, 34, 7, 20, 'KNH'),
(328, 76, 6, 7, 21, 'KNH'),
(329, 76, 13, 7, 6, 'KNH'),
(330, 76, 8, 7, 10, 'KNH'),
(331, 76, 19, 7, 26, 'KNH'),
(332, 76, 18, 7, 8, 'KNH'),
(333, 76, 20, 7, 25, 'KNH'),
(334, 77, 49, 7, 7, 'KNH'),
(335, 78, 6, 7, 10, 'KNH'),
(336, 79, 5, 7, 42, 'KNH'),
(337, 79, 1, 7, 15, 'KNH'),
(338, 79, 4, 7, 31, 'KNH'),
(339, 79, 11, 7, 6, 'KNH'),
(340, 79, 10, 7, 26, 'KNH'),
(341, 79, 25, 7, 23, 'KNH'),
(342, 79, 37, 7, 10, 'KNH'),
(343, 79, 38, 7, 25, 'KNH'),
(344, 79, 12, 7, 24, 'KNH'),
(345, 79, 13, 7, 15, 'KNH'),
(346, 79, 3, 7, 18, 'KNH'),
(347, 79, 19, 7, 19, 'KNH'),
(348, 79, 20, 7, 16, 'KNH'),
(349, 80, 4, 7, 15, 'KNH'),
(350, 80, 3, 7, 20, 'KNH'),
(351, 80, 1, 7, 16, 'KNH'),
(352, 80, 5, 7, 14, 'KNH'),
(353, 80, 6, 7, 30, 'KNH'),
(354, 80, 19, 7, 40, 'KNH'),
(355, 81, 18, 7, 5, 'KNH'),
(356, 81, 19, 7, 48, 'KNH'),
(357, 81, 9, 7, 11, 'KNH'),
(358, 81, 3, 7, 11, 'KNH'),
(359, 81, 1, 7, 35, 'KNH'),
(360, 81, 8, 7, 5, 'KNH'),
(361, 81, 10, 7, 14, 'KNH'),
(362, 81, 25, 7, 3, 'KNH'),
(363, 81, 23, 7, 13, 'KNH'),
(364, 81, 13, 7, 5, 'KNH'),
(365, 81, 5, 7, 15, 'KNH'),
(366, 81, 6, 7, 36, 'KNH'),
(367, 82, 10, 7, 15, 'MAF'),
(368, 82, 9, 7, 13, 'MAF'),
(369, 83, 4, 7, 20, 'KNH'),
(370, 83, 5, 7, 15, 'KNH'),
(371, 83, 6, 7, 45, 'KNH'),
(372, 83, 12, 7, 4, 'KNH'),
(373, 83, 3, 7, 9, 'KNH'),
(374, 83, 1, 7, 67, 'KNH'),
(375, 83, 23, 7, 6, 'KNH'),
(376, 83, 13, 7, 31, 'KNH'),
(377, 83, 10, 7, 14, 'KNH'),
(378, 83, 18, 7, 1, 'KNH'),
(379, 83, 19, 7, 17, 'KNH'),
(380, 83, 20, 7, 37, 'KNH'),
(381, 84, 26, 7, 77, 'KNH'),
(382, 84, 53, 7, 25, 'KNH'),
(383, 85, 19, 7, 48, 'KNH'),
(384, 85, 6, 7, 38, 'KNH'),
(385, 85, 25, 7, 20, 'KNH'),
(386, 85, 5, 7, 16, 'KNH'),
(387, 85, 1, 7, 77, 'KNH'),
(394, 86, 26, 7, 47, 'KNH'),
(395, 87, 6, 7, 33, 'KNH'),
(396, 87, 5, 7, 16, 'KNH'),
(397, 87, 10, 7, 3, 'KNH'),
(398, 87, 1, 7, 50, 'KNH'),
(399, 87, 3, 7, 21, 'KNH'),
(400, 87, 19, 7, 15, 'KNH'),
(401, 87, 20, 7, 12, 'KNH'),
(402, 88, 28, 7, 54, 'KNH'),
(403, 89, 9, 7, 8, 'KNH'),
(404, 89, 10, 7, 16, 'KNH'),
(405, 89, 18, 7, 2, 'KNH'),
(406, 89, 5, 7, 19, 'KNH'),
(407, 89, 6, 7, 33, 'KNH'),
(408, 89, 19, 7, 34, 'KNH'),
(409, 89, 1, 7, 20, 'KNH'),
(410, 90, 5, 7, 15, 'KNH'),
(411, 90, 6, 7, 9, 'KNH'),
(412, 90, 34, 7, 16, 'KNH'),
(413, 90, 20, 7, 10, 'KNH'),
(414, 90, 9, 7, 11, 'KNH'),
(415, 90, 19, 7, 13, 'KNH'),
(416, 90, 10, 7, 20, 'KNH'),
(417, 90, 1, 7, 28, 'KNH'),
(418, 91, 26, 7, 19, 'KNH'),
(419, 92, 9, 7, 12, 'KNH'),
(420, 92, 18, 7, 11, 'KNH'),
(421, 92, 19, 7, 15, 'KNH'),
(422, 92, 13, 7, 1, 'KNH'),
(423, 92, 23, 7, 12, 'KNH'),
(424, 92, 22, 7, 40, 'KNH'),
(425, 92, 4, 7, 2, 'KNH'),
(426, 92, 10, 7, 3, 'KNH'),
(427, 92, 8, 7, 2, 'KNH'),
(428, 92, 1, 7, 13, 'KNH'),
(429, 92, 27, 7, 10, 'KNH'),
(430, 92, 5, 7, 2, 'KNH'),
(431, 92, 6, 7, 18, 'KNH'),
(432, 93, 19, 7, 25, 'KNH'),
(433, 93, 18, 7, 15, 'KNH'),
(434, 93, 4, 7, 9, 'KNH'),
(435, 93, 3, 7, 5, 'KNH'),
(436, 93, 1, 7, 26, 'KNH'),
(437, 93, 9, 7, 12, 'KNH'),
(438, 93, 10, 7, 3, 'KNH'),
(439, 93, 22, 7, 10, 'KNH'),
(440, 93, 27, 7, 10, 'KNH'),
(441, 93, 5, 7, 7, 'KNH'),
(442, 93, 6, 7, 13, 'KNH'),
(443, 94, 23, 7, 2, 'KNH'),
(459, 95, 10, 7, 15, 'KNH'),
(458, 95, 9, 7, 5, 'KNH'),
(457, 95, 12, 7, 5, 'KNH'),
(456, 95, 19, 7, 39, 'KNH'),
(455, 95, 57, 7, 61, 'KNH'),
(454, 95, 49, 7, 66, 'KNH'),
(453, 95, 37, 7, 22, 'KNH'),
(452, 95, 6, 7, 13, 'KNH'),
(460, 95, 18, 7, 36, 'KNH'),
(461, 95, 1, 7, 25, 'KNH'),
(475, 96, 10, 7, 7, 'KNH'),
(474, 96, 6, 7, 20, 'KNH'),
(473, 96, 9, 7, 9, 'KNH'),
(472, 96, 5, 7, 1, 'KNH'),
(471, 96, 4, 7, 4, 'KNH'),
(470, 96, 57, 7, 20, 'KNH'),
(469, 96, 28, 7, 4, 'KNH'),
(476, 96, 18, 7, 14, 'KNH'),
(477, 96, 19, 7, 34, 'KNH'),
(478, 97, 11, 7, 2, 'KNH'),
(479, 97, 6, 7, 5, 'KNH'),
(480, 97, 9, 7, 9, 'KNH'),
(481, 97, 18, 7, 52, 'KNH'),
(482, 97, 19, 7, 46, 'KNH'),
(483, 97, 10, 7, 20, 'KNH'),
(484, 97, 1, 7, 15, 'KNH'),
(485, 98, 19, 7, 63, 'KNH'),
(486, 99, 6, 7, 8, 'KNH'),
(487, 100, 26, 7, 15, 'KNH'),
(488, 100, 22, 7, 16, 'KNH'),
(489, 100, 3, 7, 7, 'KNH'),
(490, 100, 5, 7, 8, 'KNH'),
(491, 100, 27, 7, 10, 'KNH'),
(492, 100, 6, 7, 23, 'KNH'),
(493, 100, 9, 7, 2, 'KNH'),
(494, 100, 10, 7, 1, 'KNH'),
(495, 100, 12, 7, 9, 'KNH'),
(496, 100, 18, 7, 11, 'KNH'),
(497, 100, 19, 7, 59, 'KNH'),
(498, 101, 10, 7, 3, 'KNH'),
(499, 101, 22, 7, 9, 'KNH'),
(500, 101, 4, 7, 1, 'KNH'),
(501, 101, 1, 7, 33, 'KNH'),
(502, 101, 25, 7, 13, 'KNH'),
(503, 101, 3, 7, 11, 'KNH'),
(504, 101, 5, 7, 30, 'KNH'),
(505, 101, 6, 7, 19, 'KNH'),
(506, 101, 19, 7, 53, 'KNH'),
(507, 101, 12, 7, 6, 'KNH'),
(508, 101, 14, 7, 27, 'KNH'),
(509, 101, 13, 7, 9, 'KNH'),
(510, 102, 18, 7, 5, 'KNH'),
(511, 102, 19, 7, 23, 'KNH'),
(512, 103, 28, 7, 4, 'KNH'),
(513, 103, 48, 7, 21, 'KNH'),
(514, 104, 19, 7, 16, 'KNH'),
(515, 104, 4, 7, 14, 'KNH'),
(516, 104, 6, 7, 17, 'KNH'),
(517, 104, 10, 7, 9, 'KNH'),
(518, 104, 1, 7, 14, 'KNH'),
(519, 105, 22, 7, 11, 'KNH'),
(520, 105, 5, 7, 10, 'KNH'),
(521, 105, 6, 7, 12, 'KNH'),
(522, 105, 10, 7, 3, 'KNH'),
(523, 105, 11, 7, 5, 'KNH'),
(524, 105, 18, 7, 9, 'KNH'),
(525, 105, 19, 7, 11, 'KNH'),
(526, 106, 10, 7, 29, 'KNH'),
(527, 106, 4, 7, 1, 'KNH'),
(528, 106, 5, 7, 15, 'KNH'),
(529, 106, 6, 7, 39, 'KNH'),
(530, 106, 19, 7, 62, 'KNH'),
(531, 106, 3, 7, 18, 'KNH'),
(532, 106, 1, 7, 58, 'KNH'),
(533, 107, 28, 7, 15, 'KNH'),
(534, 107, 48, 7, 18, 'KNH'),
(631, 108, 57, 7, 52, 'KNH'),
(630, 108, 101, 7, 10, 'KNH'),
(629, 108, 28, 7, 7, 'KNH'),
(628, 108, 102, 7, 21, 'KNH'),
(627, 108, 48, 7, 20, 'KNH'),
(626, 108, 37, 7, 12, 'KNH'),
(625, 108, 38, 7, 15, 'KNH'),
(624, 108, 26, 7, 15, 'KNH'),
(623, 108, 57, 7, 15, 'KNH'),
(622, 108, 44, 7, 22, 'KNH'),
(621, 108, 103, 7, 15, 'KNH'),
(620, 108, 45, 7, 17, 'KNH'),
(646, 109, 19, 7, 29, 'KNH'),
(645, 109, 18, 7, 4, 'KNH'),
(644, 109, 1, 7, 45, 'KNH'),
(643, 109, 4, 7, 3, 'KNH'),
(642, 109, 3, 7, 9, 'KNH'),
(641, 109, 103, 7, 10, 'KNH'),
(640, 109, 45, 7, 15, 'KNH'),
(639, 109, 44, 7, 20, 'KNH'),
(638, 109, 37, 7, 10, 'KNH'),
(637, 109, 23, 7, 8, 'KNH'),
(636, 109, 10, 7, 5, 'KNH'),
(635, 109, 25, 7, 3, 'KNH'),
(634, 109, 6, 7, 22, 'KNH'),
(633, 109, 5, 7, 20, 'KNH'),
(632, 109, 34, 7, 13, 'KNH'),
(563, 110, 101, 7, 0, 'KNH'),
(564, 111, 102, 7, 3, 'KNH'),
(565, 112, 4, 7, 11, 'KNH'),
(566, 112, 6, 7, 24, 'KNH'),
(567, 112, 1, 7, 28, 'KNH'),
(568, 112, 19, 7, 15, 'KNH'),
(569, 112, 10, 7, 11, 'KNH'),
(570, 112, 3, 7, 14, 'KNH'),
(572, 113, 1, 7, 0, 'KNH'),
(573, 114, 1, 7, 50, 'KNH'),
(574, 115, 1, 7, 30, 'KNH'),
(575, 116, 19, 7, 9, 'KNH'),
(576, 117, 5, 7, 12, 'KNH'),
(577, 118, 103, 7, 14, 'KNH'),
(578, 119, 28, 7, 9, 'KNH'),
(579, 120, 5, 7, 6, 'KNH'),
(580, 120, 6, 7, 24, 'KNH'),
(581, 120, 19, 7, 29, 'KNH'),
(582, 120, 1, 7, 43, 'KNH'),
(583, 120, 10, 7, 11, 'KNH'),
(584, 120, 3, 7, 18, 'KNH'),
(585, 120, 44, 7, 15, 'KNH'),
(586, 120, 103, 7, 15, 'KNH'),
(587, 120, 45, 7, 15, 'KNH'),
(588, 121, 10, 7, 5, 'KNH'),
(589, 121, 19, 7, 5, 'KNH'),
(590, 122, 48, 7, 25, 'KNH'),
(616, 123, 1, 7, 58, 'KNH'),
(615, 123, 18, 7, 4, 'KNH'),
(614, 123, 19, 7, 41, 'KNH'),
(613, 123, 4, 7, 14, 'KNH'),
(612, 123, 6, 7, 46, 'KNH'),
(611, 123, 48, 7, 45, 'KNH'),
(610, 123, 28, 7, 66, 'KNH'),
(617, 123, 3, 7, 12, 'KNH'),
(618, 124, 10, 7, 19, 'KNH'),
(619, 124, 1, 7, 50, 'KNH'),
(647, 125, 26, 7, 10, 'KNH'),
(648, 126, 34, 7, 6, 'KNH'),
(649, 126, 9, 7, 3, 'KNH'),
(650, 126, 10, 7, 3, 'KNH'),
(651, 126, 6, 7, 10, 'KNH'),
(652, 126, 5, 7, 22, 'KNH'),
(653, 126, 27, 7, 30, 'KNH'),
(654, 126, 37, 7, 60, 'KNH'),
(655, 127, 13, 7, 21, 'KNH'),
(656, 127, 71, 7, 44, 'KNH'),
(657, 128, 16, 7, 61, 'KNH'),
(658, 128, 22, 7, 48, 'KNH'),
(659, 128, 5, 7, 20, 'KNH'),
(660, 128, 10, 7, 25, 'KNH'),
(664, 129, 5, 7, 15, 'KNH'),
(663, 129, 16, 7, 43, 'KNH'),
(665, 129, 6, 7, 30, 'KNH'),
(666, 130, 11, 7, 12, 'KNH'),
(668, 131, 1, 7, 22, 'KNH'),
(669, 132, 1, 7, 1, 'KNH'),
(670, 133, 1, 7, 7, 'KNH'),
(671, 134, 1, 7, 12, 'KNH'),
(672, 135, 1, 7, 1, 'KNH'),
(696, 136, 6, 7, 29, 'KNH'),
(695, 136, 27, 7, 20, 'KNH'),
(694, 136, 5, 7, 27, 'KNH'),
(693, 136, 22, 7, 15, 'KNH'),
(692, 136, 10, 7, 10, 'KNH'),
(691, 136, 19, 7, 50, 'KNH'),
(690, 136, 20, 7, 35, 'KNH'),
(689, 136, 18, 7, 5, 'KNH'),
(688, 136, 11, 7, 7, 'KNH'),
(687, 136, 1, 7, 84, 'KNH'),
(686, 136, 3, 7, 24, 'KNH'),
(685, 136, 21, 7, 46, 'KNH'),
(714, 137, 18, 7, 54, 'KNH'),
(713, 137, 20, 7, 18, 'KNH'),
(712, 137, 12, 7, 23, 'KNH'),
(711, 137, 21, 7, 30, 'KNH'),
(710, 137, 3, 7, 78, 'KNH'),
(709, 137, 19, 7, 68, 'KNH'),
(708, 137, 1, 7, 38, 'KNH'),
(707, 137, 11, 7, 5, 'KNH'),
(706, 137, 10, 7, 18, 'KNH'),
(715, 138, 16, 7, 21, 'KNH'),
(716, 138, 17, 7, 44, 'KNH'),
(717, 138, 20, 7, 15, 'KNH'),
(718, 138, 11, 7, 1, 'KNH'),
(719, 138, 12, 7, 101, 'KNH'),
(720, 138, 9, 7, 48, 'KNH'),
(721, 138, 22, 7, 3, 'KNH'),
(722, 138, 5, 7, 15, 'KNH'),
(723, 138, 6, 7, 6, 'KNH'),
(724, 138, 18, 7, 25, 'KNH'),
(725, 138, 19, 7, 55, 'KNH'),
(726, 138, 3, 7, 7, 'KNH'),
(727, 138, 10, 7, 52, 'KNH'),
(728, 138, 1, 7, 57, 'KNH'),
(729, 139, 9, 7, 8, 'KNH'),
(730, 139, 11, 7, 8, 'KNH'),
(731, 139, 12, 7, 45, 'KNH'),
(732, 139, 4, 7, 61, 'KNH'),
(733, 139, 1, 7, 71, 'KNH'),
(754, 140, 49, 7, 16, 'KNH'),
(790, 141, 4, 7, 2, 'KNH'),
(789, 141, 19, 7, 9, 'KNH'),
(788, 141, 12, 7, 40, 'KNH'),
(787, 141, 5, 7, 15, 'KNH'),
(786, 141, 6, 7, 11, 'KNH'),
(785, 141, 37, 7, 34, 'KNH'),
(784, 141, 54, 7, 100, 'KNH'),
(783, 141, 105, 7, 78, 'KNH'),
(782, 141, 105, 7, 177, 'KNH'),
(781, 141, 106, 7, 15, 'KNH'),
(755, 140, 16, 7, 15, 'KNH'),
(766, 142, 11, 7, 4, 'KNH'),
(767, 142, 18, 7, 12, 'KNH'),
(768, 142, 21, 7, 1, 'KNH'),
(769, 143, 64, 7, 288, 'KNH'),
(771, 144, 64, 7, 200, 'KNH'),
(772, 145, 8, 7, 12, 'KNH'),
(773, 145, 10, 7, 5, 'KNH'),
(774, 145, 12, 7, 30, 'KNH'),
(775, 145, 3, 7, 15, 'KNH'),
(776, 145, 22, 7, 39, 'KNH'),
(777, 145, 11, 7, 3, 'KNH'),
(778, 145, 18, 7, 6, 'KNH'),
(779, 145, 19, 7, 51, 'KNH'),
(780, 146, 19, 7, 38, 'KNH'),
(791, 141, 1, 7, 40, 'KNH'),
(792, 141, 18, 7, 16, 'KNH'),
(921, 147, 22, 7, 10, 'KNH'),
(920, 147, 10, 7, 20, 'KNH'),
(795, 148, 9, 7, 5, 'KNH'),
(796, 149, 6, 7, 86, 'KNH'),
(797, 149, 5, 7, 15, 'KNH'),
(798, 149, 4, 7, 15, 'KNH'),
(799, 149, 17, 7, 48, 'KNH'),
(800, 149, 16, 7, 31, 'KNH'),
(801, 149, 14, 7, 45, 'KNH'),
(802, 149, 71, 7, 15, 'KNH'),
(803, 149, 1, 7, 63, 'KNH'),
(804, 149, 10, 7, 26, 'KNH'),
(805, 149, 3, 7, 31, 'KNH'),
(806, 149, 21, 7, 13, 'KNH'),
(807, 149, 19, 7, 58, 'KNH'),
(919, 147, 16, 7, 2, 'KNH'),
(1042, 150, 5, 7, 15, 'KNH'),
(1041, 150, 6, 7, 6, 'KNH'),
(1040, 150, 14, 7, 38, 'KNH'),
(814, 151, 9, 7, 4, 'KNH'),
(815, 151, 10, 7, 7, 'KNH'),
(816, 151, 25, 7, 2, 'KNH'),
(817, 151, 27, 7, 30, 'KNH'),
(818, 151, 6, 7, 17, 'KNH'),
(819, 151, 1, 7, 52, 'KNH'),
(820, 151, 3, 7, 13, 'KNH'),
(821, 151, 18, 7, 9, 'KNH'),
(822, 151, 20, 7, 20, 'KNH'),
(823, 151, 19, 7, 47, 'KNH'),
(824, 152, 6, 7, 20, 'KNH'),
(825, 153, 26, 7, 180, 'KNH'),
(826, 153, 17, 7, 73, 'KNH'),
(827, 153, 75, 7, 15, 'KNH'),
(828, 153, 76, 7, 10, 'KNH'),
(829, 153, 77, 7, 15, 'KNH'),
(830, 153, 79, 7, 40, 'KNH'),
(831, 153, 83, 7, 25, 'KNH'),
(839, 154, 19, 7, 13, 'MIX'),
(838, 154, 12, 7, 24, 'MIX'),
(837, 154, 10, 7, 16, 'MIX'),
(840, 154, 1, 7, 21, 'MIX'),
(841, 154, 6, 7, 22, 'MIX'),
(842, 154, 5, 7, 13, 'MIX'),
(874, 155, 6, 7, 19, 'MIX'),
(873, 155, 5, 7, 10, 'MIX'),
(872, 155, 5, 7, 10, 'KNH'),
(871, 155, 4, 7, 1, 'MIX'),
(870, 155, 10, 7, 5, 'MIX'),
(869, 155, 10, 7, 15, 'KNH'),
(868, 155, 1, 7, 26, 'KNH'),
(867, 155, 1, 7, 6, 'MIX'),
(866, 155, 12, 7, 32, 'KNH'),
(865, 155, 11, 7, 1, 'MIX'),
(864, 155, 19, 7, 15, 'MIX'),
(863, 155, 18, 7, 10, 'MIX'),
(862, 155, 18, 7, 4, 'KNH'),
(861, 155, 8, 7, 20, 'KNH'),
(860, 155, 71, 7, 18, 'MIX'),
(859, 155, 11, 7, 5, 'KNH'),
(875, 155, 6, 7, 7, 'KNH'),
(1104, 156, 6, 7, 24, 'KNH'),
(1103, 156, 5, 7, 2, 'KNH'),
(1102, 156, 4, 7, 1, 'KNH'),
(1101, 156, 3, 7, 28, 'KNH'),
(1100, 156, 54, 7, 195, 'KNH'),
(881, 157, 3, 7, 3, 'MIX'),
(882, 157, 6, 7, 21, 'MIX'),
(883, 157, 22, 7, 6, 'MIX'),
(884, 157, 10, 7, 4, 'MIX'),
(885, 157, 71, 7, 2, 'MIX'),
(886, 157, 10, 7, 2, 'KNH'),
(887, 157, 1, 7, 40, 'MIX'),
(899, 158, 22, 7, 1, 'KNH'),
(898, 158, 19, 7, 15, 'KNH'),
(897, 158, 18, 7, 1, 'KNH'),
(896, 158, 6, 7, 19, 'KNH'),
(895, 158, 5, 7, 20, 'KNH'),
(894, 158, 1, 7, 31, 'KNH'),
(900, 158, 13, 7, 22, 'KNH'),
(901, 159, 37, 7, 48, 'KNH'),
(902, 159, 27, 7, 15, 'KNH'),
(903, 159, 22, 7, 18, 'KNH'),
(904, 159, 5, 7, 22, 'KNH'),
(905, 159, 6, 7, 28, 'KNH'),
(906, 159, 12, 7, 43, 'KNH'),
(907, 159, 71, 7, 29, 'KNH'),
(908, 159, 13, 7, 13, 'KNH'),
(909, 159, 8, 7, 4, 'KNH'),
(910, 159, 1, 7, 14, 'MIX'),
(911, 159, 1, 7, 78, 'KNH'),
(912, 159, 10, 7, 4, 'KNH'),
(913, 159, 18, 7, 3, 'KNH'),
(914, 160, 5, 7, 14, 'KNH'),
(915, 160, 10, 7, 1, 'KNH'),
(916, 160, 6, 7, 19, 'KNH'),
(917, 161, 5, 7, 4, 'KNH'),
(918, 161, 6, 7, 4, 'KNH'),
(923, 162, 19, 7, 21, 'KNH'),
(924, 162, 1, 7, 14, 'KNH'),
(925, 162, 18, 7, 11, 'KNH'),
(926, 162, 12, 7, 2, 'KNH'),
(927, 162, 13, 7, 3, 'KNH'),
(928, 162, 10, 7, 21, 'KNH'),
(929, 162, 22, 7, 11, 'KNH'),
(930, 162, 25, 7, 10, 'KNH'),
(931, 162, 34, 7, 13, 'KNH'),
(932, 162, 5, 7, 12, 'KNH'),
(933, 162, 6, 7, 5, 'KNH'),
(934, 162, 9, 7, 16, 'KNH'),
(935, 162, 71, 7, 39, 'KNH'),
(936, 163, 37, 7, 20, 'KNH'),
(937, 163, 5, 7, 12, 'KNH'),
(938, 163, 6, 7, 9, 'KNH'),
(939, 163, 22, 7, 4, 'KNH'),
(940, 163, 14, 7, 8, 'KNH'),
(941, 163, 71, 7, 16, 'KNH'),
(942, 163, 3, 7, 6, 'KNH'),
(943, 163, 1, 7, 14, 'KNH'),
(944, 163, 18, 7, 15, 'KNH'),
(945, 163, 19, 7, 33, 'KNH'),
(946, 164, 18, 7, 19, 'KNH'),
(947, 164, 3, 7, 10, 'KNH'),
(948, 164, 19, 7, 6, 'KNH'),
(949, 164, 13, 7, 5, 'KNH'),
(950, 164, 34, 7, 23, 'KNH'),
(951, 164, 6, 7, 2, 'KNH'),
(952, 164, 5, 7, 10, 'KNH'),
(953, 165, 6, 7, 7, 'KNH'),
(954, 166, 41, 7, 20, 'KNH'),
(978, 167, 18, 7, 11, 'KNH'),
(977, 167, 8, 7, 4, 'KNH'),
(976, 167, 19, 7, 5, 'KNH'),
(975, 167, 12, 7, 21, 'KNH'),
(974, 167, 11, 7, 1, 'KNH'),
(973, 167, 9, 7, 19, 'KNH'),
(972, 167, 10, 7, 3, 'KNH'),
(971, 167, 1, 7, 20, 'KNH'),
(970, 167, 3, 7, 17, 'KNH'),
(969, 167, 37, 7, 20, 'KNH'),
(968, 167, 38, 7, 20, 'KNH'),
(967, 167, 108, 7, 20, 'KNH'),
(979, 167, 21, 7, 32, 'KNH'),
(980, 168, 26, 7, 195, 'KNH'),
(981, 169, 21, 7, 11, 'KNH'),
(982, 170, 22, 7, 18, 'KNH'),
(983, 170, 25, 7, 27, 'KNH'),
(984, 170, 9, 7, 14, 'KNH'),
(985, 170, 10, 7, 24, 'KNH'),
(986, 170, 4, 7, 20, 'KNH'),
(987, 171, 5, 7, 12, 'KNH'),
(988, 171, 25, 7, 5, 'KNH'),
(989, 171, 37, 7, 18, 'KNH'),
(990, 171, 6, 7, 2, 'KNH'),
(991, 171, 22, 7, 34, 'KNH'),
(992, 172, 13, 7, 9, 'KNH'),
(993, 173, 5, 7, 9, 'KNH'),
(994, 173, 27, 7, 35, 'KNH'),
(995, 173, 6, 7, 36, 'KNH'),
(996, 173, 30, 7, 6, 'KNH'),
(997, 173, 32, 7, 59, 'KNH'),
(998, 173, 37, 7, 20, 'KNH'),
(999, 173, 38, 7, 20, 'KNH'),
(1000, 173, 25, 7, 15, 'KNH'),
(1001, 174, 12, 7, 135, 'KNH'),
(1002, 174, 9, 7, 51, 'KNH'),
(1003, 174, 10, 7, 9, 'KNH'),
(1032, 175, 12, 7, 56, 'KNH'),
(1031, 175, 10, 7, 12, 'KNH'),
(1030, 175, 25, 7, 6, 'KNH'),
(1029, 175, 37, 7, 3, 'KNH'),
(1028, 175, 22, 7, 47, 'KNH'),
(1027, 175, 109, 7, 10, 'KNH'),
(1015, 176, 25, 7, 22, 'KNH'),
(1016, 176, 3, 7, 3, 'KNH'),
(1017, 176, 5, 7, 10, 'KNH'),
(1018, 176, 6, 7, 5, 'KNH'),
(1019, 177, 9, 7, 27, 'KNH'),
(1020, 177, 27, 7, 40, 'KNH'),
(1021, 177, 10, 7, 33, 'KNH'),
(1022, 178, 27, 7, 27, 'KNH'),
(1023, 178, 6, 7, 38, 'KNH'),
(1024, 179, 1, 7, 30, 'KNH'),
(1025, 179, 19, 7, 53, 'KNH'),
(1026, 179, 63, 7, 195, 'KNH'),
(1051, 180, 1, 7, 20, 'KNH'),
(1050, 180, 9, 7, 20, 'KNH'),
(1049, 180, 10, 7, 12, 'KNH'),
(1048, 180, 19, 7, 2, 'KNH'),
(1047, 180, 83, 7, 6, 'KNH'),
(1046, 180, 78, 7, 8, 'KNH'),
(1045, 180, 79, 7, 15, 'KNH'),
(1043, 150, 1, 7, 15, 'KNH'),
(1044, 181, 17, 7, 12, 'KNH'),
(1052, 180, 3, 7, 10, 'KNH'),
(1053, 180, 5, 7, 12, 'KNH'),
(1054, 180, 6, 7, 54, 'KNH'),
(1055, 182, 19, 7, 12, 'KNH'),
(1056, 182, 12, 7, 97, 'KNH'),
(1057, 182, 6, 7, 29, 'KNH'),
(1079, 183, 18, 7, 32, 'KNH'),
(1078, 183, 32, 7, 45, 'KNH'),
(1077, 183, 6, 7, 5, 'KNH'),
(1076, 183, 34, 7, 11, 'KNH'),
(1080, 183, 19, 7, 16, 'KNH'),
(1081, 184, 10, 7, 20, 'KNH'),
(1082, 184, 20, 7, 15, 'KNH'),
(1083, 184, 18, 7, 5, 'KNH'),
(1084, 184, 12, 7, 29, 'KNH'),
(1085, 184, 17, 7, 51, 'KNH'),
(1086, 184, 75, 7, 25, 'KNH'),
(1087, 184, 30, 7, 79, 'KNH'),
(1099, 186, 20, 7, 16, 'KNH'),
(1095, 185, 19, 7, 12, 'KNH'),
(1094, 185, 10, 7, 11, 'KNH'),
(1098, 186, 19, 7, 28, 'KNH'),
(1097, 186, 30, 7, 65, 'KNH'),
(1096, 186, 63, 7, 200, 'KNH'),
(1105, 156, 1, 7, 46, 'KNH'),
(1106, 187, 65, 7, 200, 'KNH'),
(1127, 188, 30, 7, 40, 'KNH'),
(1128, 188, 37, 7, 10, 'KNH'),
(1129, 188, 32, 7, 42, 'KNH');

-- --------------------------------------------------------

--
-- Table structure for table `tblcategory`
--

CREATE TABLE `tblcategory` (
  `id_category` int(11) NOT NULL,
  `category_name` varchar(200) NOT NULL
) ENGINE=InnoDB DEFAULT CHARSET=utf8;

-- --------------------------------------------------------

--
-- Table structure for table `tblcompany`
--

CREATE TABLE `tblcompany` (
  `id_company` int(11) NOT NULL,
  `name` varchar(250) NOT NULL,
  `address` varchar(500) NOT NULL,
  `pincode` varchar(100) NOT NULL,
  `mobile` varchar(100) NOT NULL,
  `email` varchar(250) NOT NULL,
  `currency` varchar(100) NOT NULL,
  `financial_year_from` date NOT NULL,
  `financial_year_to` date NOT NULL,
  `username` varchar(500) NOT NULL,
  `password` varchar(750) NOT NULL,
  `opening_balance` double NOT NULL DEFAULT '0',
  `_counter` varchar(250) NOT NULL,
  `_date` date NOT NULL
) ENGINE=MyISAM DEFAULT CHARSET=utf8;

--
-- Dumping data for table `tblcompany`
--

INSERT INTO `tblcompany` (`id_company`, `name`, `address`, `pincode`, `mobile`, `email`, `currency`, `financial_year_from`, `financial_year_to`, `username`, `password`, `opening_balance`, `_counter`, `_date`) VALUES
(5, 'KNH', 'FISHERIES VALANJAVAZHY\n', '688005', '9961738918', 'knh@gmail.com', 'INDIAN', '2018-03-29', '2018-03-29', 'knh', '9961738918', 195020, '', '0000-00-00');

-- --------------------------------------------------------

--
-- Table structure for table `tblcustomer`
--

CREATE TABLE `tblcustomer` (
  `id_customer` int(11) NOT NULL,
  `name` varchar(250) NOT NULL,
  `address` varchar(500) NOT NULL,
  `place` varchar(200) NOT NULL,
  `phone` varchar(200) NOT NULL,
  `opening_balance` double NOT NULL,
  `opening_box` int(11) DEFAULT '0'
) ENGINE=InnoDB DEFAULT CHARSET=latin1;

--
-- Dumping data for table `tblcustomer`
--

INSERT INTO `tblcustomer` (`id_customer`, `name`, `address`, `place`, `phone`, `opening_balance`, `opening_box`) VALUES
(1, 'CTM', '', 'PAIPPAD', '9447741462', -552780, 0),
(2, 'PMM', '', 'PAIPPAD', '', -101395, 0),
(3, 'THIRUVALLA', '', '', '', -117670, 0),
(4, 'CHANGANACHERRY', '', '', '', -169300, 0),
(5, 'KURICHI', '', '', '', -360355, 0),
(6, 'ETTUMANOOR', '', '', '', -399250, 0),
(7, 'PURAKKAD', '', '', '', 0, 0),
(8, 'NOOH KARUVATTA', '', 'KARUVATTA', '', -33650, 0),
(9, 'CHS SALI', '', 'KARUVATTA', '', -111000, 0),
(10, 'HARIPPAD KNH', '', '', '', -315210, 0),
(11, 'KAVALA', '', '', '', -52350, 0),
(12, 'KAYAMKULAM', '', '', '', -32590, 0),
(13, 'BISMI KRNGPLY', '', 'KARUNNAGAPPALLY', '', 900, 0),
(14, 'KOLOTHUMUKK', '', '', '', 0, 0),
(15, 'PODIMON', '', '', '', 0, 0),
(16, 'NEENDAKARA', '', '', '', 0, 0),
(17, 'PARIPPALLY', '', '', '', 0, 0),
(18, 'KOLLAKADAVU', '', '', '', -109800, 0),
(19, 'PANDALAM', '', '', '', -134000, 0),
(20, 'PATHANAPURAM', '', '', '', 0, 0),
(21, 'KUMBAZHA', '', '', '', -121250, 0),
(22, 'PUNNAPRA', '', '', '', -107340, 0),
(23, 'ALAPPUZHA', '', '', '', 0, 0),
(24, 'CHERTHALA', '', '', '', 0, 0),
(25, 'KALAVOOR', '', '', '', 6400, 0),
(26, 'VYPIN', '', '', '', -7530, 0),
(27, 'SINAJ KOTTAYAM', '', '', '', -25900, 0),
(28, 'AJI KOZHIKODE', '', '', '', -208050, 0),
(29, 'PERUMBAVOOR', '', '', '', 0, 0),
(30, 'MOOVATTUPUZHA', '', '', '', 0, 0),
(31, 'PALA', '', '', '', 0, 0),
(32, 'THODUPUZHA', '', '', '', 0, 0),
(33, 'MAMMOOD', '', '', '', 0, 0),
(34, 'VAIKOM', '', '', '', -3000, 0),
(35, 'CHANDIROOR', '', '', '', 0, 0),
(36, 'THAIKKAL', '', '', '', 0, 0),
(37, 'CHAMBAKKARA', '', '', '', 0, 0),
(38, 'ALUVA', '', '', '', 0, 0),
(39, 'KAMALAKKADAVU', '', '', '', 0, 0),
(40, 'VARAPPUZHA', '', '', '', 0, 0),
(41, 'ANGAMALY', '', '', '', 0, 0),
(42, 'KPC TRISSUR', '', '', '', 0, 0),
(43, 'AZHEEKKODE', '', '', '', 0, 0),
(44, 'MOONUPEEDIKA', '', '', '', 0, 0),
(45, 'VATANAPPALLY TENS', '', '', '', -10000, 0),
(46, 'VATANAPPALLY BRK', '', '', '', 0, 0),
(47, 'CHOMBALA KUTTAN', '', '', '', 0, 0),
(48, 'CHOMBALA KRISHNAN', '', '', '', -31860, 0),
(49, 'EDAMUTTAM', '', '', '', 0, 0),
(50, 'KANNUR MH', '', '', '', 0, 0),
(51, 'KANNUR RMS', '', '', '', 0, 0),
(52, 'VATAKARA', '', '', '', 0, 0),
(53, 'THALASSERY', '', '', '', 0, 0),
(54, 'MANGLORE', '', '', '', 0, 0),
(55, 'BBF MALPE', '', '', '', 0, 0),
(56, 'MUNAMBAM', '', '', '', 0, 0),
(57, 'PPC KOZHIKODE', '', '', '', -3000, 0),
(58, 'NEELESHWARAM', '', '', '', 0, 0),
(59, 'NELESHWARAM KRISHNAN', '', '', '', 0, 0),
(60, 'KANJANGAD', '', '', '', 0, 0),
(61, 'KASARKODE', '', '', '', 0, 0),
(62, 'DELETE', '', '', '', 0, 0),
(63, 'VILIPPURAM', '', '', '', 0, 0),
(64, 'GOA', '', '', '', 0, 0),
(65, 'PUTHUNAGARAM', '', '', '', 0, 0),
(66, 'MTC BADKKAL', '', '', '', 0, 0),
(67, 'CHOMBALA KTC', '', '', '', 0, 0),
(68, 'JABBAR CHERUPPALASSERY', '', '', '', -12600, 0),
(69, 'ABBAS CHETTIPPADY', '', '', '', -17600, 0),
(70, 'NOOH KARUVATTA OLD', '', '', '', 0, 0),
(71, 'VAVVAKKAVU NISAR', '', '', '', 0, 0),
(72, 'VAVVAKKAVU PODIMON', '', '', '', 0, 0),
(73, 'CHADAYAMANGALAM ARAFA', '', '', '', 0, 0),
(74, 'ALAMCODE AAR', '', '', '', 0, 0),
(75, 'ALAMCODE NASAR', '', '', '', 0, 0),
(76, 'VENJARAMMOD YASEEN', '', '', '', 0, 0),
(77, 'NEDUMANGAD', '', '', '', 0, 0),
(78, 'PALAYAM AZIZ', '', '', '', 0, 0),
(79, 'NEYYATTINKARA', '', '', '', 0, 0),
(80, 'PALLAM', '', '', '', 0, 0),
(81, 'PANACHIMMOD', '', '', '', 0, 0),
(82, 'KALIYAKKAVILA', '', '', '', 0, 0),
(83, 'MARTHANDAM', '', '', '', 0, 0),
(84, 'SHAMS PALLANA', '', '', '', -12600, 0),
(85, 'NISAR C/O HARIPPAD', '', '', '', -6000, 0),
(86, 'KAVALA C/O KABEER', '', '', '', -4500, 0),
(87, 'RIYAS DOSTH OLD AD', '', '', '', 0, 0),
(88, 'BAITHOOL ADVANCE', '', '', '', -20000, 0),
(89, 'RC C/O HAROON', '', '', '', 2700, 0),
(90, 'SALT CHANGANACHERRY', '', '', '', 0, 0),
(91, 'RC C/O NAZAR', '', '', '', 0, 0),
(92, 'RC BAKKAR', '', '', '', 0, 0),
(93, 'RC SUNEER', '', '', '', 0, 0),
(94, 'THAJ KYMKLM C/O COMPANY', '', '', '', 0, 0),
(95, 'FAISAL PETTI', '', '', '', 0, 0),
(96, 'DAMAGE', '', '', '', 0, 0),
(97, 'RC PITHAV ', '', '', '', 0, 0),
(98, 'NISAR COMPANY KOCHI', '', '', '', 0, 0),
(99, 'ALLIANCE COMPANY KOCHI', '', '', '', 0, 0),
(100, 'RC', '', '', '', 0, 0),
(101, 'PAYYANNOOR', '', '', '', 0, 0),
(102, 'THALIPPARAMB', '', '', '', 0, 0),
(103, 'CHAVAKKAD FRIENDS', '', '', '', 0, 0),
(104, 'DELETE', '', 'PATTAMBI', '', 0, 0),
(105, 'SODA MALPE', '', '', '', 0, 0),
(106, 'KOYLANDY ', '', '', '', 0, 0),
(107, 'DELETE', '', '', '', 0, 0),
(108, 'CHALAKKUDY', '', '', '', 0, 0),
(109, 'MUNDAKKAYAM NAVAS', '', '', '', 0, 0),
(110, 'GVN THIRUMALVASAL', '', '', '', 0, 0);

-- --------------------------------------------------------

--
-- Table structure for table `tblice_filling`
--

CREATE TABLE `tblice_filling` (
  `id_filling` int(11) NOT NULL,
  `id_plant` int(11) NOT NULL,
  `lorry` varchar(250) NOT NULL,
  `box` int(11) NOT NULL,
  `amount` double NOT NULL,
  `remarks` varchar(250) NOT NULL,
  `date` date NOT NULL
) ENGINE=InnoDB DEFAULT CHARSET=latin1;

-- --------------------------------------------------------

--
-- Table structure for table `tblitem`
--

CREATE TABLE `tblitem` (
  `id_item` int(11) NOT NULL,
  `name` varchar(500) NOT NULL,
  `kg` int(11) DEFAULT NULL,
  `opening_stock` double DEFAULT NULL
) ENGINE=MyISAM DEFAULT CHARSET=latin1;

--
-- Dumping data for table `tblitem`
--

INSERT INTO `tblitem` (`id_item`, `name`, `kg`, `opening_stock`) VALUES
(1, 'MATHI', NULL, NULL),
(2, 'AYLA', NULL, NULL),
(3, 'CD', NULL, NULL),
(4, 'KANNI AYLA', NULL, NULL),
(5, 'LALBI', NULL, NULL),
(6, 'MANGADA', NULL, NULL),
(7, 'PEPSI', NULL, NULL),
(8, 'BLACK CHOORA', NULL, NULL),
(9, 'WHITE CHOORA', NULL, NULL),
(10, 'M/D CHOORA', NULL, NULL),
(11, 'SHEELAV', NULL, NULL),
(12, 'KANNI SMALL', NULL, NULL),
(13, 'KANNI BIG', NULL, NULL),
(14, 'SHEELAV BIG', NULL, NULL),
(15, 'KOLA', NULL, NULL),
(16, 'BAATT', NULL, NULL),
(17, 'MIX', NULL, NULL),
(18, 'MIX CHOORA', NULL, NULL),
(19, 'COLA', NULL, NULL),
(20, 'RANI', NULL, NULL),
(21, 'UNNIMERY', NULL, NULL),
(22, 'SALMAN', NULL, NULL);

-- --------------------------------------------------------

--
-- Table structure for table `tblopening_box_balance`
--

CREATE TABLE `tblopening_box_balance` (
  `id_box_balance` int(11) NOT NULL,
  `id_customer` int(11) NOT NULL,
  `id_supplier` int(11) NOT NULL,
  `box_count` int(11) NOT NULL
) ENGINE=MyISAM DEFAULT CHARSET=latin1;

-- --------------------------------------------------------

--
-- Table structure for table `tblplant`
--

CREATE TABLE `tblplant` (
  `id_plant` int(11) NOT NULL,
  `plant` varchar(250) NOT NULL,
  `phone` varchar(100) NOT NULL,
  `address` varchar(500) NOT NULL,
  `opening_balance` double NOT NULL
) ENGINE=InnoDB DEFAULT CHARSET=latin1;

-- --------------------------------------------------------

--
-- Table structure for table `tblpurchase_expense_item`
--

CREATE TABLE `tblpurchase_expense_item` (
  `id_purchase_expense_item` int(11) NOT NULL,
  `id_purchase_voucher` int(11) DEFAULT NULL,
  `id_account_head` int(11) DEFAULT NULL,
  `amount` double DEFAULT NULL,
  `remarks` varchar(200) NOT NULL
) ENGINE=InnoDB DEFAULT CHARSET=utf8;

--
-- Dumping data for table `tblpurchase_expense_item`
--

INSERT INTO `tblpurchase_expense_item` (`id_purchase_expense_item`, `id_purchase_voucher`, `id_account_head`, `amount`, `remarks`) VALUES
(6772, 2, 1, 0, ''),
(6773, 2, 2, 1000, ''),
(6774, 2, 3, 1680, ''),
(6775, 2, 4, 2720, ''),
(6776, 2, 5, 0, ''),
(6777, 2, 6, 2770, ''),
(6778, 2, 7, 4000, ''),
(6779, 2, 8, 5000, ''),
(6780, 2, 9, 62460, ''),
(6781, 2, 10, 0, ''),
(6782, 2, 11, 0, ''),
(6783, 2, 12, 0, ''),
(6784, 2, 13, 0, ''),
(6785, 2, 14, 3030, ''),
(6786, 2, 15, 0, ''),
(6787, 2, 16, 7360, ''),
(6788, 2, 17, 0, ''),
(6789, 2, 18, 0, ''),
(6790, 2, 19, 700, ''),
(6791, 2, 20, 0, ''),
(6792, 2, 21, 0, ''),
(6793, 2, 22, 0, ''),
(6794, 2, 23, 0, ''),
(6795, 2, 24, 0, ''),
(6796, 2, 25, 0, ''),
(6797, 2, 26, 0, ''),
(6798, 2, 27, 0, ''),
(6799, 2, 28, 0, ''),
(6800, 2, 29, 0, ''),
(6801, 2, 30, 0, ''),
(6802, 2, 31, 0, ''),
(6803, 2, 32, 0, ''),
(6804, 2, 33, 0, ''),
(6805, 2, 34, 0, ''),
(6806, 2, 35, 0, ''),
(6807, 2, 36, 0, ''),
(6808, 2, 37, 0, ''),
(6809, 2, 38, 0, ''),
(6810, 2, 39, 0, ''),
(6811, 2, 40, 0, ''),
(6812, 2, 41, 0, ''),
(6813, 2, 42, 0, ''),
(6814, 2, 43, 0, ''),
(6815, 2, 44, 0, ''),
(6816, 2, 45, 0, ''),
(6817, 2, 46, 0, ''),
(6818, 2, 47, 0, ''),
(6819, 2, 48, 0, ''),
(6820, 2, 49, 0, ''),
(6821, 2, 50, 0, ''),
(6822, 2, 51, 0, ''),
(6823, 2, 52, 0, ''),
(6824, 2, 53, 0, ''),
(6825, 2, 54, 700, ''),
(6826, 2, 55, 0, ''),
(6827, 2, 56, 0, ''),
(6828, 2, 57, 0, ''),
(6829, 2, 58, 0, ''),
(6830, 2, 59, 0, ''),
(6831, 2, 60, 0, ''),
(6832, 2, 61, 4000, ''),
(6833, 2, 62, 4000, ''),
(6834, 2, 63, 0, ''),
(6835, 2, 64, 0, ''),
(6836, 2, 65, 0, ''),
(6837, 2, 66, 0, ''),
(6838, 2, 67, 0, ''),
(6839, 2, 68, 61430, ''),
(6840, 2, 69, 3000, '14/03/,15/03'),
(6841, 2, 70, 0, ''),
(6842, 2, 71, 0, ''),
(6843, 2, 72, 0, ''),
(6844, 2, 73, 0, ''),
(6845, 2, 74, 0, ''),
(6846, 2, 75, 0, ''),
(6847, 2, 76, 0, ''),
(6848, 2, 77, 0, ''),
(6849, 2, 78, 0, ''),
(6850, 2, 79, 0, ''),
(6851, 2, 80, 0, ''),
(6852, 2, 81, 0, ''),
(6853, 2, 82, 0, ''),
(6854, 2, 83, 0, ''),
(6855, 2, 84, 0, ''),
(6856, 2, 85, 0, ''),
(6857, 2, 86, 0, ''),
(6858, 2, 87, 0, ''),
(6859, 2, 88, 0, ''),
(6950, 3, 1, 0, ''),
(6951, 3, 2, 0, ''),
(6952, 3, 3, 4440, ''),
(6953, 3, 4, 5430, ''),
(6954, 3, 5, 0, ''),
(6955, 3, 6, 9290, ''),
(6956, 3, 7, 8000, ''),
(6957, 3, 8, 5500, ''),
(6958, 3, 9, 0, ''),
(6959, 3, 10, 62730, ''),
(6960, 3, 11, 0, ''),
(6961, 3, 12, 0, ''),
(6962, 3, 13, 0, ''),
(6963, 3, 14, 5860, '2DAYS'),
(6964, 3, 15, 0, ''),
(6965, 3, 16, 11760, '4DAYS'),
(6966, 3, 17, 0, ''),
(6967, 3, 18, 0, ''),
(6968, 3, 19, 1400, ''),
(6969, 3, 20, 300, ''),
(6970, 3, 21, 0, ''),
(6971, 3, 22, 0, ''),
(6972, 3, 23, 0, ''),
(6973, 3, 24, 0, ''),
(6974, 3, 25, 0, ''),
(6975, 3, 26, 0, ''),
(6976, 3, 27, 0, ''),
(6977, 3, 28, 0, ''),
(6978, 3, 29, 0, ''),
(6979, 3, 30, 0, ''),
(6980, 3, 31, 0, ''),
(6981, 3, 32, 0, ''),
(6982, 3, 33, 0, ''),
(6983, 3, 34, 0, ''),
(6984, 3, 35, 0, ''),
(6985, 3, 36, 0, ''),
(6986, 3, 37, 64050, ''),
(6987, 3, 38, 0, ''),
(6988, 3, 39, 0, ''),
(6989, 3, 40, 0, ''),
(6990, 3, 41, 0, ''),
(6991, 3, 42, 2000, ''),
(6992, 3, 43, 0, ''),
(6993, 3, 44, 69520, ''),
(6994, 3, 45, 0, ''),
(6995, 3, 46, 0, ''),
(6996, 3, 47, 0, ''),
(6997, 3, 48, 0, ''),
(6998, 3, 49, 0, ''),
(6999, 3, 50, 0, ''),
(7000, 3, 51, 0, ''),
(7001, 3, 52, 0, ''),
(7002, 3, 53, 0, ''),
(7003, 3, 54, 2600, 'balance repair'),
(7004, 3, 55, 150, ''),
(7005, 3, 56, 0, ''),
(7006, 3, 57, 0, ''),
(7007, 3, 58, 0, ''),
(7008, 3, 59, 0, ''),
(7009, 3, 60, 0, ''),
(7010, 3, 61, 8000, ''),
(7011, 3, 62, 8000, ''),
(7012, 3, 63, 400, ''),
(7013, 3, 64, 0, ''),
(7014, 3, 65, 0, ''),
(7015, 3, 66, 0, ''),
(7016, 3, 67, 0, ''),
(7017, 3, 68, 0, ''),
(7018, 3, 69, 6900, ''),
(7019, 3, 70, 0, ''),
(7020, 3, 71, 0, ''),
(7021, 3, 72, 0, ''),
(7022, 3, 73, 0, ''),
(7023, 3, 74, 3240, ''),
(7024, 3, 75, 0, ''),
(7025, 3, 76, 0, ''),
(7026, 3, 77, 0, ''),
(7027, 3, 78, 60050, ''),
(7028, 3, 79, 0, ''),
(7029, 3, 80, 0, ''),
(7030, 3, 81, 0, ''),
(7031, 3, 82, 0, ''),
(7032, 3, 83, 0, ''),
(7033, 3, 84, 0, ''),
(7034, 3, 85, 0, ''),
(7035, 3, 86, 0, ''),
(7036, 3, 87, 0, ''),
(7037, 3, 88, 0, ''),
(7038, 3, 89, 0, ''),
(7039, 3, 90, 0, ''),
(7547, 6, 93, 12150, ''),
(7548, 6, 10, 28440, ''),
(7549, 6, 3, 17780, ''),
(7550, 6, 90, 1870, ''),
(7551, 6, 7, 2000, ''),
(7552, 6, 4, 1300, ''),
(7553, 6, 69, 3600, ''),
(7554, 6, 2, 1100, ''),
(7555, 6, 16, 6900, ''),
(7556, 4, 3, 1200, ''),
(7557, 4, 4, 1200, ''),
(7558, 4, 7, 2000, ''),
(7559, 4, 8, 6000, ''),
(7560, 4, 16, 3550, ''),
(7561, 4, 19, 400, ''),
(7562, 4, 20, 100, ''),
(7563, 4, 57, 71580, ''),
(7564, 4, 61, 1000, ''),
(7565, 4, 62, 2000, ''),
(7566, 4, 69, 3400, ''),
(7567, 4, 82, 850, ''),
(7592, 7, 7, 2000, ''),
(7593, 7, 19, 350, ''),
(7594, 7, 23, 2250, ''),
(7595, 7, 32, 440, 'idea recharge'),
(7596, 7, 38, 2500, ''),
(7597, 7, 61, 2000, ''),
(7598, 7, 62, 2000, ''),
(7599, 7, 66, 63730, ''),
(7600, 7, 69, 1800, ''),
(7601, 7, 85, 300, ''),
(7602, 7, 89, 300, ''),
(7603, 7, 95, 4000, ''),
(7604, 7, 20, 150, ''),
(7809, 5, 3, 600, ''),
(7810, 5, 4, 1500, ''),
(7811, 5, 6, 3020, ''),
(7812, 5, 7, 2000, ''),
(7813, 5, 8, 6570, ''),
(7814, 5, 16, 5380, ''),
(7815, 5, 19, 350, ''),
(7816, 5, 61, 2000, ''),
(7817, 5, 62, 2000, ''),
(7818, 5, 69, 2750, ''),
(7819, 5, 85, 300, ''),
(7820, 5, 88, 53380, ''),
(8070, 13, 3, 600, ''),
(8071, 13, 4, 3240, ''),
(8072, 13, 7, 2000, '42'),
(8073, 13, 8, 4500, '2days'),
(8074, 13, 19, 400, ''),
(8075, 13, 23, 200, ''),
(8076, 13, 32, 150, 'recharge'),
(8077, 13, 42, 5000, ''),
(8078, 13, 61, 3000, ''),
(8079, 13, 62, 2000, ''),
(8080, 13, 69, 4350, 'bill collect'),
(8081, 13, 95, 4160, ''),
(8082, 13, 128, 1000, '31/03'),
(8083, 13, 133, 56320, ''),
(8123, 14, 2, 400, ''),
(8124, 14, 3, 13260, ''),
(8125, 14, 4, 1150, ''),
(8126, 14, 7, 2000, ''),
(8127, 14, 8, 3020, ''),
(8128, 14, 20, 300, ''),
(8129, 14, 44, 53380, ''),
(8130, 14, 61, 2000, ''),
(8131, 14, 62, 2000, ''),
(8132, 14, 69, 1000, ''),
(8133, 14, 90, 1400, ''),
(8134, 14, 95, 4100, ''),
(8135, 14, 120, 1500, ''),
(8136, 15, 62, 2000, ''),
(8137, 15, 61, 2000, ''),
(8138, 15, 7, 2000, '44'),
(8139, 15, 16, 8160, '3days'),
(8140, 15, 69, 2200, ''),
(8141, 15, 4, 500, ''),
(8142, 15, 19, 400, ''),
(8143, 15, 57, 59300, ''),
(8144, 15, 138, 600, ''),
(8145, 15, 20, 100, ''),
(8199, 16, 2, 2700, ''),
(8200, 16, 3, 3700, ''),
(8201, 16, 4, 13920, '6days'),
(8202, 16, 7, 8000, '45'),
(8203, 16, 8, 8040, '4days'),
(8204, 16, 16, 24660, '6days'),
(8205, 16, 19, 1600, ''),
(8206, 16, 20, 100, ''),
(8207, 16, 44, 68890, ''),
(8208, 16, 57, 67820, ''),
(8209, 16, 61, 15500, ''),
(8210, 16, 62, 8000, ''),
(8211, 16, 69, 10700, '13 to 19'),
(8212, 16, 119, 400, ''),
(8213, 16, 133, 61520, ''),
(8214, 16, 137, 69460, ''),
(8215, 16, 140, 4050, ''),
(8216, 16, 151, 6000, '6days'),
(8220, 17, 3, 13800, ''),
(8221, 17, 7, 2000, '46'),
(8222, 17, 61, 1500, ''),
(8223, 17, 62, 2000, ''),
(8224, 17, 9, 50370, ''),
(8225, 17, 69, 1500, ''),
(8226, 17, 4, 1750, ''),
(8227, 17, 151, 1000, ''),
(8228, 17, 20, 200, ''),
(8229, 17, 95, 6870, '2days'),
(8230, 17, 8, 3000, ''),
(8231, 17, 16, 2500, ''),
(8237, 18, 3, 24300, '2vehicle'),
(8238, 18, 10, 22300, ''),
(8239, 18, 37, 23500, ''),
(8240, 18, 150, 3000, 'liyakath'),
(8241, 18, 151, 3000, ''),
(8242, 19, 3, 10800, ''),
(8243, 19, 95, 19650, ''),
(8244, 19, 150, 3000, 'liyakath'),
(8245, 19, 146, 2400, ''),
(8246, 19, 2, 300, 'shashi'),
(8257, 21, 62, 2000, ''),
(8258, 21, 61, 2000, ''),
(8259, 21, 7, 2000, '47'),
(8260, 21, 19, 400, ''),
(8261, 21, 3, 600, ''),
(8262, 21, 4, 1490, ''),
(8263, 21, 37, 64600, ''),
(8264, 21, 42, 2500, ''),
(8265, 21, 119, 600, ''),
(8266, 21, 69, 1600, ''),
(8267, 21, 8, 4050, ''),
(8268, 21, 16, 3400, ''),
(8269, 21, 2, 400, ''),
(8270, 22, 62, 2000, ''),
(8271, 22, 61, 2000, ''),
(8272, 22, 7, 2000, '48'),
(8273, 22, 19, 400, ''),
(8274, 22, 88, 54540, ''),
(8275, 22, 8, 2730, ''),
(8276, 22, 3, 1080, ''),
(8277, 22, 4, 1600, ''),
(8278, 22, 45, 400, ''),
(8279, 22, 69, 1500, ''),
(8280, 22, 16, 3700, ''),
(8281, 22, 2, 200, ''),
(8282, 22, 151, 2000, ''),
(8296, 23, 2, 1000, 'kalvoor bill collect'),
(8297, 23, 3, 400, ''),
(8298, 23, 4, 1350, ''),
(8299, 23, 7, 2000, '49'),
(8300, 23, 8, 3510, ''),
(8301, 23, 9, 58210, ''),
(8302, 23, 16, 2700, ''),
(8303, 23, 19, 400, ''),
(8304, 23, 61, 3000, ''),
(8305, 23, 62, 2000, ''),
(8306, 23, 69, 1500, ''),
(8307, 23, 95, 4270, ''),
(8308, 23, 151, 2000, ''),
(8425, 25, 2, 200, ''),
(8426, 25, 3, 480, ''),
(8427, 25, 4, 1220, ''),
(8428, 25, 7, 2000, ''),
(8429, 25, 57, 61580, ''),
(8430, 25, 61, 2000, ''),
(8431, 25, 62, 2000, ''),
(8432, 25, 69, 1200, ''),
(8433, 25, 95, 3980, ''),
(8434, 25, 151, 2000, ''),
(8435, 25, 153, 2050, ''),
(8436, 25, 20, 300, ''),
(8441, 9, 4, 2600, ''),
(8442, 9, 8, 10500, ''),
(8443, 9, 16, 6640, '2days'),
(8444, 9, 95, 21470, ''),
(8445, 9, 69, 4440, ''),
(8446, 9, 20, 150, ''),
(8447, 9, 45, 200, ''),
(8448, 9, 2, 300, ''),
(8449, 12, 2, 500, ''),
(8450, 12, 3, 1200, ''),
(8451, 12, 4, 250, ''),
(8452, 12, 8, 6900, '4days'),
(8453, 10, 2, 1500, ''),
(8454, 10, 3, 20950, ''),
(8455, 10, 4, 1500, ''),
(8456, 10, 16, 7800, '4DAYS'),
(8457, 10, 37, 22600, ''),
(8458, 10, 69, 1500, ''),
(8459, 11, 2, 1500, ''),
(8460, 11, 3, 15750, ''),
(8461, 11, 10, 22080, ''),
(8462, 11, 151, 1500, ''),
(8505, 8, 3, 6920, '23to28'),
(8506, 8, 4, 5000, '23to27'),
(8507, 8, 6, 5710, '26/3,27/3'),
(8508, 8, 7, 8000, ''),
(8509, 8, 8, 8850, ''),
(8510, 8, 9, 64950, ''),
(8511, 8, 16, 18740, ''),
(8512, 8, 19, 1400, '4vehicle'),
(8513, 8, 37, 65600, ''),
(8514, 8, 42, 5000, ''),
(8515, 8, 44, 60510, ''),
(8516, 8, 45, 250, ''),
(8517, 8, 57, 68250, ''),
(8518, 8, 61, 6000, ''),
(8519, 8, 62, 8000, ''),
(8520, 8, 69, 6090, '24to29'),
(8521, 8, 112, 12000, ''),
(8522, 8, 117, 520, ''),
(8523, 8, 119, 960, ''),
(8524, 8, 120, 1740, ''),
(8525, 8, 121, 740, ''),
(8526, 8, 122, 5000, ''),
(8527, 20, 2, 1000, 'TN vehicle'),
(8528, 20, 3, 21850, ''),
(8529, 20, 4, 600, ''),
(8530, 20, 10, 22340, ''),
(8531, 20, 69, 600, ''),
(8532, 20, 74, 3850, ''),
(8533, 20, 120, 200, ''),
(8534, 20, 146, 2000, 'liyakath'),
(8535, 20, 150, 3000, ''),
(8536, 20, 151, 3000, ''),
(8554, 24, 2, 500, ''),
(8555, 24, 3, 1920, ''),
(8556, 24, 4, 3490, ''),
(8557, 24, 7, 6000, '50.51'),
(8558, 24, 8, 4650, '2days'),
(8559, 24, 16, 2500, ''),
(8560, 24, 19, 1200, ''),
(8561, 24, 44, 61880, ''),
(8562, 24, 61, 5000, ''),
(8563, 24, 62, 6000, ''),
(8564, 24, 63, 200, ''),
(8565, 24, 69, 2400, '3days'),
(8566, 24, 95, 7260, '2days'),
(8567, 24, 133, 52220, ''),
(8568, 24, 137, 60450, ''),
(8569, 24, 151, 3000, ''),
(8570, 24, 153, 6280, '2days'),
(8583, 26, 3, 900, ''),
(8584, 26, 4, 900, ''),
(8585, 26, 7, 2000, '53'),
(8586, 26, 8, 6080, ''),
(8587, 26, 16, 3100, ''),
(8588, 26, 19, 400, ''),
(8589, 26, 37, 60700, ''),
(8590, 26, 61, 4000, ''),
(8591, 26, 62, 2000, ''),
(8592, 26, 69, 3530, ''),
(8593, 26, 119, 620, ''),
(8594, 26, 151, 3000, ''),
(8595, 27, 62, 2000, ''),
(8596, 27, 61, 2000, ''),
(8597, 27, 7, 2000, ''),
(8598, 27, 19, 400, ''),
(8599, 27, 9, 60370, ''),
(8600, 27, 8, 3300, ''),
(8601, 27, 16, 4200, ''),
(8602, 27, 69, 2000, ''),
(8603, 27, 151, 1500, ''),
(8604, 27, 4, 2200, ''),
(8605, 27, 3, 700, ''),
(8606, 27, 2, 400, ''),
(8692, 28, 2, 500, ''),
(8693, 28, 3, 3500, ''),
(8694, 28, 4, 980, ''),
(8695, 28, 7, 2000, '55'),
(8696, 28, 8, 3300, ''),
(8697, 28, 16, 4200, ''),
(8698, 28, 19, 400, ''),
(8699, 28, 61, 2000, ''),
(8700, 28, 62, 2000, ''),
(8701, 28, 69, 1500, ''),
(8702, 28, 133, 56520, ''),
(8703, 28, 151, 1500, ''),
(8704, 28, 153, 7700, '2days'),
(8766, 29, 2, 300, ''),
(8767, 29, 3, 660, ''),
(8768, 29, 4, 1070, ''),
(8769, 29, 7, 2000, '56'),
(8770, 29, 8, 2480, ''),
(8771, 29, 16, 7640, '2days'),
(8772, 29, 19, 400, ''),
(8773, 29, 61, 2000, ''),
(8774, 29, 62, 2000, ''),
(8775, 29, 66, 64500, ''),
(8776, 29, 69, 1600, ''),
(8777, 29, 151, 2000, ''),
(8778, 29, 153, 2550, ''),
(8955, 30, 2, 1250, ''),
(8956, 30, 3, 1000, ''),
(8957, 30, 4, 1160, ''),
(8958, 30, 7, 2000, '57'),
(8959, 30, 16, 8300, ''),
(8960, 30, 19, 400, ''),
(8961, 30, 45, 500, ''),
(8962, 30, 61, 3000, ''),
(8963, 30, 62, 2000, ''),
(8964, 30, 69, 2700, ''),
(8965, 30, 95, 3380, ''),
(8966, 30, 119, 1360, ''),
(8967, 30, 137, 62140, ''),
(8968, 30, 151, 3000, ''),
(8969, 31, 2, 500, ''),
(8970, 31, 3, 860, ''),
(8971, 31, 4, 1230, ''),
(8972, 31, 7, 2000, '58'),
(8973, 31, 19, 400, ''),
(8974, 31, 61, 3000, ''),
(8975, 31, 62, 2000, ''),
(8976, 31, 69, 1500, ''),
(8977, 31, 95, 7880, ''),
(8978, 31, 119, 900, ''),
(8979, 31, 151, 3000, ''),
(8980, 31, 161, 53380, ''),
(8989, 33, 3, 1260, ''),
(8990, 33, 4, 2250, ''),
(8991, 33, 7, 4000, '60'),
(8992, 33, 16, 10530, ''),
(8993, 33, 19, 800, ''),
(8994, 33, 37, 56600, ''),
(8995, 33, 61, 5000, ''),
(8996, 33, 62, 4000, ''),
(8997, 33, 69, 4200, ''),
(8998, 33, 95, 8010, ''),
(8999, 33, 119, 360, ''),
(9000, 33, 133, 61540, ''),
(9001, 33, 140, 2000, ''),
(9002, 33, 151, 6000, ''),
(9014, 34, 3, 2280, ''),
(9015, 34, 4, 900, ''),
(9016, 34, 7, 2000, '61'),
(9017, 34, 9, 61080, ''),
(9018, 34, 19, 900, ''),
(9019, 34, 20, 100, ''),
(9020, 34, 61, 3000, ''),
(9021, 34, 62, 2000, ''),
(9022, 34, 69, 2760, ''),
(9023, 34, 119, 2270, ''),
(9024, 34, 151, 4000, ''),
(9025, 34, 153, 3180, ''),
(9026, 34, 16, 6130, ''),
(9027, 34, 25, 500, ''),
(9078, 32, 7, 2000, '59'),
(9079, 32, 19, 400, ''),
(9080, 32, 44, 74440, ''),
(9081, 32, 61, 5000, ''),
(9082, 32, 62, 2000, ''),
(9083, 32, 63, 200, ''),
(9084, 32, 69, 1400, ''),
(9085, 32, 151, 3000, ''),
(9246, 36, 3, 300, ''),
(9247, 36, 4, 150, ''),
(9248, 36, 7, 2000, '63'),
(9249, 36, 16, 5150, ''),
(9250, 36, 19, 400, ''),
(9251, 36, 20, 200, ''),
(9252, 36, 44, 57440, ''),
(9253, 36, 61, 2000, ''),
(9254, 36, 62, 2000, ''),
(9255, 36, 69, 1500, ''),
(9256, 36, 119, 1000, ''),
(9257, 36, 151, 3000, ''),
(9258, 36, 153, 3030, ''),
(9259, 36, 166, 1750, ''),
(9322, 37, 3, 720, ''),
(9323, 37, 4, 1050, ''),
(9324, 37, 7, 2000, '64'),
(9325, 37, 16, 3480, ''),
(9326, 37, 19, 400, ''),
(9327, 37, 61, 3000, ''),
(9328, 37, 62, 2000, ''),
(9329, 37, 69, 1600, ''),
(9330, 37, 95, 2650, ''),
(9331, 37, 133, 57570, ''),
(9332, 37, 151, 3000, ''),
(9333, 38, 2, 600, ''),
(9334, 38, 7, 2000, '65'),
(9335, 38, 9, 58450, ''),
(9336, 38, 19, 400, ''),
(9337, 38, 61, 3000, ''),
(9338, 38, 62, 2000, ''),
(9339, 38, 69, 1500, ''),
(9340, 38, 151, 3000, ''),
(9341, 38, 95, 2430, '30/05'),
(9342, 35, 3, 3420, ''),
(9343, 35, 4, 4200, ''),
(9344, 35, 7, 8000, '62'),
(9345, 35, 16, 10850, '3days'),
(9346, 35, 19, 1600, ''),
(9347, 35, 20, 650, ''),
(9348, 35, 61, 4000, ''),
(9349, 35, 62, 8000, ''),
(9350, 35, 69, 3800, ''),
(9351, 35, 95, 6370, ''),
(9352, 35, 109, 1000, 'liyakath'),
(9353, 35, 119, 2500, ''),
(9354, 35, 133, 57940, ''),
(9355, 35, 137, 60320, ''),
(9356, 35, 151, 6000, ''),
(9357, 35, 153, 3930, ''),
(9358, 35, 159, 62230, ''),
(9359, 35, 165, 56500, ''),
(9360, 39, 142, 11400, ''),
(9361, 39, 125, 1400, ''),
(9362, 39, 7, 2000, '66'),
(9363, 39, 37, 46120, ''),
(9364, 39, 16, 4350, ''),
(9365, 39, 95, 4580, ''),
(9366, 39, 69, 2000, ''),
(9367, 39, 4, 740, ''),
(9368, 39, 20, 200, ''),
(9369, 39, 2, 500, ''),
(9370, 39, 151, 3000, ''),
(9378, 40, 7, 2000, '67'),
(9379, 40, 9, 42840, ''),
(9380, 40, 62, 2000, ''),
(9381, 40, 69, 1500, ''),
(9382, 40, 95, 7070, '2DAYS'),
(9383, 40, 125, 1400, ''),
(9384, 40, 142, 11400, ''),
(9385, 40, 184, 3950, ''),
(9386, 40, 4, 460, ''),
(9387, 40, 138, 200, ''),
(9388, 40, 119, 270, ''),
(9389, 40, 151, 3000, ''),
(9390, 40, 2, 400, ''),
(9436, 41, 2, 500, ''),
(9437, 41, 3, 11520, ''),
(9438, 41, 4, 3190, ''),
(9439, 41, 7, 4000, '68'),
(9440, 41, 9, 44170, ''),
(9441, 41, 16, 7110, '2DAYS'),
(9442, 41, 44, 47600, ''),
(9443, 41, 61, 2000, ''),
(9444, 41, 62, 4000, ''),
(9445, 41, 69, 2650, ''),
(9446, 41, 95, 3380, ''),
(9447, 41, 125, 2800, ''),
(9448, 41, 142, 11400, ''),
(9449, 41, 151, 4000, ''),
(9450, 41, 178, 3200, ''),
(9451, 42, 3, 11520, ''),
(9452, 42, 7, 2000, '70'),
(9453, 42, 61, 1000, ''),
(9454, 42, 62, 2000, ''),
(9455, 42, 168, 500, ''),
(9456, 42, 182, 2700, ''),
(9457, 42, 183, 2700, ''),
(9458, 42, 151, 2000, ''),
(9459, 42, 159, 52540, ''),
(9460, 42, 2, 200, ''),
(9461, 42, 125, 1400, ''),
(9536, 44, 2, 200, ''),
(9537, 44, 3, 11520, ''),
(9538, 44, 7, 2000, '71'),
(9539, 44, 32, 500, 'KAYAMKULAM NISAM'),
(9540, 44, 44, 45200, ''),
(9541, 44, 61, 2000, ''),
(9542, 44, 62, 2000, ''),
(9543, 44, 69, 1000, ''),
(9544, 44, 125, 1400, ''),
(9545, 44, 151, 2500, ''),
(9546, 44, 153, 2200, ''),
(9575, 43, 2, 1200, 'CALCULETAR'),
(9576, 43, 3, 24180, ''),
(9577, 43, 4, 1260, ''),
(9578, 43, 7, 4000, '69'),
(9579, 43, 9, 54000, ''),
(9580, 43, 16, 11950, '3DAYS'),
(9581, 43, 61, 2000, ''),
(9582, 43, 62, 4000, ''),
(9583, 43, 69, 3100, ''),
(9584, 43, 95, 8060, '2DAYS'),
(9585, 43, 125, 2800, ''),
(9586, 43, 151, 3000, ''),
(9587, 43, 177, 66100, ''),
(9602, 46, 2, 700, ''),
(9603, 46, 3, 24060, ''),
(9604, 46, 4, 1370, ''),
(9605, 46, 7, 4000, '(73)'),
(9606, 46, 9, 73600, ''),
(9607, 46, 16, 5810, ''),
(9608, 46, 44, 51000, ''),
(9609, 46, 61, 4500, 'kollam chndrapdy'),
(9610, 46, 62, 4000, ''),
(9611, 46, 69, 2800, ''),
(9612, 46, 95, 9390, ''),
(9613, 46, 125, 3700, ''),
(9614, 46, 138, 900, ''),
(9615, 46, 151, 4000, ''),
(9616, 47, 3, 12120, ''),
(9617, 47, 125, 1400, ''),
(9618, 47, 62, 2000, ''),
(9619, 47, 61, 2000, ''),
(9620, 47, 7, 2000, '74'),
(9621, 47, 159, 81210, ''),
(9622, 47, 90, 900, ''),
(9623, 47, 119, 2800, ''),
(9624, 47, 4, 1370, ''),
(9625, 47, 69, 1000, ''),
(9626, 47, 2, 600, ''),
(9627, 47, 151, 3000, ''),
(9628, 48, 3, 11400, ''),
(9629, 48, 125, 1400, ''),
(9630, 48, 61, 2000, ''),
(9631, 48, 62, 2000, ''),
(9632, 48, 7, 2000, '75'),
(9633, 48, 120, 2500, ''),
(9634, 48, 1, 1200, 'GOA LINER'),
(9635, 48, 2, 200, ''),
(9636, 48, 138, 700, ''),
(9637, 48, 188, 82500, ''),
(9638, 48, 25, 700, ''),
(9665, 50, 3, 13320, ''),
(9666, 50, 125, 1400, ''),
(9667, 50, 62, 2000, ''),
(9668, 50, 61, 2000, ''),
(9669, 50, 7, 2000, '77'),
(9670, 50, 44, 55600, ''),
(9671, 50, 4, 2380, ''),
(9672, 50, 95, 3530, ''),
(9673, 50, 16, 7730, ''),
(9674, 50, 69, 1600, ''),
(9675, 50, 2, 600, ''),
(9676, 50, 151, 3000, ''),
(9677, 51, 193, 13900, ''),
(9678, 51, 125, 800, ''),
(9679, 51, 62, 2000, ''),
(9680, 51, 61, 2000, ''),
(9681, 51, 7, 2000, '78'),
(9682, 51, 10, 47450, ''),
(9683, 51, 195, 3550, ''),
(9684, 51, 196, 2500, ''),
(9685, 51, 197, 1000, ''),
(9686, 51, 4, 1000, ''),
(9687, 51, 19, 300, ''),
(9688, 51, 69, 1500, ''),
(9689, 51, 119, 1900, ''),
(9690, 51, 151, 2500, ''),
(9691, 52, 62, 2000, ''),
(9692, 52, 61, 2000, ''),
(9693, 52, 7, 2000, '79'),
(9694, 52, 178, 7000, '(2)'),
(9695, 52, 69, 2500, ''),
(9696, 52, 4, 2350, ''),
(9697, 52, 95, 2650, ''),
(9698, 52, 182, 3050, ''),
(9699, 52, 188, 50210, ''),
(9700, 52, 120, 1230, ''),
(9701, 52, 151, 2500, ''),
(9714, 45, 2, 600, ''),
(9715, 45, 3, 11700, ''),
(9716, 45, 4, 1830, 'ctm'),
(9717, 45, 7, 2000, '72'),
(9718, 45, 10, 45520, ''),
(9719, 45, 16, 2260, ''),
(9720, 45, 61, 5100, 'kollam , chandrapady'),
(9721, 45, 62, 2000, ''),
(9722, 45, 69, 1000, ''),
(9723, 45, 95, 4800, ''),
(9724, 45, 120, 600, ''),
(9725, 45, 125, 1400, ''),
(9726, 45, 151, 3000, ''),
(9727, 45, 189, 30000, '(100)'),
(9728, 49, 2, 850, ''),
(9729, 49, 3, 12240, ''),
(9730, 49, 4, 1380, ''),
(9731, 49, 7, 2000, '76'),
(9732, 49, 16, 3700, ''),
(9733, 49, 20, 500, ''),
(9734, 49, 44, 47160, ''),
(9735, 49, 61, 3000, ''),
(9736, 49, 62, 2000, ''),
(9737, 49, 69, 2200, '2DAYS'),
(9738, 49, 95, 7450, '2TRIP'),
(9739, 49, 119, 2000, ''),
(9740, 49, 125, 1400, ''),
(9741, 49, 151, 3000, ''),
(9742, 53, 2, 1700, 'water athority'),
(9743, 53, 3, 12600, ''),
(9744, 53, 4, 2000, ''),
(9745, 53, 7, 2000, '80'),
(9746, 53, 44, 44420, ''),
(9747, 53, 61, 3000, ''),
(9748, 53, 62, 2000, ''),
(9749, 53, 69, 2800, ''),
(9750, 53, 95, 10970, ''),
(9751, 53, 119, 1150, ''),
(9752, 53, 125, 1400, ''),
(9753, 53, 182, 3370, ''),
(9762, 55, 3, 11820, ''),
(9763, 55, 125, 1400, ''),
(9764, 55, 62, 2000, ''),
(9765, 55, 61, 3000, ''),
(9766, 55, 7, 2000, '82'),
(9767, 55, 10, 51770, ''),
(9768, 55, 69, 1100, ''),
(9769, 55, 151, 3000, ''),
(9770, 55, 2, 1700, 'villge offce'),
(9787, 56, 3, 2100, ''),
(9788, 56, 4, 2720, ''),
(9789, 56, 69, 3700, ''),
(9790, 56, 208, 3450, ''),
(9791, 56, 183, 3450, ''),
(9792, 56, 10, 3500, ''),
(9793, 56, 16, 3200, ''),
(9794, 56, 151, 3500, ''),
(9795, 57, 3, 12000, ''),
(9796, 57, 125, 1400, ''),
(9797, 57, 7, 2000, '83'),
(9798, 57, 62, 2000, ''),
(9799, 57, 61, 3000, ''),
(9800, 57, 4, 2500, ''),
(9801, 57, 10, 3630, ''),
(9802, 57, 16, 6350, ''),
(9803, 57, 183, 5650, ''),
(9804, 57, 69, 1100, ''),
(9805, 57, 2, 1600, 'Babu alpy'),
(9806, 57, 8, 5940, '3DAYS'),
(9807, 57, 151, 3000, ''),
(9808, 57, 159, 54030, ''),
(9809, 58, 3, 13260, ''),
(9810, 58, 125, 1400, ''),
(9811, 58, 7, 2000, '(84)'),
(9812, 58, 62, 2000, ''),
(9813, 58, 61, 2000, ''),
(9814, 58, 188, 72580, ''),
(9815, 58, 190, 2000, ''),
(9816, 58, 20, 500, ''),
(9817, 58, 2, 500, ''),
(9818, 58, 151, 2500, ''),
(9819, 59, 3, 13200, ''),
(9820, 59, 125, 1400, ''),
(9821, 59, 7, 2000, '85'),
(9822, 59, 199, 86750, ''),
(9823, 59, 4, 2500, ''),
(9824, 59, 62, 2000, ''),
(9825, 59, 61, 2000, ''),
(9826, 59, 69, 2500, ''),
(9827, 59, 151, 3000, ''),
(9828, 59, 2, 500, ''),
(9829, 59, 183, 5600, ''),
(9830, 59, 16, 5900, ''),
(9831, 60, 3, 12000, ''),
(9832, 60, 125, 1400, ''),
(9833, 60, 62, 2000, ''),
(9834, 60, 61, 4000, ''),
(9835, 60, 7, 2000, '85'),
(9836, 60, 69, 2800, ''),
(9837, 60, 183, 5750, ''),
(9838, 60, 44, 53850, ''),
(9839, 60, 182, 2500, ''),
(9840, 60, 16, 5900, ''),
(9841, 60, 2, 1600, 'PLANT PLAN'),
(9842, 60, 4, 1520, ''),
(9843, 60, 151, 3000, ''),
(9936, 62, 3, 12060, ''),
(9937, 62, 4, 2000, ''),
(9938, 62, 7, 2000, '(86)'),
(9939, 62, 16, 8000, ''),
(9940, 62, 44, 50400, ''),
(9941, 62, 61, 5000, ''),
(9942, 62, 62, 2000, ''),
(9943, 62, 69, 1700, ''),
(9944, 62, 125, 1400, ''),
(9945, 62, 151, 2500, ''),
(9946, 62, 182, 2580, ''),
(9961, 63, 2, 1050, ''),
(9962, 63, 3, 11520, ''),
(9963, 63, 4, 2270, ''),
(9964, 63, 7, 2000, '87'),
(9965, 63, 8, 3610, ''),
(9966, 63, 16, 10250, ''),
(9967, 63, 61, 5000, ''),
(9968, 63, 62, 2000, ''),
(9969, 63, 69, 5000, ''),
(9970, 63, 125, 1400, ''),
(9971, 63, 151, 2500, ''),
(9972, 63, 159, 52290, ''),
(9973, 63, 178, 4000, ''),
(9974, 63, 211, 3890, ''),
(9975, 61, 2, 4700, 'VILLAGE OFFICE'),
(9976, 61, 4, 8640, 'CONTAINER'),
(9977, 61, 8, 16470, '9TO26'),
(9978, 61, 9, 9800, ''),
(9979, 61, 10, 24260, ''),
(9980, 61, 16, 25920, '9TO26'),
(9981, 61, 44, 7510, ''),
(9982, 61, 63, 460, ''),
(9983, 61, 69, 12300, ''),
(9984, 61, 151, 10000, ''),
(9985, 61, 201, 7140, ''),
(9986, 61, 203, 7220, ''),
(9987, 61, 204, 2000, ''),
(9988, 61, 213, 7000, 'C/O ANSIL'),
(10006, 54, 2, 200, ''),
(10007, 54, 3, 11400, ''),
(10008, 54, 7, 2000, '81'),
(10009, 54, 9, 73590, ''),
(10010, 54, 16, 7200, '30/08'),
(10011, 54, 61, 2000, ''),
(10012, 54, 62, 2000, ''),
(10013, 54, 125, 1400, ''),
(10014, 54, 151, 3000, ''),
(10015, 64, 3, 17350, 'ICE SHOT 4870'),
(10016, 64, 125, 1400, ''),
(10017, 64, 7, 2000, '88'),
(10018, 64, 10, 57500, ''),
(10019, 64, 214, 2870, ''),
(10020, 64, 153, 3360, ''),
(10021, 64, 16, 7000, ''),
(10022, 64, 69, 3970, ''),
(10023, 64, 120, 500, ''),
(10024, 64, 2, 360, ''),
(10025, 64, 151, 3500, ''),
(10026, 65, 3, 12000, ''),
(10027, 65, 125, 1400, ''),
(10028, 65, 7, 2000, '89'),
(10029, 65, 62, 2000, ''),
(10030, 65, 61, 2000, ''),
(10031, 65, 44, 48380, ''),
(10032, 65, 16, 2950, ''),
(10033, 65, 69, 700, ''),
(10034, 65, 151, 3000, ''),
(10035, 65, 20, 200, ''),
(10036, 65, 2, 200, ''),
(10037, 66, 3, 12180, ''),
(10038, 66, 125, 1400, ''),
(10039, 66, 62, 2000, ''),
(10040, 66, 61, 2000, ''),
(10041, 66, 7, 2000, '90'),
(10042, 66, 10, 41600, ''),
(10043, 66, 4, 800, ''),
(10044, 66, 69, 3500, ''),
(10045, 66, 151, 3500, ''),
(10046, 66, 16, 9100, ''),
(10047, 66, 2, 200, ''),
(10067, 67, 2, 650, ''),
(10068, 67, 3, 11700, ''),
(10069, 67, 4, 800, ''),
(10070, 67, 7, 2000, '91'),
(10071, 67, 16, 3940, ''),
(10072, 67, 44, 60150, ''),
(10073, 67, 61, 3500, ''),
(10074, 67, 62, 2000, ''),
(10075, 67, 69, 1710, ''),
(10076, 67, 125, 1400, ''),
(10077, 67, 151, 3000, ''),
(10078, 68, 3, 11400, ''),
(10079, 68, 125, 1400, ''),
(10080, 68, 61, 3000, ''),
(10081, 68, 62, 2000, ''),
(10082, 68, 7, 2000, '92'),
(10083, 68, 10, 67660, ''),
(10084, 68, 16, 4260, ''),
(10085, 68, 69, 1550, ''),
(10086, 68, 151, 3000, ''),
(10087, 68, 2, 200, ''),
(10088, 69, 3, 11166, ''),
(10089, 69, 125, 1400, ''),
(10090, 69, 61, 3000, ''),
(10091, 69, 62, 2000, ''),
(10092, 69, 7, 2000, '93'),
(10093, 69, 44, 57870, ''),
(10094, 69, 16, 7280, ''),
(10095, 69, 69, 3250, ''),
(10096, 69, 4, 390, ''),
(10097, 69, 151, 3000, ''),
(10098, 69, 2, 500, ''),
(10107, 71, 3, 13350, ''),
(10108, 71, 125, 1350, ''),
(10109, 71, 7, 2000, '95'),
(10110, 71, 220, 5850, ''),
(10111, 71, 61, 1600, ''),
(10112, 71, 62, 2000, ''),
(10113, 71, 9, 33000, ''),
(10114, 71, 2, 600, ''),
(10115, 71, 151, 2000, ''),
(10116, 72, 3, 5460, ''),
(10117, 72, 125, 700, ''),
(10118, 72, 61, 1400, ''),
(10119, 72, 7, 1000, '96'),
(10120, 72, 220, 2490, ''),
(10121, 72, 16, 5220, ''),
(10122, 72, 69, 500, ''),
(10123, 72, 62, 1000, ''),
(10124, 72, 151, 1500, ''),
(10125, 72, 32, 400, 'JIO'),
(10126, 72, 20, 600, ''),
(10139, 74, 3, 7750, ''),
(10140, 74, 32, 2000, 'MAHEEN'),
(10141, 74, 9, 30100, ''),
(10142, 74, 69, 750, ''),
(10143, 74, 7, 1000, '98'),
(10144, 74, 151, 1500, ''),
(10145, 74, 2, 200, ''),
(10170, 77, 3, 13560, ''),
(10171, 77, 125, 1500, ''),
(10172, 77, 220, 6300, ''),
(10173, 77, 7, 2000, '101'),
(10174, 77, 61, 2100, ''),
(10175, 77, 62, 2000, ''),
(10176, 77, 10, 44070, ''),
(10177, 77, 4, 300, ''),
(10178, 77, 69, 650, ''),
(10179, 77, 2, 200, ''),
(10180, 77, 151, 1500, ''),
(10223, 78, 2, 300, ''),
(10224, 78, 3, 15420, ''),
(10225, 78, 4, 440, ''),
(10226, 78, 7, 3000, '102'),
(10227, 78, 9, 46170, ''),
(10228, 78, 16, 10900, ''),
(10229, 78, 19, 500, 'UNLOADING NEW BOX'),
(10230, 78, 32, 500, 'IDEA'),
(10231, 78, 61, 4700, ''),
(10232, 78, 62, 3000, ''),
(10233, 78, 69, 1250, ''),
(10234, 78, 125, 1900, ''),
(10235, 78, 151, 2000, ''),
(10236, 78, 220, 9300, ''),
(10237, 78, 224, 3610, ''),
(10238, 76, 2, 300, ''),
(10239, 76, 3, 17580, ''),
(10240, 76, 4, 250, ''),
(10241, 76, 7, 2000, '100'),
(10242, 76, 9, 12740, ''),
(10243, 76, 16, 9740, ''),
(10244, 76, 61, 1800, ''),
(10245, 76, 62, 2000, ''),
(10246, 76, 69, 1550, ''),
(10247, 76, 125, 2030, ''),
(10248, 76, 151, 1500, ''),
(10249, 76, 220, 4950, ''),
(10250, 73, 3, 13300, ''),
(10251, 73, 4, 650, ''),
(10252, 73, 7, 2000, '97'),
(10253, 73, 8, 10700, ''),
(10254, 73, 10, 8000, ''),
(10255, 73, 61, 2100, ''),
(10256, 73, 62, 2000, ''),
(10257, 73, 69, 1650, ''),
(10258, 73, 125, 1680, ''),
(10259, 73, 151, 2000, ''),
(10260, 73, 220, 5640, ''),
(10261, 73, 221, 2350, ''),
(10262, 70, 3, 11400, ''),
(10263, 70, 4, 400, ''),
(10264, 70, 7, 2000, '94'),
(10265, 70, 16, 6780, '2DAYS'),
(10266, 70, 63, 230, ''),
(10267, 70, 69, 2540, ''),
(10268, 70, 125, 1400, ''),
(10269, 70, 9, 68330, ''),
(10270, 70, 151, 1500, ''),
(10271, 70, 2, 200, ''),
(10272, 75, 2, 300, ''),
(10273, 75, 3, 11160, ''),
(10274, 75, 4, 930, ''),
(10275, 75, 7, 2000, '99'),
(10276, 75, 8, 4350, ''),
(10277, 75, 10, 13100, ''),
(10278, 75, 61, 1900, ''),
(10279, 75, 62, 2000, ''),
(10280, 75, 69, 2550, ''),
(10281, 75, 125, 1350, ''),
(10282, 75, 151, 1500, ''),
(10283, 75, 222, 2850, '');

-- --------------------------------------------------------

--
-- Table structure for table `tblpurchase_voucher`
--

CREATE TABLE `tblpurchase_voucher` (
  `id_purchase_voucher` int(11) NOT NULL,
  `date` date NOT NULL,
  `purchase_net_amount` double NOT NULL,
  `sales_net_amount` double NOT NULL
) ENGINE=InnoDB DEFAULT CHARSET=latin1;

--
-- Dumping data for table `tblpurchase_voucher`
--

INSERT INTO `tblpurchase_voucher` (`id_purchase_voucher`, `date`, `purchase_net_amount`, `sales_net_amount`) VALUES
(1, '2018-02-28', 0, 0),
(2, '2018-03-11', 1133730, 1154920),
(3, '2018-03-14', 2459640, 2307430),
(4, '2018-03-16', 578615, 564480),
(5, '2018-03-18', 572700, 490540),
(6, '2018-03-21', 498600, 398400),
(7, '2018-03-21', 435440, 410330),
(8, '2018-03-22', 1806810, 1655570),
(9, '2018-03-26', 380130, 204090),
(10, '2018-04-01', 730261, 700070),
(11, '2018-04-02', 873514, 892800),
(12, '2018-04-05', 18850, 17780),
(13, '2018-04-08', 597880, 519520),
(14, '2018-04-08', 774410, 714900),
(15, '2018-04-09', 461410, 464430),
(16, '2018-04-12', 1801640, 1496890),
(17, '2018-04-12', 234790, 156680),
(18, '2018-04-12', 2028320, 2133560),
(19, '2018-04-14', 2164670, 2344980),
(20, '2018-04-16', 1470480, 1452790),
(21, '2018-04-16', 406890, 370600),
(22, '2018-04-17', 429730, 409525),
(23, '2018-04-19', 517880, 514520),
(24, '2018-04-22', 1516714, 1552240),
(25, '2018-04-23', 433520, 488100),
(26, '2018-04-26', 525005, 558310),
(27, '2018-04-27', 595240, 612110),
(28, '2018-04-28', 551850, 514410),
(29, '2018-04-29', 493385, 468450),
(30, '2018-05-07', 740020, 693190),
(31, '2018-05-08', 607008, 612000),
(32, '2018-05-09', 498065, 451750),
(33, '2018-05-10', 900561, 904960),
(34, '2018-05-13', 395580, 357020),
(35, '2018-05-18', 2234314, 2163725),
(36, '2018-05-20', 551205, 555650),
(37, '2018-05-24', 457370, 505190),
(38, '2018-05-25', 537650, 578650),
(39, '2018-06-15', 822430, 749290),
(40, '2018-06-16', 529190, 610700),
(41, '2018-06-17', 780145, 1174210),
(42, '2018-06-20', 239760, 226400),
(43, '2018-06-20', 1527770, 1385390),
(44, '2018-06-21', 727220, 754080),
(45, '2018-06-25', 597265, 495950),
(46, '2018-06-26', 795670, 865630),
(47, '2018-06-27', 482820, 280750),
(48, '2018-06-28', 418800, 283800),
(49, '2018-06-30', 244865, 283050),
(50, '2018-07-02', 290100, 281660),
(51, '2018-07-02', 242975, 235300),
(52, '2018-07-03', 673190, 586590),
(53, '2018-07-05', 615350, 530550),
(54, '2018-07-10', 269610, 144360),
(55, '2018-07-11', 713490, 546200),
(56, '2018-07-15', 474820, 505420),
(57, '2018-07-14', 366485, 276240),
(58, '2018-07-14', 803740, 785240),
(59, '2018-07-18', 347700, 197980),
(60, '2018-07-19', 697320, 648160),
(61, '2018-07-09', 4265900, 5037360),
(62, '2018-07-27', 577340, 623430),
(63, '2018-07-28', 587330, 428740),
(64, '2018-08-04', 252610, 244370),
(65, '2018-08-07', 382855, 522560),
(66, '2018-08-09', 482205, 499350),
(67, '2018-08-12', 518050, 442940),
(68, '2018-08-16', 208170, 257750),
(69, '2018-08-20', 594290, 557500),
(70, '2018-08-26', 265110, 236700),
(71, '2018-08-31', 169740, 224250),
(72, '2018-09-01', 89180, 93900),
(73, '2018-09-02', 236270, 173000),
(74, '2018-09-03', 123060, 156650),
(75, '2018-09-04', 237040, 184520),
(76, '2018-09-05', 150430, 120890),
(77, '2018-09-06', 201880, 204400),
(78, '2018-09-07', 277480, 398510);

-- --------------------------------------------------------

--
-- Table structure for table `tblpurchase_voucher_item`
--

CREATE TABLE `tblpurchase_voucher_item` (
  `id_purchase_voucher_item` int(11) NOT NULL,
  `id_purchase_voucher` int(11) NOT NULL,
  `id_supplier` int(11) NOT NULL,
  `lorry` varchar(250) NOT NULL,
  `box` int(11) NOT NULL,
  `bill_amount` double NOT NULL,
  `remarks` varchar(800) NOT NULL,
  `sl_no` int(11) DEFAULT NULL,
  `id_filling` int(11) DEFAULT NULL,
  `tblpurchase_voucher_itemcol` varchar(45) DEFAULT NULL
) ENGINE=InnoDB DEFAULT CHARSET=latin1;

--
-- Dumping data for table `tblpurchase_voucher_item`
--

INSERT INTO `tblpurchase_voucher_item` (`id_purchase_voucher_item`, `id_purchase_voucher`, `id_supplier`, `lorry`, `box`, `bill_amount`, `remarks`, `sl_no`, `id_filling`, `tblpurchase_voucher_itemcol`) VALUES
(71, 2, 1, '5906', 200, 537702, '', 1, 0, NULL),
(72, 2, 1, 'TA', 198, 432178, '', 2, 0, NULL),
(77, 3, 1, '5923', 200, 522975, '', 1, 0, NULL),
(78, 3, 1, '4617', 200, 652765, '', 2, 0, NULL),
(79, 3, 1, 'FANTASTIC', 200, 400445, '', 3, 0, NULL),
(80, 3, 1, 'GA28V8261', 200, 543835, '', 4, 0, NULL),
(84, 6, 12, '5923', 88, 240520, '', 1, 0, NULL),
(85, 6, 12, 'MAH', 97, 182940, '', 2, 0, NULL),
(86, 4, 1, 'TAV', 199, 485335, '', 1, 0, NULL),
(90, 7, 1, 'SKYSHIP', 198, 353620, '', 1, 0, NULL),
(130, 5, 1, 'COSTAL', 179, 492850, '', 1, 0, NULL),
(206, 13, 1, 'MAF', 200, 510960, '', 1, 0, NULL),
(210, 14, 15, '4617', 198, 688900, '', 1, 0, NULL),
(211, 15, 1, 'TAV', 200, 384150, '', 1, 0, NULL),
(224, 16, 1, 'MAF', 200, 351800, '', 1, 0, NULL),
(225, 16, 1, '4617', 200, 313790, '', 2, 0, NULL),
(226, 16, 1, 'COSMOS', 200, 386625, '', 3, 0, NULL),
(227, 16, 1, 'TAV', 200, 374365, '', 4, 0, NULL),
(229, 17, 16, '5906', 200, 148300, '', 1, 0, NULL),
(232, 18, 12, 'FANTASTIC', 10510, 1046120, '', 1, 0, NULL),
(233, 18, 12, '5923', 9061, 906100, '', 2, 0, NULL),
(234, 19, 12, 'YSF', 5700, 552450, '', 1, 0, NULL),
(235, 19, 12, 'TORRUS', 15882, 1576070, '', 2, 0, NULL),
(237, 21, 1, 'FANTASTIC', 199, 321250, '', 1, 0, NULL),
(238, 22, 1, 'COSTAL', 200, 355580, '', 1, 0, NULL),
(240, 23, 1, '5906', 200, 435540, '', 1, 0, NULL),
(265, 25, 1, 'TAV', 199, 354510, '', 1, 0, NULL),
(267, 9, 12, 'YSF (909)', 3800, 333830, '', 1, 0, NULL),
(268, 12, 14, 'RIYAS DOSTH', 37, 10000, '', 1, 0, NULL),
(269, 10, 12, 'FANTASTIC', 7610, 674411, '', 1, 0, NULL),
(270, 11, 12, '5923', 9356, 832684, '', 1, 0, NULL),
(278, 8, 1, '5906', 200, 368116, '', 1, 0, NULL),
(279, 8, 1, '4617', 200, 337910, '', 2, 0, NULL),
(280, 8, 1, 'FANTASTIC', 194, 336470, '', 3, 0, NULL),
(281, 8, 1, 'TAV', 180, 293084, '', 4, 0, NULL),
(282, 8, 11, '5923', 30, 81000, '', 5, 0, NULL),
(283, 8, 13, 'FANTASTIC', 14, 30000, '', 6, 0, NULL),
(284, 20, 12, 'VPS TN, 5923', 14726, 1412040, '', 1, 0, NULL),
(288, 24, 1, 'MAF', 200, 450164, '', 1, 0, NULL),
(289, 24, 1, '4617', 190, 347840, '', 2, 0, NULL),
(290, 24, 1, 'COSMOS', 193, 493760, '', 3, 0, NULL),
(292, 26, 1, 'FANTASTIC', 200, 437775, '', 1, 0, NULL),
(293, 27, 1, '5906', 200, 514170, '', 1, 0, NULL),
(301, 28, 1, 'MAF', 200, 465750, '', 1, 0, NULL),
(307, 29, 1, 'SKYSHIP', 200, 404185, '', 1, 0, NULL),
(328, 30, 1, 'COSMOS', 200, 647830, '', 1, 0, NULL),
(329, 31, 1, 'JOHNSON', 200, 530358, '', 1, 0, NULL),
(331, 33, 1, 'MAF', 200, 325379, '', 1, 0, NULL),
(332, 33, 1, 'FANTASTIC', 200, 408632, '', 2, 0, NULL),
(334, 34, 1, '5906', 156, 304480, '', 1, 0, NULL),
(344, 32, 1, '4617', 157, 409625, '', 1, 0, NULL),
(367, 36, 1, '4617', 192, 471285, '', 1, 0, NULL),
(379, 37, 1, 'MAF', 200, 379900, '', 1, 0, NULL),
(380, 38, 1, '5906', 180, 464270, '', 1, 0, NULL),
(381, 35, 1, 'MABROOK', 198, 600402, '', 1, 0, NULL),
(382, 35, 1, 'MAF', 200, 485140, '', 2, 0, NULL),
(383, 35, 1, 'COSMOS', 200, 437870, '', 3, 0, NULL),
(384, 35, 1, 'KA20 PRASAD', 200, 409592, '', 4, 0, NULL),
(386, 39, 15, 'FANTASTIC', 200, 746140, '', 1, 0, NULL),
(388, 40, 15, '5906', 200, 452700, '', 1, 0, NULL),
(392, 41, 15, '5923,4617', 395, 628625, '', 1, 0, NULL),
(394, 42, 18, 'MABROOK', 198, 161200, '', 1, 0, NULL),
(401, 44, 15, '4617', 200, 656700, '', 1, 0, NULL),
(405, 43, 15, 'SOUPARNIKA,5906', 390, 1342120, '', 1, 0, NULL),
(407, 46, 15, '4617,5906', 393, 605840, '', 1, 0, NULL),
(408, 47, 15, 'MABROOK', 192, 372420, '', 1, 0, NULL),
(409, 48, 15, 'SODA', 200, 312200, '', 1, 0, NULL),
(412, 50, 19, '4617', 185, 194940, '', 1, 0, NULL),
(413, 51, 15, '5923', 185, 160575, '', 1, 0, NULL),
(414, 52, 15, 'SODA', 200, 595700, '', 1, 0, NULL),
(416, 45, 15, '5923', 193, 485455, '', 1, 0, NULL),
(417, 49, 15, '4617', 199, 155985, '', 1, 0, NULL),
(418, 53, 15, '4617', 200, 527940, '', 1, 0, NULL),
(420, 55, 18, 'KNH 5923', 180, 635700, '', 1, 0, NULL),
(425, 56, 21, 'TN75AC0475', 119, 215200, '', 1, 0, NULL),
(426, 56, 21, 'TN16C2738', 150, 234000, '', 2, 0, NULL),
(427, 57, 18, 'MABROOK', 197, 262285, '', 1, 0, NULL),
(428, 58, 15, 'SODA', 200, 705000, '', 1, 0, NULL),
(429, 59, 18, 'IPL MALPE', 198, 220350, '', 1, 0, NULL),
(430, 60, 15, 'KNH 4617', 200, 599000, '', 1, 0, NULL),
(443, 62, 22, 'KNH 4617', 200, 487700, '', 1, 0, NULL),
(445, 63, 22, 'MABROOK', 198, 480550, '', 1, 0, NULL),
(446, 61, 20, 'CONTAINER (2)', 5397, 4122480, '', 1, 0, NULL),
(449, 54, 18, 'KNH 5906', 188, 166820, '', 1, 0, NULL),
(450, 64, 23, 'KNH5923', 193, 152800, '', 1, 0, NULL),
(451, 65, 15, 'KNH 4617', 195, 308025, '', 1, 0, NULL),
(452, 66, 15, 'KNH 5923', 183, 403925, '', 1, 0, NULL),
(455, 67, 15, 'KNH 4617', 200, 427200, '', 1, 0, NULL),
(456, 68, 15, 'KNH 5923', 195, 111700, '', 1, 0, NULL),
(457, 69, 15, 'KNH 4617', 174, 502434, '', 1, 0, NULL),
(459, 71, 25, 'KNH 5906', 195, 107990, '', 1, 0, NULL),
(460, 72, 25, 'EICHER 6569', 83, 68910, '', 1, 0, NULL),
(462, 74, 15, 'KNH 5906', 109, 79760, '', 1, 0, NULL),
(466, 77, 25, 'KNH 5923, 6569', 210, 127700, '', 1, 0, NULL),
(471, 78, 25, 'KNH 5906,6569,NAVAS DOSTH', 305, 174490, '', 1, 0, NULL),
(472, 76, 25, 'EICHER 6569', 30, 18150, '', 1, 0, NULL),
(473, 76, 26, 'KNH 5906', 135, 75840, '', 2, 0, NULL),
(474, 73, 25, 'KNH 5923,RIYAS DOSTH', 188, 184200, '', 1, 0, NULL),
(475, 70, 15, 'KNH 5906', 165, 170330, '', 1, 0, NULL),
(476, 75, 25, 'KNH 5923', 188, 193050, '', 1, 0, NULL);

-- --------------------------------------------------------

--
-- Table structure for table `tblpurchase_voucher_item_dt`
--

CREATE TABLE `tblpurchase_voucher_item_dt` (
  `id_purchase_voucher_item_dt` int(11) NOT NULL,
  `id_purchase_voucher` int(11) DEFAULT NULL,
  `id_item` int(11) DEFAULT NULL,
  `box` int(11) DEFAULT NULL,
  `amount` double DEFAULT NULL,
  `remark` varchar(250) DEFAULT NULL,
  `sl_no` int(11) DEFAULT NULL
) ENGINE=InnoDB DEFAULT CHARSET=utf8;

-- --------------------------------------------------------

--
-- Table structure for table `tblsales_voucher_item`
--

CREATE TABLE `tblsales_voucher_item` (
  `id_sales_voucher_item` int(11) NOT NULL,
  `id_purchase_voucher` int(11) NOT NULL,
  `date` datetime DEFAULT NULL,
  `id_customer` int(11) NOT NULL,
  `box` int(11) NOT NULL,
  `amount` double NOT NULL,
  `remarks` varchar(300) DEFAULT NULL,
  `sl_no` int(11) DEFAULT NULL
) ENGINE=InnoDB DEFAULT CHARSET=latin1;

--
-- Dumping data for table `tblsales_voucher_item`
--

INSERT INTO `tblsales_voucher_item` (`id_sales_voucher_item`, `id_purchase_voucher`, `date`, `id_customer`, `box`, `amount`, `remarks`, `sl_no`) VALUES
(1018, 2, '2018-03-13 00:00:00', 26, 20, 67740, '', 1),
(1019, 2, '2018-03-14 00:00:00', 19, 20, 69400, '', 2),
(1020, 2, '2018-03-14 00:00:00', 20, 28, 103950, '', 3),
(1021, 2, '2018-03-14 00:00:00', 10, 13, 43350, '', 4),
(1022, 2, '2018-03-14 00:00:00', 18, 5, 12400, '', 5),
(1023, 2, '2018-03-14 00:00:00', 6, 44, 114750, '', 6),
(1024, 2, '2018-03-14 00:00:00', 4, 12, 37150, '', 7),
(1025, 2, '2018-03-14 00:00:00', 9, 14, 36050, '', 8),
(1026, 2, '2018-03-14 00:00:00', 89, 1, 2700, '', 9),
(1027, 2, '2018-03-14 00:00:00', 5, 12, 25900, '', 10),
(1028, 2, '2018-03-14 00:00:00', 1, 80, 228200, '', 11),
(1029, 2, '2018-03-14 00:00:00', 16, 37, 133000, '', 12),
(1030, 2, '2018-03-14 00:00:00', 71, 7, 26150, '', 13),
(1031, 2, '2018-03-15 00:00:00', 20, 30, 67250, '', 14),
(1032, 2, '2018-03-15 00:00:00', 11, 5, 13450, '', 15),
(1033, 2, '2018-03-15 00:00:00', 8, 5, 12400, '', 16),
(1034, 2, '2018-03-15 00:00:00', 12, 27, 67680, '', 17),
(1035, 2, '2018-03-15 00:00:00', 13, 7, 20700, '', 18),
(1036, 2, '2018-03-15 00:00:00', 19, 30, 70700, '', 19),
(1037, 2, '2018-03-15 00:00:00', 10, 1, 2000, '', 20),
(1084, 3, '2018-03-14 00:00:00', 26, 104, 335280, '', 1),
(1085, 3, '2018-03-14 00:00:00', 37, 35, 127085, '', 2),
(1086, 3, '2018-03-14 00:00:00', 49, 3, 11450, '', 3),
(1087, 3, '2018-03-15 00:00:00', 10, 11, 33000, '', 4),
(1088, 3, '2018-03-15 00:00:00', 1, 24, 73350, '', 5),
(1089, 3, '2018-03-15 00:00:00', 9, 16, 55250, '', 6),
(1090, 3, '2018-03-15 00:00:00', 6, 24, 68100, '', 7),
(1091, 3, '2018-03-15 00:00:00', 5, 2, 6400, '', 8),
(1092, 3, '2018-03-15 00:00:00', 18, 6, 20000, '', 9),
(1093, 3, '2018-03-15 00:00:00', 26, 30, 108140, '', 10),
(1094, 3, '2018-03-15 00:00:00', 16, 23, 71750, '', 11),
(1095, 3, '2018-03-15 00:00:00', 71, 9, 18500, '', 12),
(1096, 3, '2018-03-15 00:00:00', 14, 3, 4300, '', 13),
(1097, 3, '2018-03-16 00:00:00', 6, 2, 4300, '', 14),
(1098, 3, '2018-03-16 00:00:00', 5, 13, 27450, '', 15),
(1099, 3, '2018-03-16 00:00:00', 4, 29, 75600, '', 16),
(1100, 3, '2018-03-16 00:00:00', 3, 14, 46450, '', 17),
(1101, 3, '2018-03-16 00:00:00', 18, 12, 38700, '', 18),
(1102, 3, '2018-03-16 00:00:00', 9, 2, 5850, '', 19),
(1103, 3, '2018-03-16 00:00:00', 8, 13, 26050, '', 20),
(1104, 3, '2018-03-16 00:00:00', 10, 8, 26750, '', 21),
(1105, 3, '2018-03-16 00:00:00', 19, 22, 63800, '', 22),
(1106, 3, '2018-03-16 00:00:00', 20, 26, 79060, '', 23),
(1107, 3, '2018-03-16 00:00:00', 11, 6, 15950, '', 24),
(1108, 3, '2018-03-16 00:00:00', 14, 22, 46850, '', 25),
(1109, 3, '2018-03-16 00:00:00', 12, 2, 5400, '', 26),
(1110, 3, '2018-03-16 00:00:00', 16, 44, 112000, '', 27),
(1111, 3, '2018-03-16 00:00:00', 13, 1, 2700, '', 28),
(1112, 3, '2018-03-16 00:00:00', 1, 22, 52630, '', 29),
(1113, 3, '2018-03-16 00:00:00', 25, 3, 6400, 'nb', 30),
(1114, 3, '2018-03-16 00:00:00', 26, 40, 122620, '', 31),
(1115, 3, '2018-03-15 00:00:00', 49, 25, 59340, '', 32),
(1116, 3, '2018-03-17 00:00:00', 13, 9, 29600, '', 33),
(1117, 3, '2018-03-17 00:00:00', 16, 42, 128500, '', 34),
(1118, 3, '2018-03-17 00:00:00', 10, 11, 31400, '', 35),
(1119, 3, '2018-03-16 00:00:00', 37, 23, 72765, '', 36),
(1120, 3, '2018-03-16 00:00:00', 26, 28, 67660, '', 37),
(1121, 3, '2018-03-17 00:00:00', 18, 13, 35100, '', 38),
(1122, 3, '2018-03-17 00:00:00', 4, 12, 38300, '', 39),
(1123, 3, '2018-03-17 00:00:00', 20, 9, 20000, '', 40),
(1124, 3, '2018-03-17 00:00:00', 19, 22, 41400, '', 41),
(1125, 3, '2018-03-17 00:00:00', 11, 1, 3200, '', 42),
(1126, 3, '2018-03-17 00:00:00', 6, 28, 74400, '', 43),
(1127, 3, '2018-03-18 00:00:00', 4, 1, 3000, '', 44),
(1128, 3, '2018-03-18 00:00:00', 18, 3, 6800, '', 45),
(1129, 3, '2018-03-18 00:00:00', 8, 2, 4800, '', 46),
(1172, 6, '2018-03-22 00:00:00', 20, 8, 17800, '', 1),
(1173, 6, '2018-03-22 00:00:00', 19, 7, 19300, '', 2),
(1174, 6, '2018-03-22 00:00:00', 10, 7, 18900, '', 3),
(1175, 6, '2018-03-22 00:00:00', 9, 6, 15450, '', 4),
(1176, 6, '2018-03-22 00:00:00', 22, 1, 2650, '', 5),
(1177, 6, '2018-03-23 00:00:00', 10, 7, 13100, '', 6),
(1178, 6, '2018-03-23 00:00:00', 1, 31, 68950, '', 7),
(1179, 6, '2018-03-23 00:00:00', 3, 1, 2200, '', 8),
(1180, 6, '2018-03-23 00:00:00', 19, 34, 69600, '', 9),
(1181, 6, '2018-03-23 00:00:00', 13, 2, 4000, '', 10),
(1182, 6, '2018-03-23 00:00:00', 18, 7, 13700, '', 11),
(1183, 6, '2018-03-23 00:00:00', 9, 26, 50900, '', 12),
(1184, 6, '2018-03-24 00:00:00', 20, 8, 24600, '', 13),
(1185, 6, '2018-03-24 00:00:00', 18, 2, 3350, '', 14),
(1186, 6, '2018-03-24 00:00:00', 6, 10, 17800, '', 15),
(1187, 6, '2018-03-24 00:00:00', 5, 4, 6400, '', 16),
(1188, 6, '2018-03-24 00:00:00', 16, 18, 32300, '', 17),
(1189, 6, '2018-03-22 00:00:00', 26, 6, 17400, '', 18),
(1190, 4, '2018-03-17 00:00:00', 26, 38, 109650, '', 1),
(1191, 4, '2018-03-18 00:00:00', 1, 35, 105850, '', 2),
(1192, 4, '2018-03-18 00:00:00', 22, 8, 20350, '', 3),
(1193, 4, '2018-03-18 00:00:00', 9, 12, 32550, '', 4),
(1194, 4, '2018-03-18 00:00:00', 10, 5, 14000, '', 5),
(1195, 4, '2018-03-18 00:00:00', 6, 29, 75400, '', 6),
(1196, 4, '2018-03-18 00:00:00', 3, 14, 46730, '', 7),
(1197, 4, '2018-03-18 00:00:00', 18, 4, 11450, '', 8),
(1198, 4, '2018-03-18 00:00:00', 11, 1, 2650, '', 9),
(1199, 4, '2018-03-18 00:00:00', 8, 1, 2700, '', 10),
(1200, 4, '2018-03-18 00:00:00', 13, 14, 37700, '', 11),
(1201, 4, '2018-03-18 00:00:00', 12, 7, 19950, '', 12),
(1202, 4, '2018-03-18 00:00:00', 19, 17, 53300, '', 13),
(1203, 4, '2018-03-19 00:00:00', 20, 15, 32200, '', 14),
(1226, 7, '2018-03-22 00:00:00', 16, 7, 8400, '', 1),
(1227, 7, '2018-03-22 00:00:00', 13, 23, 54000, '', 2),
(1228, 7, '2018-03-22 00:00:00', 19, 13, 24900, '', 3),
(1229, 7, '2018-03-22 00:00:00', 18, 3, 4800, '', 4),
(1230, 7, '2018-03-22 00:00:00', 8, 3, 5850, '', 5),
(1231, 7, '2018-03-22 00:00:00', 1, 9, 28950, '', 6),
(1232, 7, '2018-03-22 00:00:00', 10, 7, 8550, '', 7),
(1233, 7, '2018-03-22 00:00:00', 6, 12, 33700, '', 8),
(1234, 7, '2018-03-22 00:00:00', 5, 6, 17200, '', 9),
(1235, 7, '2018-03-22 00:00:00', 9, 8, 23250, '', 10),
(1236, 7, '2018-03-23 00:00:00', 6, 12, 25000, '', 11),
(1237, 7, '2018-03-23 00:00:00', 5, 5, 10400, '', 12),
(1238, 7, '2018-03-23 00:00:00', 4, 4, 10400, '', 13),
(1239, 7, '2018-03-23 00:00:00', 3, 1, 1850, '', 14),
(1240, 7, '2018-03-23 00:00:00', 18, 1, 2000, '', 15),
(1241, 7, '2018-03-23 00:00:00', 9, 19, 26700, '', 16),
(1242, 7, '2018-03-23 00:00:00', 20, 1, 1250, '', 17),
(1243, 7, '2018-03-23 00:00:00', 14, 1, 2000, '', 18),
(1244, 7, '2018-03-23 00:00:00', 1, 21, 52230, '', 19),
(1245, 7, '2018-03-23 00:00:00', 16, 25, 32400, '', 20),
(1246, 7, '2018-03-23 00:00:00', 10, 7, 15000, '', 21),
(1247, 7, '2018-03-24 00:00:00', 1, 10, 21500, '', 22),
(1553, 5, '2018-03-19 00:00:00', 26, 48, 146780, '', 1),
(1554, 5, '2018-03-20 00:00:00', 19, 40, 127400, '', 2),
(1555, 5, '2018-03-20 00:00:00', 10, 5, 20680, '', 3),
(1556, 5, '2018-03-20 00:00:00', 1, 12, 33030, '', 4),
(1557, 5, '2018-03-20 00:00:00', 18, 11, 32300, '', 5),
(1558, 5, '2018-03-20 00:00:00', 6, 7, 20050, '', 6),
(1559, 5, '2018-03-20 00:00:00', 5, 8, 22950, '', 7),
(1560, 5, '2018-03-21 00:00:00', 19, 10, 20000, '', 8),
(1561, 5, '2018-03-21 00:00:00', 21, 10, 22500, '', 9),
(1562, 5, '2018-03-21 00:00:00', 18, 3, 3600, '', 10),
(1563, 5, '2018-03-21 00:00:00', 90, 25, 41250, '', 11),
(2124, 13, '2018-04-09 00:00:00', 1, 12, 29600, '', 1),
(2125, 13, '2018-04-09 00:00:00', 10, 24, 69300, '', 2),
(2126, 13, '2018-04-09 00:00:00', 13, 30, 74700, '', 3),
(2127, 13, '2018-04-09 00:00:00', 6, 19, 45850, '', 4),
(2128, 13, '2018-04-09 00:00:00', 4, 3, 8000, '', 5),
(2129, 13, '2018-04-09 00:00:00', 22, 11, 27770, '', 6),
(2130, 13, '2018-04-09 00:00:00', 20, 20, 42900, '', 7),
(2131, 13, '2018-04-09 00:00:00', 19, 22, 62400, '', 8),
(2132, 13, '2018-04-09 00:00:00', 18, 7, 23200, '', 9),
(2133, 13, '2018-04-09 00:00:00', 11, 1, 3000, '', 10),
(2134, 13, '2018-04-10 00:00:00', 6, 8, 18450, '', 11),
(2135, 13, '2018-04-10 00:00:00', 4, 3, 8800, '', 12),
(2136, 13, '2018-04-10 00:00:00', 22, 4, 11820, '', 13),
(2137, 13, '2018-04-10 00:00:00', 9, 2, 5440, '', 14),
(2138, 13, '2018-04-10 00:00:00', 20, 3, 5550, '', 15),
(2139, 13, '2018-04-10 00:00:00', 21, 1, 1850, '', 16),
(2140, 13, '2018-04-10 00:00:00', 19, 3, 6120, '', 17),
(2141, 13, '2018-04-10 00:00:00', 13, 3, 6200, '', 18),
(2142, 13, '2018-04-10 00:00:00', 12, 4, 8770, '', 19),
(2143, 13, '2018-04-11 00:00:00', 6, 16, 48000, '', 20),
(2144, 13, '2018-04-11 00:00:00', 5, 4, 11800, '', 21),
(2167, 14, '2018-04-10 00:00:00', 4, 1, 3750, '', 1),
(2168, 14, '2018-04-10 00:00:00', 10, 4, 15100, '', 2),
(2169, 14, '2018-04-10 00:00:00', 9, 7, 26760, '', 3),
(2170, 14, '2018-04-10 00:00:00', 20, 15, 52050, '', 4),
(2171, 14, '2018-04-10 00:00:00', 21, 11, 39620, '', 5),
(2172, 14, '2018-04-10 00:00:00', 19, 15, 39780, '', 6),
(2173, 14, '2018-04-10 00:00:00', 18, 9, 33620, '', 7),
(2174, 14, '2018-04-10 00:00:00', 13, 5, 18600, '', 8),
(2175, 14, '2018-04-10 00:00:00', 12, 31, 115700, '', 9),
(2176, 14, '2018-04-10 00:00:00', 38, 29, 108700, '', 10),
(2177, 14, '2018-04-10 00:00:00', 22, 15, 56000, '', 11),
(2178, 14, '2018-04-10 00:00:00', 26, 9, 33830, '', 12),
(2179, 14, '2018-04-10 00:00:00', 37, 15, 52030, '', 13),
(2180, 14, '2018-04-10 00:00:00', 35, 12, 45000, '', 14),
(2181, 14, '2018-04-10 00:00:00', 25, 10, 37400, '', 15),
(2182, 14, '2018-04-10 00:00:00', 23, 10, 36960, '', 16),
(2183, 15, '2018-04-10 00:00:00', 28, 19, 45750, '', 1),
(2184, 15, '2018-04-11 00:00:00', 6, 48, 117650, '', 2),
(2185, 15, '2018-04-11 00:00:00', 5, 36, 92940, '', 3),
(2186, 15, '2018-04-11 00:00:00', 10, 3, 6500, '', 4),
(2187, 15, '2018-04-11 00:00:00', 19, 45, 110200, '', 5),
(2188, 15, '2018-04-12 00:00:00', 6, 8, 14800, '', 6),
(2189, 15, '2018-04-12 00:00:00', 4, 8, 13800, '', 7),
(2190, 15, '2018-04-12 00:00:00', 22, 6, 9970, '', 8),
(2191, 15, '2018-04-12 00:00:00', 10, 9, 17400, '', 9),
(2192, 15, '2018-04-12 00:00:00', 9, 1, 1800, '', 10),
(2193, 15, '2018-04-13 00:00:00', 20, 4, 7700, '', 11),
(2194, 15, '2018-04-13 00:00:00', 19, 6, 12820, '', 12),
(2195, 15, '2018-04-13 00:00:00', 6, 7, 13100, '', 13),
(2196, 16, '2018-04-13 00:00:00', 26, 13, 40700, '', 1),
(2197, 16, '2018-04-14 00:00:00', 19, 21, 38000, '', 2),
(2198, 16, '2018-04-14 00:00:00', 20, 20, 32800, '', 3),
(2199, 16, '2018-04-14 00:00:00', 21, 5, 8000, '', 4),
(2200, 16, '2018-04-14 00:00:00', 18, 4, 7550, '', 5),
(2201, 16, '2018-04-14 00:00:00', 6, 5, 11800, '', 6),
(2202, 16, '2018-04-14 00:00:00', 5, 22, 48350, '', 7),
(2203, 16, '2018-04-14 00:00:00', 10, 2, 3600, '', 8),
(2204, 16, '2018-04-14 00:00:00', 3, 6, 14860, '', 9),
(2205, 16, '2018-04-15 00:00:00', 12, 10, 18600, '', 10),
(2206, 16, '2018-04-15 00:00:00', 20, 30, 49300, '', 11),
(2207, 16, '2018-04-15 00:00:00', 19, 29, 54600, '', 12),
(2208, 16, '2018-04-15 00:00:00', 18, 2, 4200, '', 13),
(2209, 16, '2018-04-15 00:00:00', 6, 7, 16300, '', 14),
(2210, 16, '2018-04-15 00:00:00', 10, 16, 30600, '', 15),
(2211, 16, '2018-04-15 00:00:00', 1, 10, 22400, '', 16),
(2212, 16, '2018-04-15 00:00:00', 3, 11, 20560, '', 17),
(2213, 16, '2018-04-15 00:00:00', 9, 16, 28000, '', 18),
(2214, 16, '2018-04-16 00:00:00', 10, 1, 2200, '', 19),
(2215, 16, '2018-04-16 00:00:00', 16, 12, 20600, '', 20),
(2216, 16, '2018-04-16 00:00:00', 6, 26, 47850, '', 21),
(2217, 16, '2018-04-16 00:00:00', 18, 4, 6440, '', 22),
(2218, 16, '2018-04-16 00:00:00', 11, 1, 1700, '', 23),
(2219, 16, '2018-04-16 00:00:00', 19, 46, 80000, '', 24),
(2220, 16, '2018-04-16 00:00:00', 20, 26, 44000, '', 25),
(2221, 16, '2018-04-16 00:00:00', 37, 15, 38260, '', 26),
(2222, 16, '2018-04-16 00:00:00', 38, 2, 6870, '', 27),
(2223, 16, '2018-04-17 00:00:00', 22, 23, 48690, '', 28),
(2224, 16, '2018-04-17 00:00:00', 10, 8, 19400, '', 29),
(2225, 16, '2018-04-17 00:00:00', 6, 19, 31790, '', 30),
(2226, 16, '2018-04-17 00:00:00', 34, 8, 16420, '', 31),
(2227, 16, '2018-04-17 00:00:00', 1, 7, 12200, '', 32),
(2228, 16, '2018-04-17 00:00:00', 20, 32, 61000, '', 33),
(2229, 16, '2018-04-17 00:00:00', 19, 12, 22540, '', 34),
(2230, 16, '2018-04-17 00:00:00', 18, 8, 11100, '', 35),
(2231, 16, '2018-04-17 00:00:00', 16, 32, 47300, '', 36),
(2232, 16, '2018-04-18 00:00:00', 20, 25, 44000, '', 37),
(2233, 16, '2018-04-18 00:00:00', 18, 8, 11550, '', 38),
(2234, 16, '2018-04-18 00:00:00', 19, 26, 46600, '', 39),
(2235, 16, '2018-04-18 00:00:00', 8, 10, 14350, '', 40),
(2236, 16, '2018-04-18 00:00:00', 16, 10, 17900, '', 41),
(2237, 16, '2018-04-18 00:00:00', 13, 6, 10300, '', 42),
(2238, 16, '2018-04-18 00:00:00', 6, 21, 44050, '', 43),
(2239, 16, '2018-04-18 00:00:00', 34, 20, 38330, '', 44),
(2240, 16, '2018-04-18 00:00:00', 1, 16, 32600, '', 45),
(2241, 16, '2018-04-18 00:00:00', 3, 15, 36230, '', 46),
(2242, 16, '2018-04-18 00:00:00', 10, 19, 42500, '', 47),
(2243, 16, '2018-04-19 00:00:00', 5, 42, 77550, '', 48),
(2244, 16, '2018-04-19 00:00:00', 6, 10, 14650, '', 49),
(2245, 16, '2018-04-19 00:00:00', 10, 16, 18800, '', 50),
(2246, 16, '2018-04-19 00:00:00', 19, 18, 32500, '', 51),
(2247, 16, '2018-04-19 00:00:00', 20, 16, 25800, '', 52),
(2248, 16, '2018-04-19 00:00:00', 3, 6, 12300, '', 53),
(2249, 16, '2018-04-20 00:00:00', 19, 5, 8300, '', 54),
(2250, 17, '2018-04-13 00:00:00', 20, 11, 11900, '', 1),
(2251, 17, '2018-04-13 00:00:00', 19, 15, 10680, '', 2),
(2252, 17, '2018-04-13 00:00:00', 12, 34, 32940, '', 3),
(2253, 17, '2018-04-13 00:00:00', 6, 5, 4450, '', 4),
(2254, 17, '2018-04-13 00:00:00', 18, 8, 7100, '', 5),
(2255, 17, '2018-04-13 00:00:00', 10, 15, 13500, '', 6),
(2256, 17, '2018-04-13 00:00:00', 1, 12, 9790, '', 7),
(2257, 17, '2018-04-14 00:00:00', 1, 68, 47300, '', 8),
(2258, 17, '2018-04-14 00:00:00', 5, 6, 4800, '', 9),
(2259, 17, '2018-04-14 00:00:00', 10, 5, 3600, '', 10),
(2260, 17, '2018-04-15 00:00:00', 6, 2, 1250, '', 11),
(2261, 17, '2018-04-16 00:00:00', 6, 2, 1250, '', 12),
(2262, 17, '2018-04-16 00:00:00', 18, 8, 3560, '', 13),
(2263, 17, '2018-04-17 00:00:00', 6, 8, 3560, '', 14),
(2264, 17, '2018-04-17 00:00:00', 34, 1, 1000, '', 15),
(2265, 18, '2018-04-13 00:00:00', 99, 10328, 1136080, '', 1),
(2266, 18, '2018-04-14 00:00:00', 99, 9068, 997480, '', 2),
(2267, 19, '2018-04-16 00:00:00', 99, 15686, 1725460, '', 1),
(2268, 19, '2018-04-16 00:00:00', 99, 5632, 619520, '', 2),
(2276, 21, '2018-04-17 00:00:00', 49, 7, 20410, '', 1),
(2277, 21, '2018-04-18 00:00:00', 10, 6, 11300, '', 2),
(2278, 21, '2018-04-18 00:00:00', 38, 35, 68780, '', 3),
(2279, 21, '2018-04-18 00:00:00', 37, 15, 27730, '', 4),
(2280, 21, '2018-04-18 00:00:00', 25, 30, 58750, '', 5),
(2281, 21, '2018-04-18 00:00:00', 22, 5, 9880, '', 6),
(2282, 21, '2018-04-19 00:00:00', 13, 15, 22700, '', 7),
(2283, 21, '2018-04-19 00:00:00', 12, 24, 34550, '', 8),
(2284, 21, '2018-04-19 00:00:00', 10, 3, 4800, '', 9),
(2285, 21, '2018-04-19 00:00:00', 4, 31, 61900, '', 10),
(2286, 21, '2018-04-19 00:00:00', 3, 12, 17700, '', 11),
(2287, 21, '2018-04-19 00:00:00', 1, 15, 30600, '', 12),
(2288, 21, '2018-04-19 00:00:00', 19, 1, 1500, '', 13),
(2289, 22, '2018-04-19 00:00:00', 38, 25, 57220, '(63)', 1),
(2290, 22, '2018-04-19 00:00:00', 37, 10, 32800, '', 2),
(2291, 22, '2018-04-19 00:00:00', 25, 23, 49790, '', 3),
(2292, 22, '2018-04-19 00:00:00', 10, 6, 13800, '', 4),
(2293, 22, '2018-04-19 00:00:00', 11, 6, 14950, '', 5),
(2294, 22, '2018-04-20 00:00:00', 19, 34, 59100, '', 6),
(2295, 22, '2018-04-20 00:00:00', 6, 30, 57500, '', 7),
(2296, 22, '2018-04-20 00:00:00', 5, 14, 26165, '', 8),
(2297, 22, '2018-04-20 00:00:00', 1, 16, 32300, '', 9),
(2298, 22, '2018-04-20 00:00:00', 3, 20, 37150, '', 10),
(2299, 22, '2018-04-20 00:00:00', 4, 15, 26350, '', 11),
(2300, 22, '2018-04-21 00:00:00', 6, 1, 2400, '', 12),
(2313, 23, '2018-04-21 00:00:00', 19, 48, 124400, '', 1),
(2314, 23, '2018-04-21 00:00:00', 18, 5, 11600, '', 2),
(2315, 23, '2018-04-21 00:00:00', 6, 35, 89950, '(43)', 3),
(2316, 23, '2018-04-21 00:00:00', 5, 15, 41650, '', 4),
(2317, 23, '2018-04-21 00:00:00', 13, 5, 10600, '', 5),
(2318, 23, '2018-04-21 00:00:00', 23, 13, 30100, '', 6),
(2319, 23, '2018-04-21 00:00:00', 25, 3, 9200, '', 7),
(2320, 23, '2018-04-21 00:00:00', 10, 13, 38250, '', 8),
(2321, 23, '2018-04-21 00:00:00', 9, 11, 30800, '', 9),
(2322, 23, '2018-04-21 00:00:00', 8, 5, 9550, '', 10),
(2323, 23, '2018-04-21 00:00:00', 1, 36, 87600, '', 11),
(2324, 23, '2018-04-21 00:00:00', 3, 11, 30820, '', 12),
(2487, 25, '2018-04-25 00:00:00', 1, 77, 201400, '', 1),
(2488, 25, '2018-04-25 00:00:00', 19, 48, 115100, '', 2),
(2489, 25, '2018-04-25 00:00:00', 5, 16, 38450, '', 3),
(2490, 25, '2018-04-25 00:00:00', 6, 38, 83150, '(46)', 4),
(2491, 25, '2018-04-25 00:00:00', 25, 20, 50000, '', 5),
(2509, 9, '2018-03-30 00:00:00', 80, 384, 23910, 'KERA LOOSE', 1),
(2510, 9, '2018-03-30 00:00:00', 20, 379, 19500, '', 2),
(2511, 9, '2018-03-30 00:00:00', 21, 228, 12130, '', 3),
(2512, 9, '2018-03-31 00:00:00', 19, 649, 42200, '', 4),
(2513, 9, '2018-03-31 00:00:00', 18, 178, 7900, '', 5),
(2514, 9, '2018-03-31 00:00:00', 6, 99, 6200, '', 6),
(2515, 9, '2018-03-31 00:00:00', 5, 46, 3280, '', 7),
(2516, 9, '2018-03-31 00:00:00', 22, 551, 39240, '', 8),
(2517, 9, '2018-03-31 00:00:00', 8, 85, 6050, '', 9),
(2518, 9, '2018-03-31 00:00:00', 93, 42, 2700, '', 10),
(2519, 9, '2018-03-31 00:00:00', 92, 45, 2700, '', 11),
(2520, 9, '2018-04-01 00:00:00', 22, 92, 5310, '', 12),
(2521, 9, '2018-04-01 00:00:00', 91, 78, 6200, '', 13),
(2522, 9, '2018-04-03 00:00:00', 18, 69, 2760, '', 14),
(2523, 9, '2018-04-03 00:00:00', 6, 315, 8260, '', 15),
(2524, 9, '2018-04-04 00:00:00', 6, 238, 9450, '', 16),
(2525, 9, '2018-03-31 00:00:00', 10, 0, 6300, '', 17),
(2526, 12, '2018-04-06 00:00:00', 4, 1, 850, 'Cartoon', 1),
(2527, 12, '2018-04-06 00:00:00', 18, 9, 6400, '', 2),
(2528, 12, '2018-04-06 00:00:00', 3, 4, 2850, '', 3),
(2529, 12, '2018-04-06 00:00:00', 10, 6, 4300, '', 4),
(2530, 12, '2018-04-07 00:00:00', 10, 5, 1700, '', 5),
(2531, 12, '2018-04-08 00:00:00', 22, 2, 800, '', 6),
(2532, 12, '2018-04-08 00:00:00', 20, 2, 700, '', 7),
(2533, 12, '2018-04-09 00:00:00', 18, 4, 180, '', 8),
(2534, 12, '2018-04-11 00:00:00', 96, 4, 0, '', 9),
(2535, 10, '2018-04-02 00:00:00', 10, 34, 4080, 'kera loose', 1),
(2536, 10, '2018-04-04 00:00:00', 6, 175, 12310, '', 2),
(2537, 10, '2018-04-04 00:00:00', 3, 90, 6400, '', 3),
(2538, 10, '2018-04-04 00:00:00', 9, 280, 17450, '', 4),
(2539, 10, '2018-04-04 00:00:00', 22, 126, 6200, '', 5),
(2540, 10, '2018-04-01 00:00:00', 95, 669, 70200, '', 6),
(2541, 10, '2018-04-05 00:00:00', 94, 5928, 569080, '', 7),
(2542, 10, '2018-04-03 00:00:00', 10, 155, 14350, '', 8),
(2543, 11, '2018-04-04 00:00:00', 94, 9300, 892800, 'kera loose', 1),
(2603, 8, '2018-03-24 00:00:00', 4, 6, 9950, '', 1),
(2604, 8, '2018-03-24 00:00:00', 57, 55, 124220, '', 2),
(2605, 8, '2018-03-24 00:00:00', 1, 17, 47540, '', 3),
(2606, 8, '2018-03-24 00:00:00', 49, 27, 61010, '', 4),
(2607, 8, '2018-03-24 00:00:00', 28, 15, 46400, '', 5),
(2608, 8, '2018-03-24 00:00:00', 16, 27, 41800, '', 6),
(2609, 8, '2018-03-24 00:00:00', 6, 36, 72550, '', 7),
(2610, 8, '2018-03-24 00:00:00', 20, 10, 20700, '', 8),
(2611, 8, '2018-03-24 00:00:00', 18, 12, 22200, '', 9),
(2612, 8, '2018-03-24 00:00:00', 4, 3, 6300, '', 10),
(2613, 8, '2018-03-24 00:00:00', 10, 5, 13700, '', 11),
(2614, 8, '2018-03-25 00:00:00', 1, 38, 85300, '', 12),
(2615, 8, '2018-03-25 00:00:00', 49, 5, 10150, '', 13),
(2616, 8, '2018-03-25 00:00:00', 18, 10, 19200, '', 14),
(2617, 8, '2018-03-25 00:00:00', 34, 30, 55600, '', 15),
(2618, 8, '2018-03-25 00:00:00', 10, 21, 43800, '', 16),
(2619, 8, '2018-03-25 00:00:00', 19, 21, 45900, '', 17),
(2620, 8, '2018-03-25 00:00:00', 9, 15, 29050, '', 18),
(2621, 8, '2018-03-26 00:00:00', 26, 53, 119800, '', 19),
(2622, 8, '2018-03-26 00:00:00', 9, 31, 59900, '', 20),
(2623, 8, '2018-03-26 00:00:00', 18, 9, 17300, '', 21),
(2624, 8, '2018-03-26 00:00:00', 19, 44, 89600, '', 22),
(2625, 8, '2018-03-26 00:00:00', 11, 6, 14150, '', 23),
(2626, 8, '2018-03-26 00:00:00', 16, 45, 90500, '', 24),
(2627, 8, '2018-03-27 00:00:00', 11, 14, 26100, '', 25),
(2628, 8, '2018-03-27 00:00:00', 18, 24, 45800, '', 26),
(2629, 8, '2018-03-27 00:00:00', 16, 36, 67900, '', 27),
(2630, 8, '2018-03-27 00:00:00', 19, 24, 46900, '', 28),
(2631, 8, '2018-03-25 00:00:00', 3, 10, 23320, '', 29),
(2632, 8, '2018-03-25 00:00:00', 4, 2, 4700, '', 30),
(2633, 8, '2018-03-26 00:00:00', 4, 3, 6400, '', 31),
(2634, 8, '2018-03-26 00:00:00', 6, 39, 85600, '(42)', 32),
(2635, 8, '2018-03-26 00:00:00', 37, 6, 11100, '', 33),
(2636, 8, '2018-03-26 00:00:00', 20, 18, 32700, '', 34),
(2637, 8, '2018-03-28 00:00:00', 5, 10, 18700, '', 35),
(2638, 8, '2018-03-28 00:00:00', 11, 4, 3850, '', 36),
(2639, 8, '2018-03-28 00:00:00', 20, 15, 17150, '', 37),
(2640, 8, '2018-03-28 00:00:00', 21, 11, 17920, '', 38),
(2641, 8, '2018-03-28 00:00:00', 18, 9, 13350, '', 39),
(2642, 8, '2018-03-29 00:00:00', 8, 4, 5150, '', 40),
(2643, 8, '2018-03-29 00:00:00', 3, 17, 23140, '', 41),
(2644, 8, '2018-03-29 00:00:00', 19, 5, 8000, '', 42),
(2645, 8, '2018-03-26 00:00:00', 1, 7, 7100, '', 43),
(2646, 8, '2018-03-26 00:00:00', 10, 17, 38700, '', 44),
(2647, 8, '2018-03-26 00:00:00', 26, 2, 5370, '', 45),
(2648, 20, '2018-04-17 00:00:00', 12, 123, 13110, '', 1),
(2649, 20, '2018-04-17 00:00:00', 18, 85, 5300, '', 2),
(2650, 20, '2018-04-17 00:00:00', 19, 17, 1360, '', 3),
(2651, 20, '2018-04-17 00:00:00', 98, 13652, 1413910, '', 4),
(2652, 20, '2018-04-18 00:00:00', 3, 160, 10600, '', 5),
(2653, 20, '2018-04-18 00:00:00', 10, 132, 5870, '', 6),
(2654, 20, '2018-04-19 00:00:00', 10, 0, 2640, '', 7),
(2681, 24, '2018-04-22 00:00:00', 9, 13, 37350, '', 1),
(2682, 24, '2018-04-22 00:00:00', 10, 15, 56400, '', 2),
(2683, 24, '2018-04-23 00:00:00', 20, 37, 92200, '', 3),
(2684, 24, '2018-04-23 00:00:00', 19, 17, 36500, '', 4),
(2685, 24, '2018-04-23 00:00:00', 18, 1, 3000, '', 5),
(2686, 24, '2018-04-23 00:00:00', 10, 14, 28200, '', 6),
(2687, 24, '2018-04-23 00:00:00', 13, 31, 63000, '', 7),
(2688, 24, '2018-04-23 00:00:00', 23, 6, 14260, '', 8),
(2689, 24, '2018-04-23 00:00:00', 1, 67, 148600, '', 9),
(2690, 24, '2018-04-23 00:00:00', 3, 9, 24930, '', 10),
(2691, 24, '2018-04-23 00:00:00', 12, 4, 0, '', 11),
(2692, 24, '2018-04-23 00:00:00', 6, 45, 110850, '(44)', 12),
(2693, 24, '2018-04-23 00:00:00', 5, 15, 37400, '', 13),
(2694, 24, '2018-04-23 00:00:00', 4, 20, 48700, '', 14),
(2695, 24, '2018-04-23 00:00:00', 53, 25, 90600, '', 15),
(2696, 24, '2018-04-23 00:00:00', 26, 77, 254520, '', 16),
(2697, 24, '2018-04-24 00:00:00', 23, 2, 5150, '', 17),
(2698, 24, '2018-04-24 00:00:00', 20, 23, 52900, '', 18),
(2699, 24, '2018-04-24 00:00:00', 18, 10, 24400, '', 19),
(2700, 24, '2018-04-24 00:00:00', 19, 21, 45500, '', 20),
(2701, 24, '2018-04-24 00:00:00', 10, 28, 87700, '', 21),
(2702, 24, '2018-04-24 00:00:00', 6, 28, 76650, '(45)', 22),
(2703, 24, '2018-04-24 00:00:00', 9, 5, 14250, '', 23),
(2704, 24, '2018-04-24 00:00:00', 5, 12, 33100, '', 24),
(2705, 24, '2018-04-24 00:00:00', 1, 50, 150480, '', 25),
(2706, 24, '2018-04-24 00:00:00', 15, 7, 15600, '', 26),
(2707, 26, '2018-04-27 00:00:00', 26, 47, 132270, '', 1),
(2708, 26, '2018-04-28 00:00:00', 1, 50, 142900, '', 2),
(2709, 26, '2018-04-28 00:00:00', 20, 12, 33150, '', 3),
(2710, 26, '2018-04-28 00:00:00', 19, 15, 41100, '', 4),
(2711, 26, '2018-04-28 00:00:00', 3, 21, 61590, '', 5),
(2712, 26, '2018-04-28 00:00:00', 10, 3, 8100, '', 6),
(2713, 26, '2018-04-28 00:00:00', 5, 16, 45650, '', 7),
(2714, 26, '2018-04-28 00:00:00', 6, 33, 85550, '(47)', 8),
(2715, 26, '2018-04-29 00:00:00', 19, 3, 8000, '', 9),
(2716, 27, '2018-04-28 00:00:00', 28, 54, 184500, '', 1),
(2717, 27, '2018-04-29 00:00:00', 1, 20, 69470, '', 2),
(2718, 27, '2018-04-29 00:00:00', 19, 31, 90100, '', 3),
(2719, 27, '2018-04-29 00:00:00', 6, 33, 88950, '', 4),
(2720, 27, '2018-04-29 00:00:00', 5, 19, 58270, '', 5),
(2721, 27, '2018-04-29 00:00:00', 18, 2, 5850, '', 6),
(2722, 27, '2018-04-29 00:00:00', 10, 16, 49550, '', 7),
(2723, 27, '2018-04-29 00:00:00', 9, 8, 20250, '', 8),
(2724, 27, '2018-04-30 00:00:00', 34, 16, 40520, '', 9),
(2725, 27, '2018-05-01 00:00:00', 4, 1, 4650, '', 10),
(2794, 28, '2018-04-30 00:00:00', 1, 28, 86370, '', 1),
(2795, 28, '2018-04-30 00:00:00', 10, 20, 67650, '', 2),
(2796, 28, '2018-04-30 00:00:00', 19, 13, 34200, '', 3),
(2797, 28, '2018-04-30 00:00:00', 9, 11, 26000, '', 4),
(2798, 28, '2018-04-30 00:00:00', 20, 10, 23450, '', 5),
(2799, 28, '2018-04-30 00:00:00', 6, 9, 23750, '', 6),
(2800, 28, '2018-04-30 00:00:00', 5, 15, 42450, '', 7),
(2801, 28, '2018-05-01 00:00:00', 6, 13, 31200, '(49)', 8),
(2802, 28, '2018-05-01 00:00:00', 5, 2, 4150, '', 9),
(2803, 28, '2018-05-01 00:00:00', 22, 7, 14320, '', 10),
(2804, 28, '2018-05-01 00:00:00', 27, 10, 26400, 'nb', 11),
(2805, 28, '2018-05-01 00:00:00', 19, 15, 39600, '', 12),
(2806, 28, '2018-05-01 00:00:00', 18, 11, 22800, '', 13),
(2807, 28, '2018-05-01 00:00:00', 9, 12, 28050, '', 14),
(2808, 28, '2018-05-02 00:00:00', 9, 12, 22150, '', 15),
(2809, 28, '2018-05-02 00:00:00', 10, 2, 4600, '', 16),
(2810, 28, '2018-05-02 00:00:00', 22, 10, 17270, '', 17),
(2865, 29, '2018-04-30 00:00:00', 26, 19, 60100, '', 1),
(2866, 29, '2018-05-01 00:00:00', 6, 5, 10650, '', 2),
(2867, 29, '2018-05-01 00:00:00', 22, 33, 67510, '', 3),
(2868, 29, '2018-05-01 00:00:00', 4, 1, 2650, '', 4),
(2869, 29, '2018-05-01 00:00:00', 1, 13, 37000, '', 5),
(2870, 29, '2018-05-01 00:00:00', 8, 2, 4100, '', 6),
(2871, 29, '2018-05-01 00:00:00', 10, 3, 5800, '', 7),
(2872, 29, '2018-05-01 00:00:00', 23, 12, 22200, '', 8),
(2873, 29, '2018-05-01 00:00:00', 13, 1, 1800, '', 9),
(2874, 29, '2018-05-02 00:00:00', 18, 15, 31850, '', 10),
(2875, 29, '2018-05-02 00:00:00', 19, 25, 62500, '', 11),
(2876, 29, '2018-05-02 00:00:00', 10, 1, 1800, '', 12),
(2877, 29, '2018-05-02 00:00:00', 27, 10, 26400, '', 13),
(2878, 29, '2018-05-02 00:00:00', 5, 7, 14550, '', 14),
(2879, 29, '2018-05-02 00:00:00', 6, 13, 26750, '50', 15),
(2880, 29, '2018-05-02 00:00:00', 1, 26, 61920, '', 16),
(2881, 29, '2018-05-02 00:00:00', 3, 5, 12020, '', 17),
(2882, 29, '2018-05-02 00:00:00', 4, 9, 18850, '', 18),
(3134, 30, '2018-05-08 00:00:00', 26, 5, 22000, '', 1),
(3135, 30, '2018-05-09 00:00:00', 19, 39, 166200, '', 2),
(3136, 30, '2018-05-09 00:00:00', 12, 5, 21150, '', 3),
(3137, 30, '2018-05-09 00:00:00', 10, 5, 21300, '', 4),
(3138, 30, '2018-05-09 00:00:00', 9, 5, 20550, '', 5),
(3139, 30, '2018-05-09 00:00:00', 10, 10, 40700, '', 6),
(3140, 30, '2018-05-09 00:00:00', 37, 22, 83860, '', 7),
(3141, 30, '2018-05-09 00:00:00', 6, 13, 34700, '(51)', 8),
(3142, 30, '2018-05-09 00:00:00', 1, 25, 69480, '', 9),
(3143, 30, '2018-05-09 00:00:00', 18, 36, 93100, '', 10),
(3144, 30, '2018-05-10 00:00:00', 19, 19, 71000, '', 11),
(3145, 30, '2018-05-10 00:00:00', 18, 4, 14800, '', 12),
(3146, 30, '2018-05-10 00:00:00', 10, 3, 11300, '', 13),
(3147, 30, '2018-05-10 00:00:00', 6, 1, 1500, '', 14),
(3148, 30, '2018-05-10 00:00:00', 9, 6, 21350, '', 15),
(3149, 30, '2018-05-11 00:00:00', 96, 2, 200, '', 16),
(3150, 31, '2018-05-09 00:00:00', 57, 61, 240260, '(96)', 1),
(3151, 31, '2018-05-09 00:00:00', 49, 66, 237800, '', 2),
(3152, 31, '2018-05-10 00:00:00', 19, 15, 20500, '', 3),
(3153, 31, '2018-05-10 00:00:00', 18, 10, 24350, '', 4),
(3154, 31, '2018-05-10 00:00:00', 10, 4, 11100, '', 5),
(3155, 31, '2018-05-10 00:00:00', 6, 19, 34100, '(52)', 6),
(3156, 31, '2018-05-10 00:00:00', 9, 3, 8450, '', 7),
(3157, 31, '2018-05-10 00:00:00', 5, 1, 1750, '', 8),
(3158, 31, '2018-05-10 00:00:00', 4, 4, 9600, '', 9),
(3159, 31, '2018-05-11 00:00:00', 6, 5, 8800, '', 10),
(3160, 31, '2018-05-11 00:00:00', 18, 8, 8150, '', 11),
(3161, 31, '2018-05-11 00:00:00', 19, 2, 5340, '', 12),
(3162, 31, '2018-05-11 00:00:00', 11, 2, 1800, '', 13),
(3170, 33, '2018-05-12 00:00:00', 12, 9, 21050, '', 1),
(3171, 33, '2018-05-12 00:00:00', 10, 1, 2500, '', 2),
(3172, 33, '2018-05-12 00:00:00', 9, 2, 4250, '', 3),
(3173, 33, '2018-05-12 00:00:00', 6, 23, 43950, '(53)', 4),
(3174, 33, '2018-05-12 00:00:00', 27, 10, 20250, '', 5),
(3175, 33, '2018-05-12 00:00:00', 5, 8, 17100, '', 6),
(3176, 33, '2018-05-12 00:00:00', 3, 7, 14600, '', 7),
(3177, 33, '2018-05-12 00:00:00', 22, 16, 29930, '', 8),
(3178, 33, '2018-05-12 00:00:00', 19, 57, 133360, '', 9),
(3179, 33, '2018-05-12 00:00:00', 18, 11, 22700, '', 10),
(3180, 33, '2018-05-12 00:00:00', 26, 15, 56270, '', 11),
(3181, 33, '2018-05-13 00:00:00', 13, 9, 17600, '', 12),
(3182, 33, '2018-05-13 00:00:00', 14, 27, 50500, '', 13),
(3183, 33, '2018-05-13 00:00:00', 12, 6, 11700, '', 14),
(3184, 33, '2018-05-13 00:00:00', 19, 53, 122400, '', 15),
(3185, 33, '2018-05-13 00:00:00', 6, 19, 46700, '(54)', 16),
(3186, 33, '2018-05-13 00:00:00', 5, 30, 63800, '', 17),
(3187, 33, '2018-05-13 00:00:00', 3, 11, 22700, '', 18),
(3188, 33, '2018-05-13 00:00:00', 25, 13, 33050, '', 19),
(3189, 33, '2018-05-13 00:00:00', 1, 33, 89050, '', 20),
(3190, 33, '2018-05-13 00:00:00', 4, 1, 2400, '', 21),
(3191, 33, '2018-05-13 00:00:00', 22, 9, 22700, '', 22),
(3192, 33, '2018-05-13 00:00:00', 10, 3, 4400, '', 23),
(3193, 33, '2018-05-14 00:00:00', 18, 4, 6400, '', 24),
(3194, 33, '2018-05-14 00:00:00', 19, 23, 45600, '', 25),
(3210, 34, '2018-05-15 00:00:00', 48, 20, 80000, '', 1),
(3211, 34, '2018-05-15 00:00:00', 28, 4, 15500, '', 2),
(3212, 34, '2018-05-16 00:00:00', 1, 14, 47970, '', 3),
(3213, 34, '2018-05-16 00:00:00', 10, 9, 31400, '', 4),
(3214, 34, '2018-05-16 00:00:00', 6, 17, 33850, '(55)', 5),
(3215, 34, '2018-05-16 00:00:00', 4, 14, 25120, '', 6),
(3216, 34, '2018-05-16 00:00:00', 19, 16, 32500, '', 7),
(3217, 34, '2018-05-17 00:00:00', 6, 12, 17500, '(56)', 8),
(3218, 34, '2018-05-17 00:00:00', 5, 10, 16800, '', 9),
(3219, 34, '2018-05-17 00:00:00', 22, 11, 17630, '', 10),
(3220, 34, '2018-05-17 00:00:00', 19, 11, 17700, '', 11),
(3221, 34, '2018-05-17 00:00:00', 18, 9, 11300, '', 12),
(3222, 34, '2018-05-17 00:00:00', 11, 5, 6250, '', 13),
(3223, 34, '2018-05-17 00:00:00', 100, 1, 500, '', 14),
(3224, 34, '2018-05-17 00:00:00', 10, 3, 3000, '', 15),
(3325, 32, '2018-05-10 00:00:00', 57, 20, 71260, '(93)', 1),
(3326, 32, '2018-05-10 00:00:00', 28, 4, 18300, '', 2),
(3327, 32, '2018-05-11 00:00:00', 1, 15, 49070, '', 3),
(3328, 32, '2018-05-11 00:00:00', 10, 20, 57080, '', 4),
(3329, 32, '2018-05-11 00:00:00', 19, 46, 119300, '', 5),
(3330, 32, '2018-05-11 00:00:00', 18, 43, 118040, '', 6),
(3331, 32, '2018-05-11 00:00:00', 9, 9, 18700, '', 7),
(3542, 36, '2018-05-21 00:00:00', 28, 9, 30600, '', 1),
(3543, 36, '2018-05-22 00:00:00', 45, 15, 40300, '', 2),
(3544, 36, '2018-05-22 00:00:00', 103, 15, 46400, '', 3),
(3545, 36, '2018-05-22 00:00:00', 44, 15, 45400, '', 4),
(3546, 36, '2018-05-22 00:00:00', 3, 18, 52100, '', 5),
(3547, 36, '2018-05-22 00:00:00', 10, 11, 34100, '', 6),
(3548, 36, '2018-05-22 00:00:00', 1, 43, 122200, '', 7),
(3549, 36, '2018-05-22 00:00:00', 19, 29, 87900, '', 8),
(3550, 36, '2018-05-22 00:00:00', 6, 24, 65300, '(60)', 9),
(3551, 36, '2018-05-22 00:00:00', 5, 6, 17350, '', 10),
(3552, 36, '2018-05-23 00:00:00', 10, 2, 3550, '', 11),
(3553, 36, '2018-05-23 00:00:00', 19, 5, 10450, '', 12),
(3657, 37, '2018-05-25 00:00:00', 48, 25, 102890, '', 1),
(3658, 37, '2018-05-26 00:00:00', 19, 41, 93700, '', 2),
(3659, 37, '2018-05-26 00:00:00', 18, 4, 10650, '', 3),
(3660, 37, '2018-05-26 00:00:00', 4, 14, 29550, '', 4),
(3661, 37, '2018-05-26 00:00:00', 6, 46, 105150, '(61)', 5),
(3662, 37, '2018-05-26 00:00:00', 1, 58, 131750, '', 6),
(3663, 37, '2018-05-26 00:00:00', 3, 12, 31500, '', 7),
(3664, 38, '2018-05-26 00:00:00', 48, 45, 165050, '', 1),
(3665, 38, '2018-05-26 00:00:00', 28, 66, 234500, '', 2),
(3666, 38, '2018-05-27 00:00:00', 1, 50, 139200, '', 3),
(3667, 38, '2018-05-27 00:00:00', 10, 19, 39900, '', 4),
(3668, 35, '2018-05-18 00:00:00', 48, 18, 70150, '', 1),
(3669, 35, '2018-05-18 00:00:00', 28, 15, 56725, '', 2),
(3670, 35, '2018-05-19 00:00:00', 57, 15, 55840, '', 3),
(3671, 35, '2018-05-19 00:00:00', 103, 15, 54900, '', 4),
(3672, 35, '2018-05-19 00:00:00', 45, 17, 58300, '', 5),
(3673, 35, '2018-05-19 00:00:00', 44, 22, 70050, '', 6),
(3674, 35, '2018-05-19 00:00:00', 38, 15, 46470, '(64)', 7),
(3675, 35, '2018-05-19 00:00:00', 26, 15, 35550, '', 8),
(3676, 35, '2018-05-19 00:00:00', 37, 12, 35490, '', 9),
(3677, 35, '2018-05-19 00:00:00', 10, 29, 84800, '', 10),
(3678, 35, '2018-05-19 00:00:00', 1, 58, 171500, '', 11),
(3679, 35, '2018-05-19 00:00:00', 3, 18, 51130, '', 12),
(3680, 35, '2018-05-19 00:00:00', 19, 62, 175200, '', 13),
(3681, 35, '2018-05-19 00:00:00', 6, 39, 113050, '(57)', 14),
(3682, 35, '2018-05-19 00:00:00', 5, 15, 39000, '', 15),
(3683, 35, '2018-05-19 00:00:00', 4, 1, 3200, '', 16),
(3684, 35, '2018-05-19 00:00:00', 57, 52, 119150, '(98)', 17),
(3685, 35, '2018-05-19 00:00:00', 101, 10, 31500, '', 18),
(3686, 35, '2018-05-19 00:00:00', 102, 21, 77000, '', 19),
(3687, 35, '2018-05-19 00:00:00', 28, 7, 19900, '', 20),
(3688, 35, '2018-05-19 00:00:00', 48, 20, 38750, '', 21),
(3689, 35, '2018-05-20 00:00:00', 19, 29, 70500, '', 22),
(3690, 35, '2018-05-20 00:00:00', 18, 4, 7650, '', 23),
(3691, 35, '2018-05-20 00:00:00', 1, 27, 75870, '', 24),
(3692, 35, '2018-05-20 00:00:00', 4, 3, 5600, '', 25),
(3693, 35, '2018-05-20 00:00:00', 3, 9, 19140, '', 26),
(3694, 35, '2018-05-20 00:00:00', 103, 10, 22200, '', 27),
(3695, 35, '2018-05-20 00:00:00', 45, 15, 35050, '', 28),
(3696, 35, '2018-05-20 00:00:00', 44, 20, 40550, '', 29),
(3697, 35, '2018-05-20 00:00:00', 37, 10, 18490, '', 30),
(3698, 35, '2018-05-20 00:00:00', 23, 8, 19290, '', 31),
(3699, 35, '2018-05-20 00:00:00', 10, 5, 9500, '', 32),
(3700, 35, '2018-05-20 00:00:00', 25, 3, 9600, '', 33),
(3701, 35, '2018-05-20 00:00:00', 1, 18, 56600, '', 34),
(3702, 35, '2018-05-20 00:00:00', 6, 22, 52700, '(58)', 35),
(3703, 35, '2018-05-20 00:00:00', 5, 20, 52350, '', 36),
(3704, 35, '2018-05-20 00:00:00', 34, 13, 26800, '', 37),
(3705, 35, '2018-05-21 00:00:00', 3, 14, 25630, '', 38),
(3706, 35, '2018-05-21 00:00:00', 10, 11, 14200, '', 39),
(3707, 35, '2018-05-21 00:00:00', 19, 15, 40700, '', 40),
(3708, 35, '2018-05-21 00:00:00', 1, 28, 73750, '', 41),
(3709, 35, '2018-05-21 00:00:00', 6, 24, 52500, '(59)', 42),
(3710, 35, '2018-05-21 00:00:00', 4, 11, 21750, '', 43),
(3711, 35, '2018-05-23 00:00:00', 10, 3, 5650, '', 44),
(3712, 39, '2018-06-16 00:00:00', 37, 60, 257140, '', 1),
(3713, 39, '2018-06-16 00:00:00', 27, 30, 124100, '', 2),
(3714, 39, '2018-06-16 00:00:00', 5, 22, 91650, '', 3),
(3715, 39, '2018-06-16 00:00:00', 6, 10, 36450, '(62)', 4),
(3716, 39, '2018-06-16 00:00:00', 10, 3, 11850, '', 5),
(3717, 39, '2018-06-16 00:00:00', 9, 3, 12000, '', 6),
(3718, 39, '2018-06-16 00:00:00', 100, 1, 4000, '', 7),
(3719, 39, '2018-06-16 00:00:00', 34, 6, 21250, '', 8),
(3720, 39, '2018-06-17 00:00:00', 71, 44, 129200, '', 9),
(3721, 39, '2018-06-17 00:00:00', 13, 21, 61650, '', 10),
(3722, 40, '2018-06-17 00:00:00', 10, 25, 77200, '', 1),
(3723, 40, '2018-06-17 00:00:00', 5, 20, 67550, '', 2),
(3724, 40, '2018-06-17 00:00:00', 22, 48, 145250, '', 3),
(3725, 40, '2018-06-17 00:00:00', 16, 61, 182700, '', 4),
(3726, 40, '2018-06-17 00:00:00', 100, 1, 3300, '', 5),
(3727, 40, '2018-06-18 00:00:00', 5, 15, 46550, '', 6),
(3728, 40, '2018-06-18 00:00:00', 6, 30, 88150, '(63)', 7),
(3768, 41, '2018-06-18 00:00:00', 16, 43, 144900, '', 1),
(3769, 41, '2018-06-19 00:00:00', 6, 29, 79850, '(64)', 2),
(3770, 41, '2018-06-19 00:00:00', 27, 20, 51100, '', 3),
(3771, 41, '2018-06-19 00:00:00', 5, 27, 87300, '', 4),
(3772, 41, '2018-06-19 00:00:00', 22, 15, 46020, '', 5),
(3773, 41, '2018-06-19 00:00:00', 10, 10, 29200, '', 6),
(3774, 41, '2018-06-19 00:00:00', 19, 50, 145500, '', 7),
(3775, 41, '2018-06-19 00:00:00', 20, 35, 105850, '', 8),
(3776, 41, '2018-06-19 00:00:00', 18, 5, 14150, '', 9),
(3777, 41, '2018-06-19 00:00:00', 11, 7, 22400, '', 10),
(3778, 41, '2018-06-19 00:00:00', 1, 84, 221400, '', 11),
(3779, 41, '2018-06-19 00:00:00', 3, 24, 76720, '', 12),
(3780, 41, '2018-06-19 00:00:00', 21, 46, 149820, '', 13),
(3781, 42, '2018-06-21 00:00:00', 18, 44, 54500, '', 1),
(3782, 42, '2018-06-21 00:00:00', 21, 14, 17390, '', 2),
(3783, 42, '2018-06-21 00:00:00', 3, 34, 42200, '', 3),
(3784, 42, '2018-06-21 00:00:00', 20, 18, 24250, '', 4),
(3785, 42, '2018-06-21 00:00:00', 12, 23, 26900, '', 5),
(3786, 42, '2018-06-21 00:00:00', 16, 21, 24800, '', 6),
(3787, 42, '2018-06-22 00:00:00', 17, 44, 36360, '(35)', 7),
(3852, 44, '2018-06-22 00:00:00', 1, 37, 143800, '', 1),
(3853, 44, '2018-06-22 00:00:00', 3, 7, 26170, '', 2),
(3854, 44, '2018-06-22 00:00:00', 19, 21, 81500, '', 3),
(3855, 44, '2018-06-22 00:00:00', 18, 14, 52150, '', 4),
(3856, 44, '2018-06-22 00:00:00', 12, 101, 380160, '', 5),
(3857, 44, '2018-06-22 00:00:00', 10, 7, 24700, '', 6),
(3858, 44, '2018-06-22 00:00:00', 11, 1, 3600, '', 7),
(3859, 44, '2018-06-22 00:00:00', 9, 12, 42000, '', 8),
(3887, 43, '2018-06-21 00:00:00', 19, 68, 230000, '', 1),
(3888, 43, '2018-06-21 00:00:00', 3, 44, 148280, '', 2),
(3889, 43, '2018-06-21 00:00:00', 21, 16, 54060, '', 3),
(3890, 43, '2018-06-21 00:00:00', 1, 38, 129850, '', 4),
(3891, 43, '2018-06-21 00:00:00', 18, 10, 32900, '', 5),
(3892, 43, '2018-06-21 00:00:00', 11, 5, 16850, '', 6),
(3893, 43, '2018-06-21 00:00:00', 10, 18, 64850, '', 7),
(3894, 43, '2018-06-22 00:00:00', 6, 6, 22050, '', 8),
(3895, 43, '2018-06-22 00:00:00', 5, 15, 60100, '', 9),
(3896, 43, '2018-06-22 00:00:00', 22, 3, 10500, '', 10),
(3897, 43, '2018-06-22 00:00:00', 9, 36, 123750, '', 11),
(3898, 43, '2018-06-22 00:00:00', 10, 45, 161600, '', 12),
(3899, 43, '2018-06-22 00:00:00', 1, 26, 98700, '', 13),
(3900, 43, '2018-06-22 00:00:00', 20, 15, 55900, '', 14),
(3901, 43, '2018-06-22 00:00:00', 19, 34, 135500, '', 15),
(3902, 43, '2018-06-22 00:00:00', 18, 11, 40500, '', 16),
(3918, 46, '2018-06-27 00:00:00', 16, 15, 37900, '', 1),
(3919, 46, '2018-06-27 00:00:00', 49, 16, 38460, '', 2),
(3920, 46, '2018-06-28 00:00:00', 18, 16, 31180, '', 3),
(3921, 46, '2018-06-28 00:00:00', 1, 40, 86750, '', 4),
(3922, 46, '2018-06-28 00:00:00', 4, 2, 4300, '', 5),
(3923, 46, '2018-06-28 00:00:00', 19, 9, 18400, '', 6),
(3924, 46, '2018-06-28 00:00:00', 12, 40, 78840, '', 7),
(3925, 46, '2018-06-28 00:00:00', 54, 100, 237100, '', 8),
(3926, 46, '2018-06-28 00:00:00', 105, 78, 194400, '', 9),
(3927, 46, '2018-06-28 00:00:00', 37, 34, 64300, '', 10),
(3928, 46, '2018-06-28 00:00:00', 6, 11, 23400, '', 11),
(3929, 46, '2018-06-28 00:00:00', 5, 15, 33400, '', 12),
(3930, 46, '2018-06-29 00:00:00', 21, 1, 1500, '', 13),
(3931, 46, '2018-06-29 00:00:00', 18, 12, 12200, '', 14),
(3932, 46, '2018-06-29 00:00:00', 11, 4, 3500, '', 15),
(3933, 47, '2018-06-29 00:00:00', 106, 15, 21150, '', 1),
(3934, 47, '2018-06-29 00:00:00', 105, 177, 259600, '', 2),
(3935, 48, '2018-06-30 00:00:00', 64, 200, 283800, '', 1),
(3953, 50, '2018-07-03 00:00:00', 22, 7, 12820, '', 1),
(3954, 50, '2018-07-03 00:00:00', 10, 20, 35300, '', 2),
(3955, 50, '2018-07-04 00:00:00', 10, 11, 17900, '', 3),
(3956, 50, '2018-07-04 00:00:00', 1, 10, 17600, '', 4),
(3957, 50, '2018-07-04 00:00:00', 3, 12, 19230, '', 5),
(3958, 50, '2018-07-04 00:00:00', 4, 15, 25500, '', 6),
(3959, 50, '2018-07-04 00:00:00', 5, 15, 25250, '', 7),
(3960, 50, '2018-07-04 00:00:00', 6, 38, 57950, '(65)', 8),
(3961, 50, '2018-07-05 00:00:00', 5, 15, 20830, '', 9),
(3962, 50, '2018-07-05 00:00:00', 6, 6, 5550, '(66)', 10),
(3963, 50, '2018-07-06 00:00:00', 1, 18, 20550, '', 11),
(3964, 50, '2018-07-06 00:00:00', 3, 3, 2930, '', 12),
(3965, 50, '2018-07-05 00:00:00', 1, 15, 20250, '', 13),
(3966, 51, '2018-07-03 00:00:00', 16, 2, 3200, '', 1),
(3967, 51, '2018-07-04 00:00:00', 71, 15, 20000, '', 2),
(3968, 51, '2018-07-04 00:00:00', 14, 45, 59400, '', 3),
(3969, 51, '2018-07-04 00:00:00', 16, 31, 41900, '', 4),
(3970, 51, '2018-07-04 00:00:00', 17, 48, 56550, '(36)', 5),
(3971, 51, '2018-07-04 00:00:00', 10, 3, 3750, '', 6),
(3972, 51, '2018-07-04 00:00:00', 1, 3, 4000, '', 7),
(3973, 51, '2018-07-05 00:00:00', 14, 38, 46500, '', 8),
(3974, 52, '2018-07-04 00:00:00', 21, 13, 39940, '', 1),
(3975, 52, '2018-07-04 00:00:00', 3, 19, 55450, '', 2),
(3976, 52, '2018-07-04 00:00:00', 10, 12, 35000, '', 3),
(3977, 52, '2018-07-04 00:00:00', 1, 50, 145300, '', 4),
(3978, 52, '2018-07-04 00:00:00', 19, 58, 170300, '', 5),
(3979, 52, '2018-07-04 00:00:00', 6, 48, 140600, '', 6),
(3991, 45, '2018-06-26 00:00:00', 1, 71, 190600, '', 1),
(3992, 45, '2018-06-26 00:00:00', 4, 61, 162500, '', 2),
(3993, 45, '2018-06-26 00:00:00', 12, 45, 109350, '', 3),
(3994, 45, '2018-06-26 00:00:00', 11, 8, 17150, '', 4),
(3995, 45, '2018-06-26 00:00:00', 9, 8, 16350, '', 5),
(3996, 49, '2018-07-01 00:00:00', 19, 51, 71600, '', 1),
(3997, 49, '2018-07-01 00:00:00', 18, 6, 7500, '', 2),
(3998, 49, '2018-07-01 00:00:00', 11, 3, 3650, '', 3),
(3999, 49, '2018-07-01 00:00:00', 22, 39, 65950, '', 4),
(4000, 49, '2018-07-01 00:00:00', 3, 15, 23850, '', 5),
(4001, 49, '2018-07-01 00:00:00', 12, 30, 37800, '', 6),
(4002, 49, '2018-07-01 00:00:00', 10, 5, 5800, '', 7),
(4003, 49, '2018-07-01 00:00:00', 8, 12, 12800, '', 8),
(4004, 49, '2018-07-02 00:00:00', 19, 38, 54100, '', 9),
(4005, 53, '2018-07-06 00:00:00', 19, 47, 133300, '', 1),
(4006, 53, '2018-07-06 00:00:00', 20, 20, 48000, '', 2),
(4007, 53, '2018-07-06 00:00:00', 18, 9, 23050, '', 3),
(4008, 53, '2018-07-06 00:00:00', 6, 17, 45500, '', 4),
(4009, 53, '2018-07-06 00:00:00', 27, 30, 82800, '', 5),
(4010, 53, '2018-07-06 00:00:00', 25, 2, 0, '', 6),
(4011, 53, '2018-07-06 00:00:00', 10, 7, 17600, '', 7),
(4012, 53, '2018-07-06 00:00:00', 9, 4, 10000, '', 8),
(4013, 53, '2018-07-06 00:00:00', 3, 10, 26700, '', 9),
(4014, 53, '2018-07-06 00:00:00', 1, 34, 91250, '', 10),
(4015, 53, '2018-07-07 00:00:00', 6, 20, 52350, '(67)', 11),
(4023, 55, '2018-07-12 00:00:00', 26, 180, 546200, '', 1),
(4044, 56, '2018-07-15 00:00:00', 6, 22, 48600, '', 1),
(4045, 56, '2018-07-15 00:00:00', 5, 13, 24100, '', 2),
(4046, 56, '2018-07-15 00:00:00', 1, 21, 47350, '', 3),
(4047, 56, '2018-07-15 00:00:00', 4, 7, 14500, '', 4),
(4048, 56, '2018-07-15 00:00:00', 18, 8, 15950, '', 5),
(4049, 56, '2018-07-15 00:00:00', 3, 35, 68350, '', 6),
(4050, 56, '2018-07-15 00:00:00', 12, 24, 44100, '', 7),
(4051, 56, '2018-07-15 00:00:00', 10, 16, 23500, '', 8),
(4052, 56, '2018-07-15 00:00:00', 19, 13, 24300, '', 9),
(4053, 56, '2018-07-16 00:00:00', 1, 24, 40500, '', 10),
(4054, 56, '2018-07-16 00:00:00', 11, 1, 1320, '', 11),
(4055, 56, '2018-07-16 00:00:00', 19, 15, 26700, '', 12),
(4056, 56, '2018-07-16 00:00:00', 18, 10, 17800, '', 13),
(4057, 56, '2018-07-16 00:00:00', 71, 18, 35250, '', 14),
(4058, 56, '2018-07-16 00:00:00', 6, 19, 35400, '', 15),
(4059, 56, '2018-07-16 00:00:00', 5, 10, 17300, '', 16),
(4060, 56, '2018-07-16 00:00:00', 4, 1, 1600, '', 17),
(4061, 56, '2018-07-16 00:00:00', 10, 5, 7700, '', 18),
(4062, 56, '2018-07-17 00:00:00', 6, 7, 11100, '', 19),
(4063, 57, '2018-07-16 00:00:00', 6, 7, 13050, '', 1),
(4064, 57, '2018-07-16 00:00:00', 5, 10, 16000, '', 2),
(4065, 57, '2018-07-16 00:00:00', 10, 15, 21000, '', 3),
(4066, 57, '2018-07-16 00:00:00', 1, 6, 9200, '', 4),
(4067, 57, '2018-07-16 00:00:00', 12, 24, 34290, '', 5),
(4068, 57, '2018-07-16 00:00:00', 18, 4, 5700, '', 6),
(4069, 57, '2018-07-16 00:00:00', 8, 20, 27950, '', 7),
(4070, 57, '2018-07-16 00:00:00', 16, 30, 41000, '', 8),
(4071, 57, '2018-07-17 00:00:00', 1, 38, 51550, '', 9),
(4072, 57, '2018-07-17 00:00:00', 6, 12, 13000, '(69)', 10),
(4073, 57, '2018-07-17 00:00:00', 5, 2, 2670, '', 11),
(4074, 57, '2018-07-17 00:00:00', 4, 1, 1350, '', 12),
(4075, 57, '2018-07-17 00:00:00', 3, 28, 39480, '', 13),
(4076, 58, '2018-07-16 00:00:00', 11, 5, 19300, '', 1),
(4077, 58, '2018-07-16 00:00:00', 54, 195, 765940, '', 2),
(4078, 59, '2018-07-19 00:00:00', 10, 2, 2700, '', 1),
(4079, 59, '2018-07-20 00:00:00', 19, 15, 16000, '', 2),
(4080, 59, '2018-07-20 00:00:00', 18, 1, 1000, '', 3),
(4081, 59, '2018-07-20 00:00:00', 6, 9, 9600, '', 4),
(4082, 59, '2018-07-20 00:00:00', 5, 10, 13350, '', 5),
(4083, 59, '2018-07-20 00:00:00', 1, 21, 23950, '', 6),
(4084, 59, '2018-07-21 00:00:00', 18, 3, 2500, '', 7),
(4085, 59, '2018-07-21 00:00:00', 10, 4, 2900, '', 8),
(4086, 59, '2018-07-21 00:00:00', 1, 8, 7050, '', 9),
(4087, 59, '2018-07-21 00:00:00', 8, 4, 2840, '', 10),
(4088, 59, '2018-07-21 00:00:00', 71, 8, 6430, '', 11),
(4089, 59, '2018-07-21 00:00:00', 12, 43, 37620, '', 12),
(4090, 59, '2018-07-21 00:00:00', 6, 4, 4250, '', 13),
(4091, 59, '2018-07-21 00:00:00', 5, 10, 10650, '', 14),
(4092, 59, '2018-07-21 00:00:00', 22, 8, 7390, '', 15),
(4093, 59, '2018-07-21 00:00:00', 27, 1, 1100, '', 16),
(4094, 59, '2018-07-22 00:00:00', 6, 9, 9550, '', 17),
(4095, 59, '2018-07-22 00:00:00', 5, 8, 8600, '', 18),
(4096, 59, '2018-07-23 00:00:00', 6, 3, 2100, '', 19),
(4097, 59, '2018-07-23 00:00:00', 5, 4, 2000, '', 20),
(4098, 59, '2018-07-20 00:00:00', 22, 1, 1000, '', 21),
(4099, 59, '2018-07-20 00:00:00', 13, 22, 25400, '', 22),
(4100, 60, '2018-07-21 00:00:00', 1, 58, 181430, '', 1),
(4101, 60, '2018-07-21 00:00:00', 13, 13, 44000, '', 2),
(4102, 60, '2018-07-21 00:00:00', 71, 21, 71000, '', 3),
(4103, 60, '2018-07-21 00:00:00', 6, 24, 75400, '(72)', 4),
(4104, 60, '2018-07-21 00:00:00', 5, 12, 40600, '', 5),
(4105, 60, '2018-07-21 00:00:00', 22, 10, 37380, '', 6),
(4106, 60, '2018-07-21 00:00:00', 27, 14, 44800, '', 7),
(4107, 60, '2018-07-21 00:00:00', 37, 48, 153550, '', 8),
(4620, 62, '2018-07-28 00:00:00', 6, 5, 15500, '', 1),
(4621, 62, '2018-07-28 00:00:00', 9, 16, 44850, '', 2),
(4622, 62, '2018-07-28 00:00:00', 5, 12, 37350, '', 3),
(4623, 62, '2018-07-28 00:00:00', 34, 13, 36450, '', 4),
(4624, 62, '2018-07-28 00:00:00', 25, 10, 30250, '', 5),
(4625, 62, '2018-07-28 00:00:00', 22, 11, 34270, '', 6),
(4626, 62, '2018-07-28 00:00:00', 10, 21, 65900, '', 7),
(4627, 62, '2018-07-28 00:00:00', 71, 39, 131550, '', 8),
(4628, 62, '2018-07-28 00:00:00', 13, 3, 10100, '', 9),
(4629, 62, '2018-07-28 00:00:00', 12, 2, 4760, '', 10),
(4630, 62, '2018-07-28 00:00:00', 18, 11, 34500, '', 11),
(4631, 62, '2018-07-28 00:00:00', 1, 14, 47050, '', 12),
(4632, 62, '2018-07-28 00:00:00', 19, 21, 69100, '', 13),
(4633, 62, '2018-07-29 00:00:00', 6, 9, 25350, '', 14),
(4634, 62, '2018-07-29 00:00:00', 5, 12, 34150, '', 15),
(4635, 62, '2018-07-29 00:00:00', 37, 1, 2300, '', 16),
(4653, 63, '2018-07-29 00:00:00', 18, 15, 32800, '', 1),
(4654, 63, '2018-07-29 00:00:00', 19, 33, 88100, '', 2),
(4655, 63, '2018-07-29 00:00:00', 37, 19, 45580, '', 3),
(4656, 63, '2018-07-29 00:00:00', 71, 16, 49800, '', 4),
(4657, 63, '2018-07-29 00:00:00', 14, 8, 23250, '', 5),
(4658, 63, '2018-07-29 00:00:00', 22, 4, 10150, '', 6),
(4659, 63, '2018-07-29 00:00:00', 100, 1, 2500, 'SAYIP', 7),
(4660, 63, '2018-07-29 00:00:00', 3, 6, 10150, '', 8),
(4661, 63, '2018-07-29 00:00:00', 1, 14, 34800, '', 9),
(4662, 63, '2018-07-30 00:00:00', 5, 10, 16000, '', 10),
(4663, 63, '2018-07-30 00:00:00', 6, 2, 4350, '', 11),
(4664, 63, '2018-07-30 00:00:00', 34, 23, 37730, '', 12),
(4665, 63, '2018-07-30 00:00:00', 13, 5, 11100, '', 13),
(4666, 63, '2018-07-30 00:00:00', 19, 6, 12100, '', 14),
(4667, 63, '2018-07-30 00:00:00', 3, 10, 15130, '', 15),
(4668, 63, '2018-07-30 00:00:00', 18, 19, 28100, '', 16),
(4669, 63, '2018-07-31 00:00:00', 6, 7, 7100, '', 17),
(4670, 61, '2018-07-10 00:00:00', 1, 150, 135000, '', 1),
(4671, 61, '2018-07-10 00:00:00', 22, 12, 10680, '', 2),
(4672, 61, '2018-07-10 00:00:00', 12, 48, 43200, '', 3),
(4673, 61, '2018-07-10 00:00:00', 10, 37, 33100, '', 4),
(4674, 61, '2018-07-10 00:00:00', 19, 7, 6200, '', 5),
(4675, 61, '2018-07-10 00:00:00', 18, 8, 7200, '', 6),
(4676, 61, '2018-07-10 00:00:00', 9, 1, 800, '', 7),
(4677, 61, '2018-07-10 00:00:00', 6, 33, 28950, '', 8),
(4678, 61, '2018-07-10 00:00:00', 34, 35, 31050, '', 9),
(4679, 61, '2018-07-10 00:00:00', 31, 300, 265700, '', 10),
(4680, 61, '2018-07-10 00:00:00', 37, 420, 372260, '', 11),
(4681, 61, '2018-07-10 00:00:00', 26, 114, 101950, '', 12),
(4682, 61, '2018-07-11 00:00:00', 6, 151, 133750, '', 13),
(4683, 61, '2018-07-11 00:00:00', 27, 30, 26700, '', 14),
(4684, 61, '2018-07-11 00:00:00', 34, 91, 85820, '(56)', 15),
(4685, 61, '2018-07-11 00:00:00', 37, 188, 183540, '', 16),
(4686, 61, '2018-07-11 00:00:00', 19, 3, 3000, '', 17),
(4687, 61, '2018-07-11 00:00:00', 12, 82, 74700, '', 18),
(4688, 61, '2018-07-11 00:00:00', 10, 41, 36800, '', 19),
(4689, 61, '2018-07-11 00:00:00', 9, 8, 7100, '', 20),
(4690, 61, '2018-07-11 00:00:00', 38, 234, 208110, '', 21),
(4691, 61, '2018-07-11 00:00:00', 4, 12, 10550, '', 22),
(4692, 61, '2018-07-11 00:00:00', 1, 151, 135000, '', 23),
(4693, 61, '2018-07-11 00:00:00', 26, 100, 98400, '', 24),
(4694, 61, '2018-07-11 00:00:00', 31, 200, 194900, '', 25),
(4695, 61, '2018-07-12 00:00:00', 38, 16, 15680, '', 26),
(4696, 61, '2018-07-15 00:00:00', 6, 200, 188300, '(68)', 27),
(4697, 61, '2018-07-14 00:00:00', 37, 400, 390540, '', 28),
(4698, 61, '2018-07-14 00:00:00', 26, 50, 49150, '', 29),
(4699, 61, '2018-07-15 00:00:00', 1, 105, 103850, '', 30),
(4700, 61, '2018-07-15 00:00:00', 10, 14, 13700, '', 31),
(4701, 61, '2018-07-15 00:00:00', 9, 11, 10250, '', 32),
(4702, 61, '2018-07-15 00:00:00', 22, 5, 4950, '', 33),
(4703, 61, '2018-07-15 00:00:00', 30, 205, 199770, '', 34),
(4704, 61, '2018-07-15 00:00:00', 32, 60, 58800, '', 35),
(4705, 61, '2018-07-15 00:00:00', 34, 85, 80500, '(57)', 36),
(4706, 61, '2018-07-16 00:00:00', 1, 21, 20800, '', 37),
(4707, 61, '2018-07-16 00:00:00', 12, 24, 18900, '', 38),
(4708, 61, '2018-07-16 00:00:00', 11, 1, 900, '', 39),
(4709, 61, '2018-07-17 00:00:00', 1, 9, 8900, '', 40),
(4710, 61, '2018-07-17 00:00:00', 6, 13, 9950, '', 41),
(4711, 61, '2018-07-18 00:00:00', 6, 144, 136950, '(70)', 42),
(4712, 61, '2018-07-18 00:00:00', 34, 56, 54800, '', 43),
(4713, 61, '2018-07-18 00:00:00', 37, 185, 180700, '', 44),
(4714, 61, '2018-07-18 00:00:00', 38, 116, 110240, '(65)', 45),
(4715, 61, '2018-07-18 00:00:00', 26, 58, 57000, '', 46),
(4716, 61, '2018-07-19 00:00:00', 6, 160, 154600, '', 47),
(4717, 61, '2018-07-19 00:00:00', 1, 40, 39550, '', 48),
(4718, 61, '2018-07-19 00:00:00', 37, 203, 190710, '', 49),
(4719, 61, '2018-07-19 00:00:00', 30, 91, 88950, '', 50),
(4720, 61, '2018-07-19 00:00:00', 38, 105, 99850, '', 51),
(4721, 61, '2018-07-20 00:00:00', 32, 26, 23400, '', 52),
(4722, 61, '2018-07-20 00:00:00', 30, 46, 40800, '', 53),
(4723, 61, '2018-07-20 00:00:00', 34, 13, 11550, '', 54),
(4724, 61, '2018-07-21 00:00:00', 30, 65, 57650, '', 55),
(4725, 61, '2018-07-21 00:00:00', 38, 5, 4170, '', 56),
(4726, 61, '2018-07-22 00:00:00', 6, 29, 25600, '', 57),
(4727, 61, '2018-07-22 00:00:00', 10, 3, 2600, '', 58),
(4728, 61, '2018-07-23 00:00:00', 6, 4, 1800, '', 59),
(4729, 61, '2018-07-25 00:00:00', 37, 150, 139250, '', 60),
(4730, 61, '2018-07-25 00:00:00', 6, 124, 115700, '(73)', 61),
(4731, 61, '2018-07-25 00:00:00', 34, 16, 15700, '', 62),
(4732, 61, '2018-07-25 00:00:00', 26, 24, 23540, '', 63),
(4733, 61, '2018-07-26 00:00:00', 6, 59, 52850, '(74)', 64),
(4748, 54, '2018-07-11 00:00:00', 80, 10, 14100, '', 1),
(4749, 54, '2018-07-12 00:00:00', 83, 25, 24000, '', 2),
(4750, 54, '2018-07-12 00:00:00', 79, 40, 24300, '', 3),
(4751, 54, '2018-07-12 00:00:00', 77, 15, 13050, '', 4),
(4752, 54, '2018-07-12 00:00:00', 76, 10, 6100, '', 5),
(4753, 54, '2018-07-12 00:00:00', 75, 15, 8250, '', 6),
(4754, 54, '2018-07-12 00:00:00', 17, 73, 54560, '(37)', 7),
(4755, 64, '2018-08-06 00:00:00', 11, 1, 1000, '', 1),
(4756, 64, '2018-08-06 00:00:00', 21, 32, 38790, '', 2),
(4757, 64, '2018-08-06 00:00:00', 18, 11, 12600, '', 3),
(4758, 64, '2018-08-06 00:00:00', 8, 4, 4250, '', 4);
INSERT INTO `tblsales_voucher_item` (`id_sales_voucher_item`, `id_purchase_voucher`, `date`, `id_customer`, `box`, `amount`, `remarks`, `sl_no`) VALUES
(4759, 64, '2018-08-06 00:00:00', 19, 5, 5800, '', 5),
(4760, 64, '2018-08-06 00:00:00', 12, 21, 22250, '', 6),
(4761, 64, '2018-08-06 00:00:00', 9, 19, 23450, '', 7),
(4762, 64, '2018-08-06 00:00:00', 1, 20, 20950, '', 8),
(4763, 64, '2018-08-06 00:00:00', 3, 17, 18150, '', 9),
(4764, 64, '2018-08-06 00:00:00', 37, 20, 33020, '', 10),
(4765, 64, '2018-08-06 00:00:00', 38, 20, 31760, '', 11),
(4766, 64, '2018-08-06 00:00:00', 108, 20, 29150, '', 12),
(4767, 64, '2018-08-07 00:00:00', 10, 3, 3200, '', 13),
(4768, 65, '2018-08-08 00:00:00', 26, 195, 522560, '', 1),
(4769, 66, '2018-08-10 00:00:00', 25, 27, 79300, '', 1),
(4770, 66, '2018-08-10 00:00:00', 22, 18, 52700, '', 2),
(4771, 66, '2018-08-10 00:00:00', 4, 20, 58600, '(1)', 3),
(4772, 66, '2018-08-10 00:00:00', 10, 24, 71200, '', 4),
(4773, 66, '2018-08-10 00:00:00', 9, 14, 40950, '', 5),
(4774, 66, '2018-08-11 00:00:00', 6, 2, 5150, '', 6),
(4775, 66, '2018-08-11 00:00:00', 25, 5, 12400, '', 7),
(4776, 66, '2018-08-11 00:00:00', 22, 34, 84730, '', 8),
(4777, 66, '2018-08-11 00:00:00', 37, 18, 44620, '', 9),
(4778, 66, '2018-08-11 00:00:00', 5, 12, 29900, '', 10),
(4779, 66, '2018-08-12 00:00:00', 13, 9, 19800, '', 11),
(4780, 67, '2018-08-14 00:00:00', 37, 20, 44720, '', 1),
(4781, 67, '2018-08-14 00:00:00', 38, 20, 40560, '(67)', 2),
(4782, 67, '2018-08-14 00:00:00', 25, 15, 33350, '', 3),
(4783, 67, '2018-08-14 00:00:00', 32, 59, 129630, '', 4),
(4784, 67, '2018-08-14 00:00:00', 30, 6, 13280, '', 5),
(4785, 67, '2018-08-14 00:00:00', 6, 36, 78800, '(75)', 6),
(4786, 67, '2018-08-14 00:00:00', 5, 9, 21600, '', 7),
(4787, 67, '2018-08-14 00:00:00', 27, 35, 81000, '', 8),
(4788, 68, '2018-08-17 00:00:00', 10, 9, 12100, '', 1),
(4789, 68, '2018-08-17 00:00:00', 9, 51, 63400, '', 2),
(4790, 68, '2018-08-17 00:00:00', 12, 135, 182250, '', 3),
(4791, 69, '2018-08-21 00:00:00', 22, 47, 165370, '', 1),
(4792, 69, '2018-08-21 00:00:00', 12, 56, 186400, '', 2),
(4793, 69, '2018-08-21 00:00:00', 10, 11, 36500, '', 3),
(4794, 69, '2018-08-21 00:00:00', 25, 6, 19200, '', 4),
(4795, 69, '2018-08-21 00:00:00', 37, 3, 9000, '', 5),
(4796, 69, '2018-08-21 00:00:00', 100, 1, 3200, '', 6),
(4797, 69, '2018-08-21 00:00:00', 109, 10, 37000, '', 7),
(4798, 69, '2018-08-22 00:00:00', 6, 5, 12800, '', 8),
(4799, 69, '2018-08-22 00:00:00', 5, 10, 26700, '', 9),
(4800, 69, '2018-08-22 00:00:00', 3, 3, 6680, '', 10),
(4801, 69, '2018-08-22 00:00:00', 25, 22, 54650, '', 11),
(4802, 71, '2018-09-02 00:00:00', 63, 195, 224250, '', 1),
(4803, 72, '2018-09-02 00:00:00', 1, 30, 35200, '', 1),
(4804, 72, '2018-09-02 00:00:00', 19, 53, 58700, '', 2),
(4816, 74, '2018-09-04 00:00:00', 19, 12, 17000, '', 1),
(4817, 74, '2018-09-04 00:00:00', 12, 97, 139650, '', 2),
(4834, 77, '2018-09-07 00:00:00', 19, 10, 10400, '', 1),
(4835, 77, '2018-09-08 00:00:00', 63, 200, 194000, '', 2),
(4854, 78, '2018-09-08 00:00:00', 30, 65, 61960, '', 1),
(4855, 78, '2018-09-08 00:00:00', 20, 12, 10650, '', 2),
(4856, 78, '2018-09-08 00:00:00', 19, 28, 24900, '', 3),
(4857, 78, '2018-09-09 00:00:00', 65, 200, 301000, '', 4),
(4858, 76, '2018-09-06 00:00:00', 75, 25, 19350, '', 1),
(4859, 76, '2018-09-06 00:00:00', 17, 51, 33390, '(38)', 2),
(4860, 76, '2018-09-06 00:00:00', 12, 29, 24300, '', 3),
(4861, 76, '2018-09-06 00:00:00', 18, 5, 4000, '', 4),
(4862, 76, '2018-09-06 00:00:00', 20, 15, 13200, '', 5),
(4863, 76, '2018-09-06 00:00:00', 10, 20, 15100, '', 6),
(4864, 76, '2018-09-07 00:00:00', 10, 11, 5700, '', 7),
(4865, 76, '2018-09-07 00:00:00', 9, 2, 900, '', 8),
(4866, 76, '2018-09-07 00:00:00', 19, 2, 1400, '', 9),
(4867, 76, '2018-09-08 00:00:00', 20, 5, 3550, '', 10),
(4868, 73, '2018-09-03 00:00:00', 83, 6, 7950, '', 1),
(4869, 73, '2018-09-03 00:00:00', 78, 8, 8400, '', 2),
(4870, 73, '2018-09-03 00:00:00', 79, 15, 0, '', 3),
(4871, 73, '2018-09-03 00:00:00', 9, 20, 21350, '', 4),
(4872, 73, '2018-09-03 00:00:00', 10, 12, 12900, '', 5),
(4873, 73, '2018-09-03 00:00:00', 19, 2, 2400, '', 6),
(4874, 73, '2018-09-03 00:00:00', 1, 20, 17100, '', 7),
(4875, 73, '2018-09-03 00:00:00', 3, 10, 8000, '', 8),
(4876, 73, '2018-09-03 00:00:00', 6, 54, 65600, '', 9),
(4877, 73, '2018-09-03 00:00:00', 5, 12, 0, '', 10),
(4878, 73, '2018-09-04 00:00:00', 6, 29, 29300, '', 11),
(4879, 70, '2018-08-27 00:00:00', 10, 33, 44500, '', 1),
(4880, 70, '2018-08-27 00:00:00', 27, 40, 74800, '', 2),
(4881, 70, '2018-08-27 00:00:00', 9, 27, 37050, '', 3),
(4882, 70, '2018-08-28 00:00:00', 6, 38, 46650, '', 4),
(4883, 70, '2018-08-28 00:00:00', 27, 27, 33700, '', 5),
(4884, 75, '2018-09-05 00:00:00', 19, 16, 19400, '', 1),
(4885, 75, '2018-09-05 00:00:00', 18, 32, 34200, '', 2),
(4886, 75, '2018-09-05 00:00:00', 32, 45, 55350, '', 3),
(4887, 75, '2018-09-05 00:00:00', 6, 5, 0, '', 4),
(4888, 75, '2018-09-05 00:00:00', 34, 5, 6600, '', 5),
(4889, 75, '2018-09-06 00:00:00', 30, 79, 68970, '', 6);

-- --------------------------------------------------------

--
-- Table structure for table `tblsales_voucher_item_dt`
--

CREATE TABLE `tblsales_voucher_item_dt` (
  `id_sales_voucher_item_dt` int(11) NOT NULL,
  `voucher_no` int(11) DEFAULT NULL,
  `date` date DEFAULT NULL,
  `id_customer` int(11) DEFAULT NULL,
  `payable` double DEFAULT NULL,
  `gross` double DEFAULT NULL,
  `commission_percent` double DEFAULT NULL,
  `deporit_percent` double DEFAULT NULL,
  `advance` double DEFAULT NULL,
  `commission` double DEFAULT '0',
  `deposit` double DEFAULT '0',
  `labour` double DEFAULT '0',
  `unloading` double DEFAULT '0',
  `van_rent` double DEFAULT '0',
  `liner` double DEFAULT '0',
  `ice_expense` double DEFAULT '0',
  `other` double DEFAULT '0',
  `vehicle_no` varchar(200) DEFAULT NULL,
  `narration` varchar(250) DEFAULT NULL,
  `cutting_no` int(11) DEFAULT NULL,
  `_old_balance` double DEFAULT NULL,
  `add_exp` double DEFAULT NULL,
  `crossing` double DEFAULT NULL,
  `id_purchase_voucher` int(11) DEFAULT NULL,
  `sl_no` int(11) DEFAULT NULL
) ENGINE=InnoDB DEFAULT CHARSET=utf8;

-- --------------------------------------------------------

--
-- Table structure for table `tblsales_voucher_item_dt_items`
--

CREATE TABLE `tblsales_voucher_item_dt_items` (
  `id_sales_voucher_item_dt_items` int(11) NOT NULL,
  `id_item` int(11) NOT NULL,
  `quantity` int(11) NOT NULL,
  `kg` double NOT NULL,
  `unit_price` double NOT NULL,
  `is_loose` int(11) NOT NULL,
  `remarks` varchar(500) NOT NULL,
  `box_type` varchar(50) NOT NULL,
  `id_sales_voucher_item_dt` int(11) NOT NULL
) ENGINE=InnoDB DEFAULT CHARSET=utf8;

-- --------------------------------------------------------

--
-- Table structure for table `tblstock`
--

CREATE TABLE `tblstock` (
  `id_stock` int(11) NOT NULL,
  `date` date NOT NULL,
  `id_item` int(11) NOT NULL,
  `id_supplier` int(11) NOT NULL,
  `box` int(11) NOT NULL,
  `kg` int(11) NOT NULL,
  `rate` double NOT NULL,
  `type` int(11) DEFAULT NULL
) ENGINE=InnoDB DEFAULT CHARSET=latin1;

-- --------------------------------------------------------

--
-- Table structure for table `tblsupplier`
--

CREATE TABLE `tblsupplier` (
  `id_supplier` int(11) NOT NULL,
  `code` varchar(100) DEFAULT '',
  `name` varchar(100) NOT NULL,
  `address` varchar(100) NOT NULL,
  `place` varchar(100) NOT NULL,
  `phone` varchar(100) NOT NULL,
  `commission` double DEFAULT NULL,
  `deposite` double DEFAULT NULL,
  `advance` double DEFAULT NULL,
  `opening_advance` double DEFAULT NULL,
  `opening_balance` double NOT NULL,
  `opening_box_balance` double DEFAULT NULL,
  `opening_deposit` double DEFAULT NULL
) ENGINE=InnoDB DEFAULT CHARSET=latin1;

--
-- Dumping data for table `tblsupplier`
--

INSERT INTO `tblsupplier` (`id_supplier`, `code`, `name`, `address`, `place`, `phone`, `commission`, `deposite`, `advance`, `opening_advance`, `opening_balance`, `opening_box_balance`, `opening_deposit`) VALUES
(1, NULL, 'BAITHOOL GOA', '', 'GOA', '', 0, 0, 0, 0, 8253005, NULL, 0),
(2, NULL, 'SODA MALPE', '', 'MALPE', '', 0, 0, 0, 0, 912535, NULL, 0),
(3, NULL, 'KHALID PAZHAYANGADY', '', 'PAZHAYANGADY', '', 0, 0, 0, 0, 2000, NULL, 0),
(4, NULL, 'ASHARAF MANGLORE', '', 'MANGLORE', '', 0, 0, 0, 0, 95220, NULL, 0),
(5, NULL, 'KMH TYRE', '', 'KAKKAZHOM', '', 0, 0, 0, 0, 47240, NULL, 0),
(6, NULL, 'CHANGANACHERRY MANOJ', '', '', '', 0, 0, 0, 0, 17000, NULL, 0),
(7, NULL, 'KNH', '', 'PURAKKAD', '', 0, 0, 0, 0, 0, NULL, 0),
(8, NULL, 'SARA ICE FACTORY', '', 'KAROOR', '', 0, 0, 0, 0, 12400, NULL, 0),
(9, NULL, 'BOX RENT', '', '', '', 0, 0, 0, 0, 82000, NULL, 0),
(10, NULL, 'KNH HAROON', '', '', '', 0, 0, 0, 0, 0, NULL, 0),
(11, NULL, 'CTM PAIPPAD', '', '', '', 0, 0, 0, 0, -80800, NULL, 0),
(12, NULL, 'SG T. PATTANAM', '', '', '', 0, 0, 0, 0, 2617600, NULL, 0),
(13, NULL, 'UNAIZ PAIPPAD', '', '', '', 0, 0, 0, 0, 0, NULL, 0),
(14, NULL, 'SN. KAVALA SBR', '', '', '', 0, 0, 0, 0, -10000, NULL, 0),
(15, NULL, 'CHANDRAPPADY RAJKUMAR', '\n', '', '', 0, 0, 0, 0, 23376, NULL, 0),
(16, NULL, 'RV SEA FOODS KARAIKAL', '', '', '', 0, 0, 0, 0, -5000, NULL, 0),
(17, NULL, 'GABY\'S FUELS', '', '', '', 0, 0, 0, 0, 45500, NULL, 0),
(18, NULL, 'NSM THIRUMALLAIVASAL', '', '', '', 0, 0, 0, 0, 0, NULL, 0),
(19, NULL, 'ASS MARAKKANAM', '', '', '', 0, 0, 0, 0, 0, NULL, 0),
(20, NULL, 'ANSIL OMAN MATHI', '', '', '', 0, 0, 0, 0, 0, NULL, 0),
(21, NULL, 'RS MARTHANDAM', '', '', '', 0, 0, 0, 0, 0, NULL, 0),
(22, NULL, 'THARAMGAMPADY MANIMARAN', '', '', '', 0, 0, 0, 0, 0, NULL, 0),
(23, NULL, 'ESM KAMESHWARAM', '', '', '', 0, 0, 0, 0, 0, NULL, 0),
(24, NULL, 'CHANDRAPPADY RC', '', '', '', 0, 0, 0, 0, 0, NULL, 0),
(25, NULL, 'GANESHAN AYIRAMTHENG', '', '', '', 0, 0, 0, 0, 0, NULL, 0),
(26, NULL, 'UDAYAN NEENDAKARA', '', '', '', 0, 0, 0, 0, 0, NULL, 0);

--
-- Indexes for dumped tables
--

--
-- Indexes for table `ledger_group`
--
ALTER TABLE `ledger_group`
  ADD PRIMARY KEY (`id_ledger_group`);

--
-- Indexes for table `tblaccount_head`
--
ALTER TABLE `tblaccount_head`
  ADD PRIMARY KEY (`id_account_head`);

--
-- Indexes for table `tblaccount_voucher`
--
ALTER TABLE `tblaccount_voucher`
  ADD PRIMARY KEY (`id_account_voucher`);

--
-- Indexes for table `tblaccount_voucher_item`
--
ALTER TABLE `tblaccount_voucher_item`
  ADD PRIMARY KEY (`id_account_voucher_item`);

--
-- Indexes for table `tblbox_detail`
--
ALTER TABLE `tblbox_detail`
  ADD PRIMARY KEY (`id_box_detail`);

--
-- Indexes for table `tblbox_payment`
--
ALTER TABLE `tblbox_payment`
  ADD PRIMARY KEY (`id_box_payment`);

--
-- Indexes for table `tblbox_payment_item`
--
ALTER TABLE `tblbox_payment_item`
  ADD PRIMARY KEY (`id_box_payment_item`);

--
-- Indexes for table `tblbox_purchase_voucher`
--
ALTER TABLE `tblbox_purchase_voucher`
  ADD PRIMARY KEY (`id_box_purchase_voucher`);

--
-- Indexes for table `tblbox_purchase_voucher_item`
--
ALTER TABLE `tblbox_purchase_voucher_item`
  ADD PRIMARY KEY (`id_box_purchase_voucher_item`);

--
-- Indexes for table `tblbox_receipt`
--
ALTER TABLE `tblbox_receipt`
  ADD PRIMARY KEY (`id_box_receipt`);

--
-- Indexes for table `tblbox_receipt2`
--
ALTER TABLE `tblbox_receipt2`
  ADD PRIMARY KEY (`id_box_receipt`);

--
-- Indexes for table `tblbox_receipt2_item`
--
ALTER TABLE `tblbox_receipt2_item`
  ADD PRIMARY KEY (`id_box_receipt_item`);

--
-- Indexes for table `tblbox_receipt_item`
--
ALTER TABLE `tblbox_receipt_item`
  ADD PRIMARY KEY (`id_box_receipt_item`);

--
-- Indexes for table `tblbox_sales_voucher`
--
ALTER TABLE `tblbox_sales_voucher`
  ADD PRIMARY KEY (`id_box_sales_voucher`);

--
-- Indexes for table `tblbox_sales_voucher_item`
--
ALTER TABLE `tblbox_sales_voucher_item`
  ADD PRIMARY KEY (`id_box_sales_voucher_item`);

--
-- Indexes for table `tblcompany`
--
ALTER TABLE `tblcompany`
  ADD PRIMARY KEY (`id_company`);

--
-- Indexes for table `tblcustomer`
--
ALTER TABLE `tblcustomer`
  ADD PRIMARY KEY (`id_customer`);

--
-- Indexes for table `tblice_filling`
--
ALTER TABLE `tblice_filling`
  ADD PRIMARY KEY (`id_filling`);

--
-- Indexes for table `tblitem`
--
ALTER TABLE `tblitem`
  ADD PRIMARY KEY (`id_item`);

--
-- Indexes for table `tblopening_box_balance`
--
ALTER TABLE `tblopening_box_balance`
  ADD PRIMARY KEY (`id_box_balance`);

--
-- Indexes for table `tblplant`
--
ALTER TABLE `tblplant`
  ADD PRIMARY KEY (`id_plant`);

--
-- Indexes for table `tblpurchase_expense_item`
--
ALTER TABLE `tblpurchase_expense_item`
  ADD UNIQUE KEY `id_purchase_expense_item` (`id_purchase_expense_item`);

--
-- Indexes for table `tblpurchase_voucher`
--
ALTER TABLE `tblpurchase_voucher`
  ADD PRIMARY KEY (`id_purchase_voucher`);

--
-- Indexes for table `tblpurchase_voucher_item`
--
ALTER TABLE `tblpurchase_voucher_item`
  ADD PRIMARY KEY (`id_purchase_voucher_item`);

--
-- Indexes for table `tblpurchase_voucher_item_dt`
--
ALTER TABLE `tblpurchase_voucher_item_dt`
  ADD UNIQUE KEY `id_purchase_voucher_item_dt` (`id_purchase_voucher_item_dt`);

--
-- Indexes for table `tblsales_voucher_item`
--
ALTER TABLE `tblsales_voucher_item`
  ADD PRIMARY KEY (`id_sales_voucher_item`);

--
-- Indexes for table `tblsales_voucher_item_dt`
--
ALTER TABLE `tblsales_voucher_item_dt`
  ADD PRIMARY KEY (`id_sales_voucher_item_dt`);

--
-- Indexes for table `tblsales_voucher_item_dt_items`
--
ALTER TABLE `tblsales_voucher_item_dt_items`
  ADD PRIMARY KEY (`id_sales_voucher_item_dt_items`);

--
-- Indexes for table `tblstock`
--
ALTER TABLE `tblstock`
  ADD PRIMARY KEY (`id_stock`);

--
-- Indexes for table `tblsupplier`
--
ALTER TABLE `tblsupplier`
  ADD PRIMARY KEY (`id_supplier`);

--
-- AUTO_INCREMENT for dumped tables
--

--
-- AUTO_INCREMENT for table `ledger_group`
--
ALTER TABLE `ledger_group`
  MODIFY `id_ledger_group` int(11) NOT NULL AUTO_INCREMENT, AUTO_INCREMENT=4;

--
-- AUTO_INCREMENT for table `tblaccount_head`
--
ALTER TABLE `tblaccount_head`
  MODIFY `id_account_head` int(11) NOT NULL AUTO_INCREMENT, AUTO_INCREMENT=228;

--
-- AUTO_INCREMENT for table `tblaccount_voucher`
--
ALTER TABLE `tblaccount_voucher`
  MODIFY `id_account_voucher` int(11) NOT NULL AUTO_INCREMENT, AUTO_INCREMENT=14712;

--
-- AUTO_INCREMENT for table `tblaccount_voucher_item`
--
ALTER TABLE `tblaccount_voucher_item`
  MODIFY `id_account_voucher_item` int(11) NOT NULL AUTO_INCREMENT, AUTO_INCREMENT=14712;

--
-- AUTO_INCREMENT for table `tblbox_detail`
--
ALTER TABLE `tblbox_detail`
  MODIFY `id_box_detail` int(11) NOT NULL AUTO_INCREMENT;

--
-- AUTO_INCREMENT for table `tblbox_payment`
--
ALTER TABLE `tblbox_payment`
  MODIFY `id_box_payment` int(11) NOT NULL AUTO_INCREMENT, AUTO_INCREMENT=4;

--
-- AUTO_INCREMENT for table `tblbox_payment_item`
--
ALTER TABLE `tblbox_payment_item`
  MODIFY `id_box_payment_item` int(11) NOT NULL AUTO_INCREMENT, AUTO_INCREMENT=6;

--
-- AUTO_INCREMENT for table `tblbox_purchase_voucher`
--
ALTER TABLE `tblbox_purchase_voucher`
  MODIFY `id_box_purchase_voucher` int(11) NOT NULL AUTO_INCREMENT, AUTO_INCREMENT=3;

--
-- AUTO_INCREMENT for table `tblbox_purchase_voucher_item`
--
ALTER TABLE `tblbox_purchase_voucher_item`
  MODIFY `id_box_purchase_voucher_item` int(11) NOT NULL AUTO_INCREMENT, AUTO_INCREMENT=3;

--
-- AUTO_INCREMENT for table `tblbox_receipt`
--
ALTER TABLE `tblbox_receipt`
  MODIFY `id_box_receipt` int(11) NOT NULL AUTO_INCREMENT, AUTO_INCREMENT=176;

--
-- AUTO_INCREMENT for table `tblbox_receipt2`
--
ALTER TABLE `tblbox_receipt2`
  MODIFY `id_box_receipt` int(11) NOT NULL AUTO_INCREMENT;

--
-- AUTO_INCREMENT for table `tblbox_receipt2_item`
--
ALTER TABLE `tblbox_receipt2_item`
  MODIFY `id_box_receipt_item` int(11) NOT NULL AUTO_INCREMENT;

--
-- AUTO_INCREMENT for table `tblbox_receipt_item`
--
ALTER TABLE `tblbox_receipt_item`
  MODIFY `id_box_receipt_item` int(11) NOT NULL AUTO_INCREMENT, AUTO_INCREMENT=524;

--
-- AUTO_INCREMENT for table `tblbox_sales_voucher`
--
ALTER TABLE `tblbox_sales_voucher`
  MODIFY `id_box_sales_voucher` int(11) NOT NULL AUTO_INCREMENT, AUTO_INCREMENT=189;

--
-- AUTO_INCREMENT for table `tblbox_sales_voucher_item`
--
ALTER TABLE `tblbox_sales_voucher_item`
  MODIFY `id_box_sales_voucher_item` int(11) NOT NULL AUTO_INCREMENT, AUTO_INCREMENT=1130;

--
-- AUTO_INCREMENT for table `tblcompany`
--
ALTER TABLE `tblcompany`
  MODIFY `id_company` int(11) NOT NULL AUTO_INCREMENT, AUTO_INCREMENT=6;

--
-- AUTO_INCREMENT for table `tblcustomer`
--
ALTER TABLE `tblcustomer`
  MODIFY `id_customer` int(11) NOT NULL AUTO_INCREMENT, AUTO_INCREMENT=111;

--
-- AUTO_INCREMENT for table `tblice_filling`
--
ALTER TABLE `tblice_filling`
  MODIFY `id_filling` int(11) NOT NULL AUTO_INCREMENT;

--
-- AUTO_INCREMENT for table `tblitem`
--
ALTER TABLE `tblitem`
  MODIFY `id_item` int(11) NOT NULL AUTO_INCREMENT, AUTO_INCREMENT=23;

--
-- AUTO_INCREMENT for table `tblopening_box_balance`
--
ALTER TABLE `tblopening_box_balance`
  MODIFY `id_box_balance` int(11) NOT NULL AUTO_INCREMENT;

--
-- AUTO_INCREMENT for table `tblplant`
--
ALTER TABLE `tblplant`
  MODIFY `id_plant` int(11) NOT NULL AUTO_INCREMENT;

--
-- AUTO_INCREMENT for table `tblpurchase_expense_item`
--
ALTER TABLE `tblpurchase_expense_item`
  MODIFY `id_purchase_expense_item` int(11) NOT NULL AUTO_INCREMENT, AUTO_INCREMENT=10284;

--
-- AUTO_INCREMENT for table `tblpurchase_voucher`
--
ALTER TABLE `tblpurchase_voucher`
  MODIFY `id_purchase_voucher` int(11) NOT NULL AUTO_INCREMENT, AUTO_INCREMENT=79;

--
-- AUTO_INCREMENT for table `tblpurchase_voucher_item`
--
ALTER TABLE `tblpurchase_voucher_item`
  MODIFY `id_purchase_voucher_item` int(11) NOT NULL AUTO_INCREMENT, AUTO_INCREMENT=477;

--
-- AUTO_INCREMENT for table `tblpurchase_voucher_item_dt`
--
ALTER TABLE `tblpurchase_voucher_item_dt`
  MODIFY `id_purchase_voucher_item_dt` int(11) NOT NULL AUTO_INCREMENT;

--
-- AUTO_INCREMENT for table `tblsales_voucher_item`
--
ALTER TABLE `tblsales_voucher_item`
  MODIFY `id_sales_voucher_item` int(11) NOT NULL AUTO_INCREMENT, AUTO_INCREMENT=4890;

--
-- AUTO_INCREMENT for table `tblsales_voucher_item_dt`
--
ALTER TABLE `tblsales_voucher_item_dt`
  MODIFY `id_sales_voucher_item_dt` int(11) NOT NULL AUTO_INCREMENT;

--
-- AUTO_INCREMENT for table `tblsales_voucher_item_dt_items`
--
ALTER TABLE `tblsales_voucher_item_dt_items`
  MODIFY `id_sales_voucher_item_dt_items` int(11) NOT NULL AUTO_INCREMENT;

--
-- AUTO_INCREMENT for table `tblstock`
--
ALTER TABLE `tblstock`
  MODIFY `id_stock` int(11) NOT NULL AUTO_INCREMENT;

--
-- AUTO_INCREMENT for table `tblsupplier`
--
ALTER TABLE `tblsupplier`
  MODIFY `id_supplier` int(11) NOT NULL AUTO_INCREMENT, AUTO_INCREMENT=27;
COMMIT;

/*!40101 SET CHARACTER_SET_CLIENT=@OLD_CHARACTER_SET_CLIENT */;
/*!40101 SET CHARACTER_SET_RESULTS=@OLD_CHARACTER_SET_RESULTS */;
/*!40101 SET COLLATION_CONNECTION=@OLD_COLLATION_CONNECTION */;
